T4FA8 000:001.552   SEGGER J-Link V8.10a Log File
T4FA8 000:001.812   DLL Compiled: Oct  2 2024 14:12:12
T4FA8 000:001.843   Logging started @ 2025-05-26 08:51
T4FA8 000:001.870   Process: C:\Users\a5134593\.eclipse\com.renesas.platform_301333723\DebugComp\RZ\e2-server-gdb.exe
T4FA8 000:001.896 - 1.894ms
T4FA8 000:001.935 JLINK_GetDLLVersion()
T4FA8 000:001.969 - 0.035ms returns 81001
T4FA8 000:002.946 JLINK_OpenEx(...)
T4FA8 000:015.061   Firmware: J-Link OB-RA4M2-Full compiled Feb 20 2025 16:35:05
T4FA8 000:015.931   Firmware: J-Link OB-RA4M2-Full compiled Feb 20 2025 16:35:05
T4FA8 000:029.276   Hardware: V1.00
T4FA8 000:029.343   S/N: 1120001286
T4FA8 000:029.369   OEM: SEGGER
T4FA8 000:029.396   Feature(s): None
T4FA8 000:030.305   Bootloader: 2023 Apr 26
T4FA8 000:030.769   USB speed mode: Full speed (12 MBit/s)
T4FA8 000:031.212   TELNET listener socket opened on port 19021
T4FA8 000:031.437   WEBSRV WEBSRV_Init(): Starting webserver thread(s)
T4FA8 000:031.677   WEBSRV Webserver running on local port 19080
T4FA8 000:031.959   Looking for J-Link GUI Server exe at: C:\Users\a5134593\.eclipse\com.renesas.platform_301333723\DebugComp\RZ\ARM\Segger_v8.10.1\JLinkGUIServer.exe
T4FA8 000:032.264   Looking for J-Link GUI Server exe at: C:\Program Files (x86)\SEGGER\JLink\\JLinkGUIServer.exe
T4FA8 000:341.718   Failed to connect to J-Link GUI Server.
T4FA8 000:341.786 - 338.833ms returns "O.K."
T4FA8 000:342.033 JLINK_ExecCommand("ProjectFile=C:\work_rza3m\ek-rza3m\guix_demo_widget_types_ek_rza3m/guix_demo_widget_types_ek_rza3m Debug_Flat.jlink", ...). 
T4FA8 000:366.964 - 24.932ms returns 0x00
T4FA8 000:367.409 JLINK_ExecCommand("device=R9A07G066M04", ...). 
T4FA8 000:369.253   Device "R9A07G066M04" selected.
T4FA8 000:371.489 - 4.049ms returns 0x00
T4FA8 000:371.573 JLINK_ExecCommand("SetCPUConnectIDCODE = FFFFFFFFFFFFFFFFFFFFFFFFFFFFFFFF", ...). 
T4FA8 000:371.596 - 0.003ms returns 0x00
T4FA8 000:371.614 JLINK_TIF_GetAvailable(...)
T4FA8 000:371.832 - 0.218ms
T4FA8 000:371.872 JLINK_TIF_Select(JLINKARM_TIF_JTAG)
T4FA8 000:372.797 - 0.924ms returns 0x00
T4FA8 000:372.839 JLINK_SetSpeed(4000)
T4FA8 000:372.957 - 0.120ms
T4FA8 000:372.992 JLINK_SetEndian(ARM_ENDIAN_LITTLE)
T4FA8 000:373.007 - 0.015ms returns 0
T4FA8 000:373.022 JLINK_SetInitRegsOnReset(OFF)
T4FA8 000:373.039 - 0.016ms returns 1
T4FA8 000:373.054 JLINK_SetResetType(JLINKARM_RESET_TYPE_NORMAL)
T4FA8 000:373.070 - 0.015ms returns JLINKARM_RESET_TYPE_NORMAL
T4FA8 000:373.087 JLINK_ExecCommand("EnableFlashBPs", ...). 
T4FA8 000:373.108 - 0.003ms returns 0x00
T4FA8 000:373.127 JLINK_ExecCommand("SetAllowFlashCache = 1", ...). 
T4FA8 000:373.143 - 0.000ms returns 0x01
T4FA8 000:373.159 JLINK_ExecCommand("SetRestartOnClose = 0", ...). 
T4FA8 000:373.176 - 0.001ms returns 0x01
T4FA8 000:373.192 JLINK_EnableSoftBPs(ON)
T4FA8 000:373.207 - 0.014ms
T4FA8 000:373.224 JLINK_Connect()
T4FA8 000:375.120   TotalIRLen = 4, IRPrint = 0x01
T4FA8 000:375.669   JTAG chain detection found 1 devices:
T4FA8 000:375.711    #0 Id: 0x6BA00477, IRLen: 04, CoreSight JTAG-DP
T4FA8 000:377.518   DPv0 detected
T4FA8 000:377.559   Scanning AP map to find all available APs
T4FA8 000:379.323   AP[4]: Stopped AP scan as end of AP map has been reached
T4FA8 000:379.364   AP[0]: APB-AP (IDR: 0x54770002, ADDR: 0x00000000)
T4FA8 000:379.386   AP[1]: AXI-AP (IDR: 0x44770004, ADDR: 0x01000000)
T4FA8 000:379.408   AP[2]: AHB-AP (IDR: 0x84770001, ADDR: 0x02000000)
T4FA8 000:379.435   AP[3]: AHB-AP (IDR: 0x84770001, ADDR: 0x03000000)
T4FA8 000:379.461   Iterating through AP map to find APB-AP to use
T4FA8 000:379.484   AP[0]: APB-AP found
T4FA8 000:379.510   No AP map specified by user. Setting auto-detected AP map.
T4FA8 000:379.534   Core base address and CTI core base address are both not set. Performing autodetection as fallback.
T4FA8 000:380.073   Scanning ROMTbl @ 0x10C00000
T4FA8 000:384.067   [0]Comp[0] @ 0x10C10000: TSG
T4FA8 000:385.692   [0]Comp[1] @ 0x10C20000: TMC
T4FA8 000:387.293   [0]Comp[2] @ 0x10C30000: ETB
T4FA8 000:388.816   [0]Comp[3] @ 0x10C40000: CSTF
T4FA8 000:390.502   [0]Comp[4] @ 0x10C50000: CTI (?)
T4FA8 000:392.227   [0]Comp[5] @ 0x10C60000: CTI (?)
T4FA8 000:393.917   [0]Comp[6] @ 0x10E00000: ROM Table
T4FA8 000:393.962   Scanning ROMTbl @ 0x10E00000
T4FA8 000:398.867   [1]Comp[0] @ 0x10E10000: Cortex-A55
T4FA8 000:400.549   [1]Comp[1] @ 0x10E20000: CSS600-CTI
T4FA8 000:400.589   Core found. Stopped ROM table scan: https://wiki.segger.com/ROMTableScan
T4FA8 000:400.622   Cortex-A55 @ 0x10E10000 (detected)
T4FA8 000:400.645   CoreCTI @ 0x10E20000 (detected)
T4FA8 000:402.026   Debug architecture: ARMv8.2
T4FA8 000:402.075   6 code breakpoints, 4 data breakpoints
T4FA8 000:402.740   Processor features:
T4FA8 000:402.783     EL0 support: AArch64 + AArch32
T4FA8 000:402.804     EL1 support: AArch64 + AArch32
T4FA8 000:402.825     EL2 support: AArch64 + AArch32
T4FA8 000:402.847     EL3 support: AArch64 + AArch32
T4FA8 000:402.869     FPU support: Single + Double + Conversion + single arithmetic
T4FA8 000:403.503   -- Max. mem block: 0x0001D7B0
T4FA8 000:413.468   Current exception level: EL3
T4FA8 000:413.540   Exception level AArch usage:
T4FA8 000:413.573     EL0: AArch64
T4FA8 000:413.606     EL1: AArch64
T4FA8 000:413.637     EL2: AArch64
T4FA8 000:413.667     EL3: AArch64
T4FA8 000:413.703   Non-secure status: Secure
T4FA8 000:414.559   Cache info:
T4FA8 000:414.626     Inner cache boundary: L2
T4FA8 000:414.663     LoU Uniprocessor: 0
T4FA8 000:414.702     LoC: 2
T4FA8 000:414.739     LoU Inner Shareable: 0
T4FA8 000:417.319   I-Cache L1: 32 KB, 128 Sets, 64 Bytes/Line, 4-Way
T4FA8 000:417.400   D-Cache L1: 32 KB, 128 Sets, 64 Bytes/Line, 4-Way
T4FA8 000:417.442   Unified-Cache L2: 256 KB, 256 Sets, 64 Bytes/Line, 16-Way
T4FA8 000:418.369   VMSAv8-64: Supports 48-bit VAs
T4FA8 000:418.474 - 45.248ms returns 0x00
T4FA8 000:418.515 JLINK_Halt()
T4FA8 000:418.543 - 0.028ms returns 0x00
T4FA8 000:418.573 JLINK_IsHalted()
T4FA8 000:418.609 - 0.035ms returns TRUE
T4FA8 000:418.640 JLINK_ResetPullsRESET(ON)
T4FA8 000:418.667 - 0.027ms
T4FA8 000:418.696 JLINK_Reset()
T4FA8 000:418.735   JLINK_GetResetTypeDesc
T4FA8 000:418.764   - 0.028ms
T4FA8 000:418.792   Reset type: NORMAL (https://wiki.segger.com/J-Link_Reset_Strategies)
T4FA8 000:542.031   Reset confused the core.
T4FA8 000:542.980   Disabled core power domain detected.
T4FA8 000:544.857   
  ***** Warning: 
T4FA8 000:544.902   CPU not halted after Reset, halting using Halt request
T4FA8 000:562.748 - 144.050ms
T4FA8 000:562.817 JLINK_IsHalted()
T4FA8 000:562.839 - 0.021ms returns TRUE
T4FA8 000:563.602 JLINK_MeasureCPUSpeed(RAMAddr = 0xFFFFFFFF)
T4FA8 000:563.640 - 0.038ms returns 0
T4FA8 000:563.768 JLINK_ReadRegs_64(NumRegs = 1, Indexes: 
T4FA8 000:563.789   41)
T4FA8 000:563.817    -- CPSR=0x800003CD
T4FA8 000:563.843 - 0.074ms returns 0
T093C 002:922.466 JLINK_BeginDownload(Flags = 0x00000000)
T093C 002:922.658 - 0.193ms
T093C 002:941.850 JLINK_WriteMem(0x20000000, 0xBD0 Bytes, ...)
T093C 002:941.946   Data:  00 88 00 00 FF FF FF FF FF FF FF FF FF FF FF FF ...
T093C 002:942.483   completely In flash
T093C 002:942.580 - 0.730ms returns 0xBD0
T093C 002:943.715 JLINK_WriteMem(0x20000BD0, 0xBC0 Bytes, ...)
T093C 002:943.826   Data:  A1 FF FF 97 F5 FF FF 17 63 01 80 12 F3 FF FF 17 ...
T093C 002:943.919   completely In flash
T093C 002:943.977 - 0.262ms returns 0xBC0
T093C 002:944.751 JLINK_WriteMem(0x20001790, 0xBB0 Bytes, ...)
T093C 002:944.816   Data:  E0 13 40 F9 01 00 80 D2 42 00 00 90 42 20 27 91 ...
T093C 002:944.874   completely In flash
T093C 002:944.927 - 0.176ms returns 0xBB0
T093C 002:945.666 JLINK_WriteMem(0x20002340, 0xBB0 Bytes, ...)
T093C 002:945.719   Data:  01 00 80 52 03 04 40 B9 21 04 00 11 02 84 40 B8 ...
T093C 002:945.778   completely In flash
T093C 002:945.833 - 0.168ms returns 0xBB0
T093C 002:946.598 JLINK_WriteMem(0x20002EF0, 0xBB0 Bytes, ...)
T093C 002:946.650   Data:  01 00 00 B9 20 00 80 52 35 F6 FF 97 81 24 80 D2 ...
T093C 002:946.709   completely In flash
T093C 002:946.764 - 0.166ms returns 0xBB0
T093C 002:948.629 JLINK_WriteMem(0x20003AA0, 0xBB0 Bytes, ...)
T093C 002:948.705   Data:  E1 3F 1F 32 20 20 A2 F2 01 00 00 B9 81 4E 81 D2 ...
T093C 002:948.761   completely In flash
T093C 002:948.816 - 0.187ms returns 0xBB0
T093C 002:949.587 JLINK_WriteMem(0x20004650, 0xBB0 Bytes, ...)
T093C 002:949.675   Data:  20 00 80 52 5E F0 FF 97 74 01 00 36 33 FF FF 35 ...
T093C 002:949.740   completely In flash
T093C 002:949.794 - 0.208ms returns 0xBB0
T093C 002:950.416 JLINK_WriteMem(0x20005200, 0xBB0 Bytes, ...)
T093C 002:950.493   Data:  BF 2A 00 71 40 01 00 54 62 0A 40 F9 E1 03 13 AA ...
T093C 002:950.551   completely In flash
T093C 002:950.606 - 0.190ms returns 0xBB0
T093C 002:951.162 JLINK_WriteMem(0x20005DB0, 0xBE0 Bytes, ...)
T093C 002:951.227   Data:  00 00 00 00 00 00 00 00 00 BA 01 00 00 00 00 00 ...
T093C 002:951.290   completely In flash
T093C 002:951.345 - 0.183ms returns 0xBE0
T093C 002:951.998 JLINK_WriteMem(0x20006990, 0xBE0 Bytes, ...)
T093C 002:952.062   Data:  0C 05 00 00 00 00 00 00 10 05 00 00 FF FF 0F 03 ...
T093C 002:952.116   completely In flash
T093C 002:952.174 - 0.176ms returns 0xBE0
T093C 002:952.763 JLINK_WriteMem(0x20007570, 0xBE0 Bytes, ...)
T093C 002:952.840   Data:  20 74 6F 20 70 75 6C 6C 20 75 70 20 57 50 23 53 ...
T093C 002:952.892   completely In flash
T093C 002:952.940 - 0.177ms returns 0xBE0
T093C 002:953.358 JLINK_WriteMem(0x20008150, 0x8B0 Bytes, ...)
T093C 002:953.416   Data:  00 00 00 00 00 00 00 00 00 00 00 00 00 00 00 00 ...
T093C 002:953.467   completely In flash
T093C 002:953.522 - 0.163ms returns 0x8B0
T093C 003:058.974 JLINK_WriteMem(0x20020000, 0xBE0 Bytes, ...)
T093C 003:059.074   Data:  00 00 20 40 00 00 00 00 FF FF DF BF FF FF FF FF ...
T093C 003:059.132   completely In flash
T093C 003:059.185 - 0.211ms returns 0xBE0
T093C 003:059.831 JLINK_WriteMem(0x20020BE0, 0xBE0 Bytes, ...)
T093C 003:059.947   Data:  00 00 00 00 00 00 00 00 00 00 00 00 00 00 00 00 ...
T093C 003:060.041   completely In flash
T093C 003:060.126 - 0.294ms returns 0xBE0
T093C 003:060.787 JLINK_WriteMem(0x200217C0, 0xBE0 Bytes, ...)
T093C 003:060.838   Data:  1F 20 03 D5 1F 20 03 D5 1F 20 03 D5 1F 20 03 D5 ...
T093C 003:060.876   completely In flash
T093C 003:060.912 - 0.125ms returns 0xBE0
T093C 003:061.310 JLINK_WriteMem(0x200223A0, 0xBE0 Bytes, ...)
T093C 003:061.363   Data:  1F 20 03 D5 1F 20 03 D5 1F 20 03 D5 1F 20 03 D5 ...
T093C 003:061.411   completely In flash
T093C 003:061.457 - 0.147ms returns 0xBE0
T093C 003:061.837 JLINK_WriteMem(0x20022F80, 0xBD0 Bytes, ...)
T093C 003:061.884   Data:  E4 17 BF A9 E6 1F BF A9 E4 03 00 AA E1 8F 1F F8 ...
T093C 003:061.947   completely In flash
T093C 003:061.995 - 0.158ms returns 0xBD0
T093C 003:062.573 JLINK_WriteMem(0x20023B50, 0xBD0 Bytes, ...)
T093C 003:062.681   Data:  41 03 00 54 00 00 00 90 00 EC 44 F9 00 00 40 F9 ...
T093C 003:062.779   completely In flash
T093C 003:062.879 - 0.307ms returns 0xBD0
T093C 003:063.865 JLINK_WriteMem(0x20024720, 0xBC0 Bytes, ...)
T093C 003:063.958   Data:  F3 03 01 AA 20 00 40 B9 1F 0C 00 71 C0 00 00 54 ...
T093C 003:064.054   completely In flash
T093C 003:064.148 - 0.283ms returns 0xBC0
T093C 003:065.104 JLINK_WriteMem(0x200252E0, 0xBB0 Bytes, ...)
T093C 003:065.201   Data:  01 00 80 D2 00 00 00 90 00 DC 40 F9 CD 07 00 94 ...
T093C 003:065.299   completely In flash
T093C 003:065.395 - 0.291ms returns 0xBB0
T093C 003:066.074 JLINK_WriteMem(0x20025E90, 0xBC0 Bytes, ...)
T093C 003:066.158   Data:  A1 0E 40 F9 01 FE FF B4 E0 03 14 AA B9 1E 01 94 ...
T093C 003:066.257   completely In flash
T093C 003:066.353 - 0.279ms returns 0xBC0
T093C 003:067.055 JLINK_WriteMem(0x20026A50, 0xBC0 Bytes, ...)
T093C 003:067.137   Data:  E2 03 15 AA E1 27 40 F9 E0 03 13 AA 60 00 3F D6 ...
T093C 003:067.235   completely In flash
T093C 003:067.330 - 0.275ms returns 0xBC0
T093C 003:068.208 JLINK_WriteMem(0x20027610, 0xBD0 Bytes, ...)
T093C 003:068.292   Data:  00 20 42 F9 13 00 40 F9 01 04 40 F9 E0 03 13 AA ...
T093C 003:068.471   completely In flash
T093C 003:068.581 - 0.372ms returns 0xBD0
T093C 003:069.533 JLINK_WriteMem(0x200281E0, 0xBC0 Bytes, ...)
T093C 003:069.590   Data:  76 FF FF 97 FD 7B C1 A8 C0 03 5F D6 FD 7B BF A9 ...
T093C 003:069.629   completely In flash
T093C 003:069.663 - 0.130ms returns 0xBC0
T093C 003:070.223 JLINK_WriteMem(0x20028DA0, 0xBB0 Bytes, ...)
T093C 003:070.279   Data:  63 00 40 F9 64 24 40 F9 60 24 00 F9 80 20 00 F9 ...
T093C 003:070.321   completely In flash
T093C 003:070.360 - 0.136ms returns 0xBB0
T093C 003:070.874 JLINK_WriteMem(0x20029950, 0xBB0 Bytes, ...)
T093C 003:070.959   Data:  62 E2 00 B9 63 6E 00 F9 65 5E 00 F9 60 2A 41 B9 ...
T093C 003:071.070   completely In flash
T093C 003:071.137 - 0.263ms returns 0xBB0
T093C 003:071.678 JLINK_WriteMem(0x2002A500, 0xBC0 Bytes, ...)
T093C 003:071.763   Data:  21 AC 41 F9 33 58 22 F8 F2 FF FF 17 63 5A 40 B9 ...
T093C 003:071.833   completely In flash
T093C 003:071.897 - 0.220ms returns 0xBC0
T093C 003:072.435 JLINK_WriteMem(0x2002B0C0, 0xBD0 Bytes, ...)
T093C 003:072.516   Data:  FD 7B C1 A8 C0 03 5F D6 80 60 40 F9 40 0C 00 F9 ...
T093C 003:072.586   completely In flash
T093C 003:072.646 - 0.212ms returns 0xBD0
T093C 003:073.177 JLINK_WriteMem(0x2002BC90, 0xBD0 Bytes, ...)
T093C 003:073.258   Data:  00 00 00 90 00 30 46 F9 00 00 40 B9 00 00 01 2A ...
T093C 003:073.321   completely In flash
T093C 003:073.381 - 0.204ms returns 0xBD0
T093C 003:073.904 JLINK_WriteMem(0x2002C860, 0xBD0 Bytes, ...)
T093C 003:073.977   Data:  20 42 3B D5 DF 43 03 D5 01 00 00 90 22 8C 43 F9 ...
T093C 003:074.033   completely In flash
T093C 003:074.087 - 0.184ms returns 0xBD0
T093C 003:074.611 JLINK_WriteMem(0x2002D430, 0xBC0 Bytes, ...)
T093C 003:074.683   Data:  1F 00 01 EB A8 FD FF 54 60 0E 40 F9 1F 00 01 EB ...
T093C 003:074.741   completely In flash
T093C 003:074.796 - 0.185ms returns 0xBC0
T093C 003:075.572 JLINK_WriteMem(0x2002DFF0, 0xBD0 Bytes, ...)
T093C 003:075.660   Data:  00 00 03 2A 00 FC FF 34 80 82 40 79 21 00 00 4B ...
T093C 003:075.754   completely In flash
T093C 003:075.838 - 0.266ms returns 0xBD0
T093C 003:076.434 JLINK_WriteMem(0x2002EBC0, 0xBD0 Bytes, ...)
T093C 003:076.495   Data:  FA FF FF 17 B4 32 00 F9 04 9B 40 F9 E3 03 1A 2A ...
T093C 003:076.543   completely In flash
T093C 003:076.588 - 0.154ms returns 0xBD0
T093C 003:077.557 JLINK_WriteMem(0x2002F790, 0xBA0 Bytes, ...)
T093C 003:077.663   Data:  C0 03 5F D6 83 9A 48 79 63 04 00 51 84 9E 48 79 ...
T093C 003:077.771   completely In flash
T093C 003:077.891 - 0.334ms returns 0xBA0
T093C 003:078.504 JLINK_WriteMem(0x20030330, 0xBD0 Bytes, ...)
T093C 003:078.622   Data:  F0 DB 00 94 A0 F7 FF 35 00 00 80 52 F3 53 41 A9 ...
T093C 003:078.735   completely In flash
T093C 003:078.843 - 0.339ms returns 0xBD0
T093C 003:079.330 JLINK_WriteMem(0x20030F00, 0xBC0 Bytes, ...)
T093C 003:079.396   Data:  63 C1 B6 72 23 7C 23 9B 63 FC 60 D3 23 00 03 0B ...
T093C 003:079.453   completely In flash
T093C 003:079.509 - 0.180ms returns 0xBC0
T093C 003:080.211 JLINK_WriteMem(0x20031AC0, 0xBA0 Bytes, ...)
T093C 003:080.278   Data:  E4 03 1A 2A 63 00 00 2A E2 03 17 2A E1 03 13 2A ...
T093C 003:080.353   completely In flash
T093C 003:080.426 - 0.214ms returns 0xBA0
T093C 003:081.029 JLINK_WriteMem(0x20032660, 0xBD0 Bytes, ...)
T093C 003:081.107   Data:  C0 0E C0 79 1F 00 1A 6B 0B 02 00 54 F3 03 1B 2A ...
T093C 003:081.190   completely In flash
T093C 003:081.273 - 0.244ms returns 0xBD0
T093C 003:083.031 JLINK_WriteMem(0x20033230, 0xBA0 Bytes, ...)
T093C 003:083.111   Data:  1C 98 40 39 9C 19 00 34 F7 63 03 A9 F9 6B 04 A9 ...
T093C 003:083.165   completely In flash
T093C 003:083.214 - 0.182ms returns 0xBA0
T093C 003:083.815 JLINK_WriteMem(0x20033DD0, 0xBA0 Bytes, ...)
T093C 003:083.878   Data:  08 00 00 14 E4 03 1B 2A E2 03 19 2A E1 03 13 2A ...
T093C 003:083.933   completely In flash
T093C 003:083.968 - 0.153ms returns 0xBA0
T093C 003:084.387 JLINK_WriteMem(0x20034970, 0xB80 Bytes, ...)
T093C 003:084.431   Data:  80 0A C0 79 1F 00 13 6B AB FE FF 54 E0 6F 40 B9 ...
T093C 003:084.465   completely In flash
T093C 003:084.546 - 0.159ms returns 0xB80
T093C 003:084.988 JLINK_WriteMem(0x200354F0, 0xB90 Bytes, ...)
T093C 003:085.059   Data:  F8 3F 40 F9 F3 03 1C 2A 20 53 C0 79 00 00 1C 0B ...
T093C 003:085.115   completely In flash
T093C 003:085.173 - 0.184ms returns 0xB90
T093C 003:085.622 JLINK_WriteMem(0x20036080, 0xBC0 Bytes, ...)
T093C 003:085.675   Data:  E1 FF FF 17 7C 50 C0 79 7A 54 C0 79 21 00 05 0B ...
T093C 003:085.715   completely In flash
T093C 003:085.753 - 0.130ms returns 0xBC0
T093C 003:086.284 JLINK_WriteMem(0x20036C40, 0xBD0 Bytes, ...)
T093C 003:086.330   Data:  78 00 01 6B 18 57 98 5A 97 00 02 6B F7 56 97 5A ...
T093C 003:086.366   completely In flash
T093C 003:086.401 - 0.117ms returns 0xBD0
T093C 003:087.019 JLINK_WriteMem(0x20037810, 0xB90 Bytes, ...)
T093C 003:087.068   Data:  60 06 00 79 E0 E3 C0 79 60 0A 00 79 E0 E7 C0 79 ...
T093C 003:087.113   completely In flash
T093C 003:087.157 - 0.137ms returns 0xB90
T093C 003:087.648 JLINK_WriteMem(0x200383A0, 0xBA0 Bytes, ...)
T093C 003:087.684   Data:  81 02 00 1B 22 00 01 0B 00 03 18 0B 00 04 00 51 ...
T093C 003:087.730   completely In flash
T093C 003:087.774 - 0.126ms returns 0xBA0
T093C 003:088.229 JLINK_WriteMem(0x20038F40, 0xBA0 Bytes, ...)
T093C 003:088.260   Data:  00 0C D5 9A F6 03 00 2A E4 1F 80 52 84 00 00 4B ...
T093C 003:088.296   completely In flash
T093C 003:088.331 - 0.102ms returns 0xBA0
T093C 003:088.818 JLINK_WriteMem(0x20039AE0, 0xB80 Bytes, ...)
T093C 003:088.852   Data:  E4 F3 41 39 E3 6F 40 B9 E2 03 17 2A E1 03 14 2A ...
T093C 003:088.887   completely In flash
T093C 003:088.937 - 0.119ms returns 0xB80
T093C 003:089.471 JLINK_WriteMem(0x2003A660, 0xB70 Bytes, ...)
T093C 003:089.545   Data:  63 79 22 B8 C8 FF FF 17 FF 04 00 71 E2 17 9F 1A ...
T093C 003:089.614   completely In flash
T093C 003:089.676 - 0.204ms returns 0xB70
T093C 003:090.246 JLINK_WriteMem(0x2003B1D0, 0xBA0 Bytes, ...)
T093C 003:090.285   Data:  E2 03 03 2A E3 03 00 2A C1 02 C0 79 3F 00 02 6B ...
T093C 003:090.330   completely In flash
T093C 003:090.382 - 0.135ms returns 0xBA0
T093C 003:090.910 JLINK_WriteMem(0x2003BD70, 0xBA0 Bytes, ...)
T093C 003:090.968   Data:  00 10 B0 72 80 7C 20 9B 00 FC 60 D3 84 00 00 0B ...
T093C 003:091.022   completely In flash
T093C 003:091.070 - 0.160ms returns 0xBA0
T093C 003:091.638 JLINK_WriteMem(0x2003C910, 0xBB0 Bytes, ...)
T093C 003:091.697   Data:  23 78 60 B8 5F 00 03 6B AD 06 00 54 22 78 20 B8 ...
T093C 003:091.755   completely In flash
T093C 003:091.807 - 0.169ms returns 0xBB0
T093C 003:092.351 JLINK_WriteMem(0x2003D4C0, 0xBB0 Bytes, ...)
T093C 003:092.409   Data:  E1 C3 01 91 40 7C 7D 93 23 00 00 8B 21 68 60 B8 ...
T093C 003:092.507   completely In flash
T093C 003:092.556 - 0.205ms returns 0xBB0
T093C 003:093.149 JLINK_WriteMem(0x2003E070, 0xBA0 Bytes, ...)
T093C 003:093.217   Data:  E5 03 14 2A 24 00 80 52 E3 03 15 2A 02 78 62 B8 ...
T093C 003:093.271   completely In flash
T093C 003:093.332 - 0.182ms returns 0xBA0
T093C 003:093.805 JLINK_WriteMem(0x2003EC10, 0xBA0 Bytes, ...)
T093C 003:093.868   Data:  E3 03 17 2A E2 03 16 2A E1 03 15 2A E0 03 14 AA ...
T093C 003:093.928   completely In flash
T093C 003:093.982 - 0.177ms returns 0xBA0
T093C 003:094.509 JLINK_WriteMem(0x2003F7B0, 0xB90 Bytes, ...)
T093C 003:094.581   Data:  10 7E 40 93 10 7E 02 9B E3 7D 40 93 63 C0 0C 9B ...
T093C 003:094.638   completely In flash
T093C 003:094.688 - 0.179ms returns 0xB90
T093C 003:095.318 JLINK_WriteMem(0x20040340, 0xB90 Bytes, ...)
T093C 003:095.384   Data:  24 00 80 52 E3 03 1C 2A 02 78 62 B8 01 78 61 B8 ...
T093C 003:095.438   completely In flash
T093C 003:095.489 - 0.171ms returns 0xB90
T093C 003:095.887 JLINK_WriteMem(0x20040ED0, 0xB80 Bytes, ...)
T093C 003:095.941   Data:  E5 03 16 2A 44 0B 80 52 E3 03 19 2A E2 03 15 2A ...
T093C 003:095.992   completely In flash
T093C 003:096.043 - 0.156ms returns 0xB80
T093C 003:096.441 JLINK_WriteMem(0x20041A50, 0xBA0 Bytes, ...)
T093C 003:096.489   Data:  3A FD FF 34 E1 02 C0 79 3F 00 00 6B 4C 00 00 54 ...
T093C 003:096.617   completely In flash
T093C 003:096.771 - 0.328ms returns 0xBA0
T093C 003:097.659 JLINK_WriteMem(0x200425F0, 0xBA0 Bytes, ...)
T093C 003:097.713   Data:  0A 00 00 14 E4 B3 41 39 E3 83 40 B9 E2 03 16 2A ...
T093C 003:097.752   completely In flash
T093C 003:097.787 - 0.128ms returns 0xBA0
T093C 003:098.369 JLINK_WriteMem(0x20043190, 0xBD0 Bytes, ...)
T093C 003:098.452   Data:  1D 9E 00 94 E1 03 00 AA E0 3B 00 F9 63 96 40 F9 ...
T093C 003:098.524   completely In flash
T093C 003:098.600 - 0.231ms returns 0xBD0
T093C 003:099.172 JLINK_WriteMem(0x20043D60, 0xBC0 Bytes, ...)
T093C 003:099.226   Data:  F5 13 40 F9 FD 7B C4 A8 C0 03 5F D6 02 64 40 B9 ...
T093C 003:099.284   completely In flash
T093C 003:099.337 - 0.164ms returns 0xBC0
T093C 003:099.920 JLINK_WriteMem(0x20044920, 0xBC0 Bytes, ...)
T093C 003:099.980   Data:  E4 1F 40 F9 84 50 40 79 21 00 04 4B 21 3C 00 12 ...
T093C 003:100.032   completely In flash
T093C 003:100.078 - 0.158ms returns 0xBC0
T093C 003:100.679 JLINK_WriteMem(0x200454E0, 0xBB0 Bytes, ...)
T093C 003:100.744   Data:  FE FF FF 17 EA 03 00 AA 02 64 44 F9 00 D4 48 B9 ...
T093C 003:100.811   completely In flash
T093C 003:100.858 - 0.178ms returns 0xBB0
T093C 003:101.458 JLINK_WriteMem(0x20046090, 0xBC0 Bytes, ...)
T093C 003:101.630   Data:  A0 0E D8 1A 20 0C 00 0B A1 7E 16 1B 61 0E 01 0B ...
T093C 003:101.675   completely In flash
T093C 003:101.716 - 0.258ms returns 0xBC0
T093C 003:102.240 JLINK_WriteMem(0x20046C50, 0xBC0 Bytes, ...)
T093C 003:102.298   Data:  E0 1C 00 12 1C 00 00 14 C6 04 00 11 DF 00 0C 6B ...
T093C 003:102.373   completely In flash
T093C 003:102.467 - 0.226ms returns 0xBC0
T093C 003:103.028 JLINK_WriteMem(0x20047810, 0xBA0 Bytes, ...)
T093C 003:103.078   Data:  42 88 43 F9 02 04 00 F9 22 50 C0 79 42 00 02 0B ...
T093C 003:103.137   completely In flash
T093C 003:103.191 - 0.164ms returns 0xBA0
T093C 003:103.723 JLINK_WriteMem(0x200483B0, 0xBD0 Bytes, ...)
T093C 003:103.779   Data:  00 00 80 52 F3 53 41 A9 FD 7B C3 A8 C0 03 5F D6 ...
T093C 003:103.836   completely In flash
T093C 003:103.894 - 0.171ms returns 0xBD0
T093C 003:104.591 JLINK_WriteMem(0x20048F80, 0xBC0 Bytes, ...)
T093C 003:104.648   Data:  FE FF FF 17 00 1C 00 12 21 1C 00 12 42 1C 00 12 ...
T093C 003:104.690   completely In flash
T093C 003:104.728 - 0.137ms returns 0xBC0
T093C 003:105.583 JLINK_WriteMem(0x20049B40, 0xBC0 Bytes, ...)
T093C 003:105.678   Data:  64 0A 40 F9 C2 3E 40 92 61 C0 21 8B 80 C0 20 8B ...
T093C 003:105.745   completely In flash
T093C 003:105.814 - 0.232ms returns 0xBC0
T093C 003:106.577 JLINK_WriteMem(0x2004A700, 0xBB0 Bytes, ...)
T093C 003:106.686   Data:  20 00 00 F9 00 00 80 52 27 00 00 14 00 05 80 52 ...
T093C 003:106.756   completely In flash
T093C 003:106.816 - 0.239ms returns 0xBB0
T093C 003:108.391 JLINK_WriteMem(0x2004B2B0, 0xBD0 Bytes, ...)
T093C 003:108.455   Data:  FF 7F 07 A9 FF 7F 08 A9 FF 7F 09 A9 5D FF FF 17 ...
T093C 003:108.494   completely In flash
T093C 003:108.530 - 0.140ms returns 0xBD0
T093C 003:109.216 JLINK_WriteMem(0x2004BE80, 0xBD0 Bytes, ...)
T093C 003:109.268   Data:  A6 FF FF 17 E2 E3 00 91 C1 02 80 52 E0 03 13 AA ...
T093C 003:109.305   completely In flash
T093C 003:109.339 - 0.124ms returns 0xBD0
T093C 003:109.741 JLINK_WriteMem(0x2004CA50, 0xBC0 Bytes, ...)
T093C 003:109.799   Data:  42 04 00 51 74 E6 40 B9 94 22 22 0B 94 06 00 11 ...
T093C 003:109.875   completely In flash
T093C 003:109.940 - 0.200ms returns 0xBC0
T093C 003:110.492 JLINK_WriteMem(0x2004D610, 0xBC0 Bytes, ...)
T093C 003:110.554   Data:  E0 3F 01 79 19 00 00 14 E0 03 1A 2A 33 8F FF 97 ...
T093C 003:110.624   completely In flash
T093C 003:110.688 - 0.196ms returns 0xBC0
T093C 003:111.477 JLINK_WriteMem(0x2004E1D0, 0xBC0 Bytes, ...)
T093C 003:111.550   Data:  C0 03 5F D6 7F FC 01 71 40 03 00 54 60 60 83 52 ...
T093C 003:111.602   completely In flash
T093C 003:111.651 - 0.174ms returns 0xBC0
T093C 003:112.186 JLINK_WriteMem(0x2004ED90, 0xBC0 Bytes, ...)
T093C 003:112.264   Data:  A1 0E 00 79 00 00 80 52 F3 53 41 A9 F5 5B 42 A9 ...
T093C 003:112.353   completely In flash
T093C 003:112.452 - 0.266ms returns 0xBC0
T093C 003:113.304 JLINK_WriteMem(0x2004F950, 0xBD0 Bytes, ...)
T093C 003:113.360   Data:  01 08 00 B9 33 04 80 52 73 02 15 4B 10 00 00 14 ...
T093C 003:113.414   completely In flash
T093C 003:113.464 - 0.160ms returns 0xBD0
T093C 003:113.955 JLINK_WriteMem(0x20050520, 0xBB0 Bytes, ...)
T093C 003:114.043   Data:  00 00 80 52 C0 03 5F D6 FD 7B BD A9 FD 03 00 91 ...
T093C 003:114.140   completely In flash
T093C 003:114.230 - 0.275ms returns 0xBB0
T093C 003:115.065 JLINK_WriteMem(0x200510D0, 0xBC0 Bytes, ...)
T093C 003:115.169   Data:  01 00 A2 52 E0 03 13 AA 0F 69 00 94 E1 FF FF 17 ...
T093C 003:115.260   completely In flash
T093C 003:115.349 - 0.283ms returns 0xBC0
T093C 003:116.161 JLINK_WriteMem(0x20051C90, 0xBC0 Bytes, ...)
T093C 003:116.210   Data:  21 1C 40 92 03 03 80 D2 21 08 03 9B 22 0C 40 A9 ...
T093C 003:116.250   completely In flash
T093C 003:116.287 - 0.126ms returns 0xBC0
T093C 003:116.799 JLINK_WriteMem(0x20052850, 0xBC0 Bytes, ...)
T093C 003:116.882   Data:  60 32 00 39 E0 6B 40 B9 E1 5B 40 B9 00 00 01 4B ...
T093C 003:116.978   completely In flash
T093C 003:117.069 - 0.269ms returns 0xBC0
T093C 003:117.710 JLINK_WriteMem(0x20053410, 0xBC0 Bytes, ...)
T093C 003:117.790   Data:  1F 00 00 71 ED 00 00 54 61 88 C0 79 23 00 00 0B ...
T093C 003:117.884   completely In flash
T093C 003:117.978 - 0.268ms returns 0xBC0
T093C 003:118.588 JLINK_WriteMem(0x20053FD0, 0xBD0 Bytes, ...)
T093C 003:118.658   Data:  21 FC 62 93 21 7C 80 4B 42 01 80 52 20 80 02 1B ...
T093C 003:118.715   completely In flash
T093C 003:118.767 - 0.179ms returns 0xBD0
T093C 003:119.478 JLINK_WriteMem(0x20054BA0, 0xBD0 Bytes, ...)
T093C 003:119.570   Data:  21 00 14 4B 21 7C 41 0B 01 04 81 0B E1 77 00 79 ...
T093C 003:119.626   completely In flash
T093C 003:119.669 - 0.191ms returns 0xBD0
T093C 003:120.111 JLINK_WriteMem(0x20055770, 0xBC0 Bytes, ...)
T093C 003:120.168   Data:  00 04 00 11 02 3C 00 12 E0 D3 00 79 C0 20 20 0B ...
T093C 003:120.217   completely In flash
T093C 003:120.270 - 0.159ms returns 0xBC0
T093C 003:120.706 JLINK_WriteMem(0x20056330, 0xBD0 Bytes, ...)
T093C 003:120.766   Data:  F5 FF FF 17 E1 7B C0 79 3F 00 14 6B 6A 02 00 54 ...
T093C 003:120.822   completely In flash
T093C 003:120.893 - 0.187ms returns 0xBD0
T093C 003:121.643 JLINK_WriteMem(0x20056F00, 0xBD0 Bytes, ...)
T093C 003:121.714   Data:  94 3E 00 13 0A 00 00 14 60 E2 00 B9 60 E6 00 B9 ...
T093C 003:121.781   completely In flash
T093C 003:121.847 - 0.204ms returns 0xBD0
T093C 003:122.366 JLINK_WriteMem(0x20057AD0, 0xBD0 Bytes, ...)
T093C 003:122.441   Data:  77 04 00 94 E5 FF FF 17 E1 F3 C0 79 3F 00 16 6B ...
T093C 003:122.533   completely In flash
T093C 003:122.606 - 0.240ms returns 0xBD0
T093C 003:123.287 JLINK_WriteMem(0x200586A0, 0xBD0 Bytes, ...)
T093C 003:123.363   Data:  61 62 40 B9 81 FF E7 37 21 00 11 32 61 62 00 B9 ...
T093C 003:123.451   completely In flash
T093C 003:123.512 - 0.224ms returns 0xBD0
T093C 003:124.078 JLINK_WriteMem(0x20059270, 0xBD0 Bytes, ...)
T093C 003:124.166   Data:  14 00 80 52 EF FF FF 17 00 00 00 90 00 68 40 F9 ...
T093C 003:124.242   completely In flash
T093C 003:124.317 - 0.239ms returns 0xBD0
T093C 003:125.291 JLINK_WriteMem(0x20059E40, 0xBD0 Bytes, ...)
T093C 003:125.380   Data:  02 00 80 52 E1 83 00 91 00 00 00 90 00 40 46 F9 ...
T093C 003:125.452   completely In flash
T093C 003:125.514 - 0.223ms returns 0xBD0
T093C 003:126.176 JLINK_WriteMem(0x2005AA10, 0xBC0 Bytes, ...)
T093C 003:126.266   Data:  E2 03 03 AA E2 01 00 B4 43 0C 40 F9 44 08 40 F9 ...
T093C 003:126.363   completely In flash
T093C 003:126.460 - 0.284ms returns 0xBC0
T093C 003:126.992 JLINK_WriteMem(0x2005B5D0, 0xBB0 Bytes, ...)
T093C 003:127.072   Data:  63 7C 01 13 62 20 22 0B 42 3C 00 12 42 04 98 4B ...
T093C 003:127.167   completely In flash
T093C 003:127.262 - 0.270ms returns 0xBB0
T093C 003:128.159 JLINK_WriteMem(0x2005C180, 0xBD0 Bytes, ...)
T093C 003:128.216   Data:  E1 FF FF 17 E1 8E C0 79 DF FF FF 17 F3 53 41 A9 ...
T093C 003:128.252   completely In flash
T093C 003:128.298 - 0.139ms returns 0xBD0
T093C 003:128.820 JLINK_WriteMem(0x2005CD50, 0xBA0 Bytes, ...)
T093C 003:128.909   Data:  C0 00 00 B4 01 64 40 B9 21 78 02 12 01 64 00 B9 ...
T093C 003:129.005   completely In flash
T093C 003:129.098 - 0.278ms returns 0xBA0
T093C 003:129.641 JLINK_WriteMem(0x2005D8F0, 0xB90 Bytes, ...)
T093C 003:129.719   Data:  A5 08 00 91 1F 14 00 38 84 04 00 11 9F 00 17 6B ...
T093C 003:129.810   completely In flash
T093C 003:129.882 - 0.241ms returns 0xB90
T093C 003:130.327 JLINK_WriteMem(0x2005E480, 0xBB0 Bytes, ...)
T093C 003:130.385   Data:  42 08 C1 1A 29 09 C1 1A 63 08 C1 1A E4 1F 80 52 ...
T093C 003:130.447   completely In flash
T093C 003:130.506 - 0.179ms returns 0xBB0
T093C 003:130.981 JLINK_WriteMem(0x2005F030, 0xBB0 Bytes, ...)
T093C 003:131.037   Data:  00 00 01 4B 20 03 00 B9 16 57 00 79 13 53 00 79 ...
T093C 003:131.076   completely In flash
T093C 003:131.111 - 0.131ms returns 0xBB0
T093C 003:131.484 JLINK_WriteMem(0x2005FBE0, 0xBB0 Bytes, ...)
T093C 003:131.530   Data:  08 7D 0C 1B 68 7C 08 1B 28 7D 08 1B 31 22 0B 1B ...
T093C 003:131.583   completely In flash
T093C 003:131.632 - 0.148ms returns 0xBB0
T093C 003:132.139 JLINK_WriteMem(0x20060790, 0xBB0 Bytes, ...)
T093C 003:132.214   Data:  A5 04 00 11 BF 00 13 6B 6A 00 00 54 02 00 80 52 ...
T093C 003:132.274   completely In flash
T093C 003:132.328 - 0.188ms returns 0xBB0
T093C 003:132.848 JLINK_WriteMem(0x20061340, 0xB80 Bytes, ...)
T093C 003:132.895   Data:  42 7D 05 53 42 7C 03 1B 22 7D 02 1B 6B 09 09 1B ...
T093C 003:132.938   completely In flash
T093C 003:132.974 - 0.126ms returns 0xB80
T093C 003:134.349 JLINK_WriteMem(0x20061EC0, 0xBB0 Bytes, ...)
T093C 003:134.403   Data:  3F 04 00 31 8B FD FF 54 66 57 C0 79 DF 00 01 6B ...
T093C 003:134.562   completely In flash
T093C 003:134.601 - 0.252ms returns 0xBB0
T093C 003:135.157 JLINK_WriteMem(0x20062A70, 0xBB0 Bytes, ...)
T093C 003:135.248   Data:  40 FB FF 54 21 01 40 39 21 00 03 2A 21 01 00 39 ...
T093C 003:135.337   completely In flash
T093C 003:135.421 - 0.265ms returns 0xBB0
T093C 003:135.976 JLINK_WriteMem(0x20063620, 0xBA0 Bytes, ...)
T093C 003:136.061   Data:  63 04 00 11 7F 00 15 6B 4B FE FF 54 E7 04 00 11 ...
T093C 003:136.151   completely In flash
T093C 003:136.239 - 0.263ms returns 0xBA0
T093C 003:136.829 JLINK_WriteMem(0x200641C0, 0xBC0 Bytes, ...)
T093C 003:136.915   Data:  5F 04 00 31 0B FE FF 54 43 53 C0 79 7F 00 02 6B ...
T093C 003:137.021   completely In flash
T093C 003:137.117 - 0.288ms returns 0xBC0
T093C 003:137.661 JLINK_WriteMem(0x20064D80, 0xBB0 Bytes, ...)
T093C 003:137.742   Data:  FF 02 00 F1 E0 07 9F 1A 3F 00 00 6A 40 06 00 54 ...
T093C 003:137.844   completely In flash
T093C 003:137.936 - 0.274ms returns 0xBB0
T093C 003:138.632 JLINK_WriteMem(0x20065930, 0xBD0 Bytes, ...)
T093C 003:138.700   Data:  01 02 82 52 1F 00 01 6B 81 40 00 54 00 7D 80 52 ...
T093C 003:138.757   completely In flash
T093C 003:138.809 - 0.177ms returns 0xBD0
T093C 003:139.384 JLINK_WriteMem(0x20066500, 0xBD0 Bytes, ...)
T093C 003:139.438   Data:  A0 7E 55 0B 00 7C 01 13 00 3C 40 93 20 0C C0 9A ...
T093C 003:139.476   completely In flash
T093C 003:139.513 - 0.129ms returns 0xBD0
T093C 003:139.921 JLINK_WriteMem(0x200670D0, 0xBB0 Bytes, ...)
T093C 003:139.962   Data:  7D F4 FF 97 0E 00 00 14 80 04 80 52 16 00 00 14 ...
T093C 003:140.003   completely In flash
T093C 003:140.038 - 0.117ms returns 0xBB0
T093C 003:140.872 JLINK_WriteMem(0x20067C80, 0xBD0 Bytes, ...)
T093C 003:140.922   Data:  00 00 02 51 20 0C 00 39 D3 FF FF 17 03 80 BF 12 ...
T093C 003:140.979   completely In flash
T093C 003:141.025 - 0.153ms returns 0xBD0
T093C 003:141.690 JLINK_WriteMem(0x20068850, 0xBC0 Bytes, ...)
T093C 003:141.734   Data:  42 90 01 1B 02 B8 00 B9 A3 03 00 34 41 03 F8 36 ...
T093C 003:141.768   completely In flash
T093C 003:141.804 - 0.114ms returns 0xBC0
T093C 003:142.377 JLINK_WriteMem(0x20069410, 0xBB0 Bytes, ...)
T093C 003:142.425   Data:  E0 FE 2F 36 E0 03 13 AA 7D 06 00 94 F4 FF FF 17 ...
T093C 003:142.465   completely In flash
T093C 003:142.583 - 0.206ms returns 0xBB0
T093C 003:143.222 JLINK_WriteMem(0x20069FC0, 0xBD0 Bytes, ...)
T093C 003:143.276   Data:  E2 E3 00 91 E1 03 14 AA 60 22 01 91 C9 F4 FF 97 ...
T093C 003:143.318   completely In flash
T093C 003:143.352 - 0.131ms returns 0xBD0
T093C 003:143.732 JLINK_WriteMem(0x2006AB90, 0xBB0 Bytes, ...)
T093C 003:143.774   Data:  E2 C3 00 91 61 02 01 91 80 02 01 91 D5 F1 FF 97 ...
T093C 003:143.814   completely In flash
T093C 003:143.860 - 0.128ms returns 0xBB0
T093C 003:144.368 JLINK_WriteMem(0x2006B740, 0xBC0 Bytes, ...)
T093C 003:144.452   Data:  01 54 40 B9 3F 00 13 6B 89 01 00 54 00 14 40 F9 ...
T093C 003:144.835   completely In flash
T093C 003:144.914 - 0.546ms returns 0xBC0
T093C 003:145.479 JLINK_WriteMem(0x2006C300, 0xBD0 Bytes, ...)
T093C 003:145.538   Data:  00 3C 00 13 E1 CC 8C 52 C1 CC AC 72 01 7C 21 9B ...
T093C 003:145.587   completely In flash
T093C 003:145.623 - 0.144ms returns 0xBD0
T093C 003:146.103 JLINK_WriteMem(0x2006CED0, 0xBE0 Bytes, ...)
T093C 003:146.195   Data:  43 00 40 B9 E2 CF 04 32 7F 00 02 6B E3 00 00 54 ...
T093C 003:146.296   completely In flash
T093C 003:146.388 - 0.285ms returns 0xBE0
T093C 003:147.371 JLINK_WriteMem(0x2006DAB0, 0xBD0 Bytes, ...)
T093C 003:147.454   Data:  63 00 40 B9 E3 00 00 34 03 00 00 90 63 7C 44 F9 ...
T093C 003:147.548   completely In flash
T093C 003:147.636 - 0.265ms returns 0xBD0
T093C 003:148.629 JLINK_WriteMem(0x2006E680, 0xBD0 Bytes, ...)
T093C 003:148.709   Data:  C0 02 00 34 73 01 00 B4 60 02 40 F9 A0 00 00 B4 ...
T093C 003:148.774   completely In flash
T093C 003:148.834 - 0.206ms returns 0xBD0
T093C 003:149.463 JLINK_WriteMem(0x2006F250, 0xBD0 Bytes, ...)
T093C 003:149.546   Data:  43 01 00 34 FD 7B BF A9 FD 03 00 91 E4 B5 FF 97 ...
T093C 003:149.642   completely In flash
T093C 003:149.736 - 0.273ms returns 0xBD0
T093C 003:150.498 JLINK_WriteMem(0x2006FE20, 0xBD0 Bytes, ...)
T093C 003:150.579   Data:  FD 7B C1 A8 E0 03 9F D6 41 07 00 58 20 00 40 F9 ...
T093C 003:150.678   completely In flash
T093C 003:150.770 - 0.271ms returns 0xBD0
T093C 003:151.393 JLINK_WriteMem(0x200709F0, 0xBB0 Bytes, ...)
T093C 003:151.476   Data:  C2 FF FF 97 EA FF FF 17 60 0E 40 F9 01 00 00 39 ...
T093C 003:151.568   completely In flash
T093C 003:151.656 - 0.263ms returns 0xBB0
T093C 003:152.142 JLINK_WriteMem(0x200715A0, 0xBD0 Bytes, ...)
T093C 003:152.198   Data:  A0 06 40 B9 00 18 1F 53 61 0E 40 F9 00 00 02 2A ...
T093C 003:152.238   completely In flash
T093C 003:152.273 - 0.132ms returns 0xBD0
T093C 003:152.675 JLINK_WriteMem(0x20072170, 0xBC0 Bytes, ...)
T093C 003:152.708   Data:  FD 7B C1 A8 C0 03 5F D6 A0 F2 DB 40 00 00 00 00 ...
T093C 003:152.746   completely In flash
T093C 003:152.780 - 0.105ms returns 0xBC0
T093C 003:153.198 JLINK_WriteMem(0x20072D30, 0xBC0 Bytes, ...)
T093C 003:153.255   Data:  E2 1F 00 F9 22 0C 40 A9 02 0C 00 A9 21 08 40 F9 ...
T093C 003:153.290   completely In flash
T093C 003:153.325 - 0.126ms returns 0xBC0
T093C 003:153.843 JLINK_WriteMem(0x200738F0, 0xBC0 Bytes, ...)
T093C 003:153.900   Data:  00 00 40 B9 20 00 00 B9 00 00 80 52 C0 03 5F D6 ...
T093C 003:153.996   completely In flash
T093C 003:154.060 - 0.217ms returns 0xBC0
T093C 003:154.725 JLINK_WriteMem(0x200744B0, 0xBA0 Bytes, ...)
T093C 003:154.785   Data:  80 8E 00 B9 9F 96 00 B9 9F 9E 00 B9 9F A6 00 B9 ...
T093C 003:154.827   completely In flash
T093C 003:154.864 - 0.139ms returns 0xBA0
T093C 003:155.311 JLINK_WriteMem(0x20075050, 0xBA0 Bytes, ...)
T093C 003:155.366   Data:  E1 3F 42 39 21 0C 00 51 21 18 1F 53 E0 3B 42 39 ...
T093C 003:155.420   completely In flash
T093C 003:155.472 - 0.161ms returns 0xBA0
T093C 003:155.930 JLINK_WriteMem(0x20075BF0, 0xBD0 Bytes, ...)
T093C 003:155.983   Data:  00 00 1F 32 EC FF FF 17 E2 03 15 AA 81 46 40 39 ...
T093C 003:156.043   completely In flash
T093C 003:156.110 - 0.180ms returns 0xBD0
T093C 003:156.875 JLINK_WriteMem(0x200767C0, 0xBB0 Bytes, ...)
T093C 003:156.933   Data:  60 7C 04 53 63 00 80 D2 63 20 C2 1A 04 01 9C D2 ...
T093C 003:156.972   completely In flash
T093C 003:157.070 - 0.195ms returns 0xBB0
T093C 003:157.544 JLINK_WriteMem(0x20077370, 0xBB0 Bytes, ...)
T093C 003:157.622   Data:  01 08 40 F9 23 13 00 94 FD 7B D1 A8 C0 03 5F D6 ...
T093C 003:157.712   completely In flash
T093C 003:157.796 - 0.252ms returns 0xBB0
T093C 003:158.475 JLINK_WriteMem(0x20077F20, 0xBC0 Bytes, ...)
T093C 003:158.554   Data:  66 00 08 CB 67 D8 00 B2 84 00 25 EA C5 00 27 8A ...
T093C 003:158.646   completely In flash
T093C 003:158.740 - 0.265ms returns 0xBC0
T093C 003:160.257 JLINK_WriteMem(0x20078AE0, 0xBC0 Bytes, ...)
T093C 003:160.305   Data:  86 0E 00 F9 63 6A 22 F8 73 42 00 91 B9 00 00 94 ...
T093C 003:160.340   completely In flash
T093C 003:160.375 - 0.118ms returns 0xBC0
T093C 003:160.968 JLINK_WriteMem(0x200796A0, 0xBB0 Bytes, ...)
T093C 003:161.014   Data:  8D CF FF 54 E2 C3 05 91 E1 03 15 AA E0 03 13 AA ...
T093C 003:161.053   completely In flash
T093C 003:161.087 - 0.119ms returns 0xBB0
T093C 003:161.457 JLINK_WriteMem(0x2007A250, 0xBB0 Bytes, ...)
T093C 003:161.495   Data:  E9 03 1A 2A F7 02 02 4B 60 F3 1F 38 FB 03 02 AA ...
T093C 003:161.533   completely In flash
T093C 003:161.583 - 0.125ms returns 0xBB0
T093C 003:162.027 JLINK_WriteMem(0x2007AE00, 0xBC0 Bytes, ...)
T093C 003:162.087   Data:  FA 90 83 1A 45 00 00 D0 F7 03 1A 2A BB 60 10 91 ...
T093C 003:162.139   completely In flash
T093C 003:162.187 - 0.160ms returns 0xBC0
T093C 003:162.547 JLINK_WriteMem(0x2007B9C0, 0xBC0 Bytes, ...)
T093C 003:162.604   Data:  02 06 80 52 E2 4B 05 39 00 C0 00 11 20 14 00 38 ...
T093C 003:162.646   completely In flash
T093C 003:162.679 - 0.133ms returns 0xBC0
T093C 003:163.030 JLINK_WriteMem(0x2007C580, 0xBB0 Bytes, ...)
T093C 003:163.080   Data:  3F 00 02 6B AA 7B 00 54 E2 8F 4A A9 83 0B 00 A9 ...
T093C 003:163.123   completely In flash
T093C 003:163.232 - 0.200ms returns 0xBB0
T093C 003:163.640 JLINK_WriteMem(0x2007D130, 0xBB0 Bytes, ...)
T093C 003:163.674   Data:  F7 02 19 32 4E FC FF 17 FA 03 09 2A 3F 04 00 71 ...
T093C 003:163.712   completely In flash
T093C 003:163.747 - 0.106ms returns 0xBB0
T093C 003:164.271 JLINK_WriteMem(0x2007DCE0, 0xBC0 Bytes, ...)
T093C 003:164.306   Data:  88 E7 FF 97 E0 7E 40 93 E4 03 06 91 F8 03 00 AA ...
T093C 003:164.340   completely In flash
T093C 003:164.374 - 0.104ms returns 0xBC0
T093C 003:164.862 JLINK_WriteMem(0x2007E8A0, 0xBC0 Bytes, ...)
T093C 003:164.911   Data:  E9 8B 40 B9 EB 9B 40 B9 E2 6B 41 B9 B5 F7 FF 17 ...
T093C 003:164.949   completely In flash
T093C 003:164.985 - 0.123ms returns 0xBC0
T093C 003:165.430 JLINK_WriteMem(0x2007F460, 0xBC0 Bytes, ...)
T093C 003:165.480   Data:  FD 7B C5 A8 C0 03 5F D6 00 0B 40 F9 00 C8 39 CB ...
T093C 003:165.548   completely In flash
T093C 003:165.583 - 0.152ms returns 0xBC0
T093C 003:166.045 JLINK_WriteMem(0x20080020, 0xBC0 Bytes, ...)
T093C 003:166.098   Data:  18 DE FF 97 E0 03 14 2A F3 53 41 A9 FD 7B C3 A8 ...
T093C 003:166.156   completely In flash
T093C 003:166.212 - 0.168ms returns 0xBC0
T093C 003:166.580 JLINK_WriteMem(0x20080BE0, 0xBD0 Bytes, ...)
T093C 003:166.632   Data:  F5 03 00 2A 76 2A 00 F9 F9 7B 00 B9 E0 AB 00 B9 ...
T093C 003:166.669   completely In flash
T093C 003:166.703 - 0.123ms returns 0xBD0
T093C 003:166.981 JLINK_WriteMem(0x200817B0, 0xBD0 Bytes, ...)
T093C 003:167.011   Data:  E0 03 15 AA F5 5B 42 A9 FD 7B C4 A8 C0 03 5F D6 ...
T093C 003:167.046   completely In flash
T093C 003:167.079 - 0.099ms returns 0xBD0
T093C 003:167.559 JLINK_WriteMem(0x20082380, 0xBD0 Bytes, ...)
T093C 003:167.614   Data:  F7 63 43 A9 F9 6B 44 A9 FB 73 45 A9 FD 7B C6 A8 ...
T093C 003:167.672   completely In flash
T093C 003:167.729 - 0.170ms returns 0xBD0
T093C 003:168.147 JLINK_WriteMem(0x20082F50, 0xBE0 Bytes, ...)
T093C 003:168.178   Data:  C0 02 00 F9 80 47 40 B8 00 FA FF 35 55 00 00 B4 ...
T093C 003:168.214   completely In flash
T093C 003:168.262 - 0.115ms returns 0xBE0
T093C 003:168.701 JLINK_WriteMem(0x20083B30, 0xBE0 Bytes, ...)
T093C 003:168.757   Data:  75 5F 31 5F 31 00 00 00 69 63 6F 6E 00 00 00 00 ...
T093C 003:168.894   completely In flash
T093C 003:168.939 - 0.239ms returns 0xBE0
T093C 003:169.320 JLINK_WriteMem(0x20084710, 0xBE0 Bytes, ...)
T093C 003:169.379   Data:  2F 64 61 74 61 2F 6A 65 6E 6B 69 6E 73 2F 77 6F ...
T093C 003:169.428   completely In flash
T093C 003:169.485 - 0.165ms returns 0xBE0
T093C 003:170.094 JLINK_WriteMem(0x200852F0, 0xBD0 Bytes, ...)
T093C 003:170.144   Data:  47 58 5F 50 49 58 45 4C 4D 41 50 5F 42 55 54 54 ...
T093C 003:170.183   completely In flash
T093C 003:170.221 - 0.126ms returns 0xBD0
T093C 003:170.616 JLINK_WriteMem(0x20085EC0, 0xBE0 Bytes, ...)
T093C 003:170.682   Data:  A8 96 86 FF 79 6C 61 FF A8 96 86 FF 79 6C 61 FF ...
T093C 003:170.738   completely In flash
T093C 003:170.794 - 0.178ms returns 0xBE0
T093C 003:171.211 JLINK_WriteMem(0x20086AA0, 0xBE0 Bytes, ...)
T093C 003:171.294   Data:  D2 A9 4F FF E8 B8 4A FF F4 C0 48 FF DC B0 4D FF ...
T093C 003:171.372   completely In flash
T093C 003:171.448 - 0.237ms returns 0xBE0
T093C 003:172.066 JLINK_WriteMem(0x20087680, 0xBD0 Bytes, ...)
T093C 003:172.132   Data:  79 6C 61 FF 79 6C 61 FF 79 6C 61 FF 79 6C 61 F7 ...
T093C 003:172.191   completely In flash
T093C 003:172.245 - 0.179ms returns 0xBD0
T093C 003:172.763 JLINK_WriteMem(0x20088250, 0xBE0 Bytes, ...)
T093C 003:172.818   Data:  C9 BE B4 FF 79 6C 61 FF C9 BE B4 FF 79 6C 61 FF ...
T093C 003:172.869   completely In flash
T093C 003:172.919 - 0.156ms returns 0xBE0
T093C 003:173.430 JLINK_WriteMem(0x20088E30, 0xBE0 Bytes, ...)
T093C 003:173.487   Data:  FF FF FF A0 01 01 01 00 01 01 01 00 FF FF FF 00 ...
T093C 003:173.543   completely In flash
T093C 003:173.594 - 0.164ms returns 0xBE0
T093C 003:174.134 JLINK_WriteMem(0x20089A10, 0xBD0 Bytes, ...)
T093C 003:174.196   Data:  A8 96 86 FF 79 6C 61 FF A8 96 86 FF 7B 6C 60 FF ...
T093C 003:174.249   completely In flash
T093C 003:174.302 - 0.168ms returns 0xBD0
T093C 003:174.833 JLINK_WriteMem(0x2008A5E0, 0xBD0 Bytes, ...)
T093C 003:174.890   Data:  86 76 69 FF 7D 6F 63 FF A8 96 86 FF 79 6C 61 FF ...
T093C 003:174.947   completely In flash
T093C 003:174.994 - 0.160ms returns 0xBD0
T093C 003:175.558 JLINK_WriteMem(0x2008B1B0, 0xBE0 Bytes, ...)
T093C 003:175.642   Data:  83 01 86 02 87 09 82 09 84 05 82 82 82 82 04 82 ...
T093C 003:175.713   completely In flash
T093C 003:175.776 - 0.218ms returns 0xBE0
T093C 003:176.207 JLINK_WriteMem(0x2008BD90, 0xBE0 Bytes, ...)
T093C 003:176.247   Data:  82 01 8A 03 83 87 07 87 82 01 82 88 0E 82 83 11 ...
T093C 003:176.285   completely In flash
T093C 003:176.320 - 0.114ms returns 0xBE0
T093C 003:176.683 JLINK_WriteMem(0x2008C970, 0xBE0 Bytes, ...)
T093C 003:176.730   Data:  01 83 83 83 01 82 0A 83 2C 83 83 03 82 01 82 47 ...
T093C 003:176.766   completely In flash
T093C 003:176.801 - 0.117ms returns 0xBE0
T093C 003:177.268 JLINK_WriteMem(0x2008D550, 0xBE0 Bytes, ...)
T093C 003:177.332   Data:  01 85 05 82 00 83 01 82 7F 18 83 17 06 87 03 84 ...
T093C 003:177.402   completely In flash
T093C 003:177.475 - 0.207ms returns 0xBE0
T093C 003:178.080 JLINK_WriteMem(0x2008E130, 0xBD0 Bytes, ...)
T093C 003:178.153   Data:  87 01 83 0C 82 03 82 07 82 02 83 88 82 01 82 87 ...
T093C 003:178.554   completely In flash
T093C 003:178.653 - 0.573ms returns 0xBD0
T093C 003:179.285 JLINK_WriteMem(0x2008ED00, 0xBD0 Bytes, ...)
T093C 003:179.347   Data:  1F 82 05 82 01 76 82 0A 89 11 82 00 83 0A 82 02 ...
T093C 003:179.404   completely In flash
T093C 003:179.454 - 0.169ms returns 0xBD0
T093C 003:179.905 JLINK_WriteMem(0x2008F8D0, 0xBE0 Bytes, ...)
T093C 003:179.951   Data:  82 04 82 07 82 48 82 10 87 87 00 83 0A 88 11 82 ...
T093C 003:180.006   completely In flash
T093C 003:180.058 - 0.153ms returns 0xBE0
T093C 003:180.580 JLINK_WriteMem(0x200904B0, 0xBD0 Bytes, ...)
T093C 003:180.635   Data:  88 05 82 83 01 87 01 83 01 82 82 0B 83 4B 85 82 ...
T093C 003:180.698   completely In flash
T093C 003:180.751 - 0.170ms returns 0xBD0
T093C 003:181.325 JLINK_WriteMem(0x20091080, 0xBD0 Bytes, ...)
T093C 003:181.378   Data:  88 2F 82 01 82 87 2F 82 6A 01 83 01 85 08 87 83 ...
T093C 003:181.532   completely In flash
T093C 003:181.587 - 0.263ms returns 0xBD0
T093C 003:182.163 JLINK_WriteMem(0x20091C50, 0xBD0 Bytes, ...)
T093C 003:182.239   Data:  82 0E 84 84 02 82 05 82 08 83 3E 82 08 83 17 82 ...
T093C 003:182.299   completely In flash
T093C 003:182.353 - 0.189ms returns 0xBD0
T093C 003:182.903 JLINK_WriteMem(0x20092820, 0xBD0 Bytes, ...)
T093C 003:182.959   Data:  82 83 24 83 03 83 01 87 87 84 82 01 84 05 82 01 ...
T093C 003:183.014   completely In flash
T093C 003:183.064 - 0.161ms returns 0xBD0
T093C 003:183.564 JLINK_WriteMem(0x200933F0, 0xBE0 Bytes, ...)
T093C 003:183.616   Data:  13 82 29 83 04 83 0B 82 09 82 07 82 04 83 03 87 ...
T093C 003:183.675   completely In flash
T093C 003:183.734 - 0.170ms returns 0xBE0
T093C 003:184.258 JLINK_WriteMem(0x20093FD0, 0xBD0 Bytes, ...)
T093C 003:184.315   Data:  82 01 83 01 8F 87 87 01 82 86 82 82 05 87 1B 83 ...
T093C 003:184.379   completely In flash
T093C 003:184.436 - 0.178ms returns 0xBD0
T093C 003:184.967 JLINK_WriteMem(0x20094BA0, 0xBE0 Bytes, ...)
T093C 003:185.045   Data:  83 02 83 14 83 7F 27 8F 07 87 87 87 87 07 89 05 ...
T093C 003:185.106   completely In flash
T093C 003:185.159 - 0.192ms returns 0xBE0
T093C 003:185.706 JLINK_WriteMem(0x20095780, 0xBE0 Bytes, ...)
T093C 003:185.791   Data:  84 82 01 82 22 82 1D 83 0A 82 01 84 00 82 06 83 ...
T093C 003:185.865   completely In flash
T093C 003:185.917 - 0.212ms returns 0xBE0
T093C 003:187.302 JLINK_WriteMem(0x20096360, 0xBD0 Bytes, ...)
T093C 003:187.385   Data:  83 63 84 82 01 82 02 82 04 83 0D 83 01 84 82 01 ...
T093C 003:187.440   completely In flash
T093C 003:187.492 - 0.189ms returns 0xBD0
T093C 003:188.087 JLINK_WriteMem(0x20096F30, 0xBE0 Bytes, ...)
T093C 003:188.153   Data:  1B 82 07 82 82 1D 83 0B 83 0A 82 05 83 21 83 0D ...
T093C 003:188.214   completely In flash
T093C 003:188.267 - 0.181ms returns 0xBE0
T093C 003:188.767 JLINK_WriteMem(0x20097B10, 0xBD0 Bytes, ...)
T093C 003:188.839   Data:  91 52 30 FF 91 52 30 FF 92 52 34 FF 92 53 37 FF ...
T093C 003:188.898   completely In flash
T093C 003:188.952 - 0.185ms returns 0xBD0
T093C 003:189.588 JLINK_WriteMem(0x200986E0, 0xBB0 Bytes, ...)
T093C 003:189.651   Data:  8F 50 2A FF 90 51 2B FF 95 54 2E FF 95 54 2E FF ...
T093C 003:189.708   completely In flash
T093C 003:189.759 - 0.171ms returns 0xBB0
T093C 003:190.330 JLINK_WriteMem(0x20099290, 0xBC0 Bytes, ...)
T093C 003:190.380   Data:  8D 4F 27 FF 8D 4F 27 FF 8E 50 28 FF 8D 4F 27 FF ...
T093C 003:190.434   completely In flash
T093C 003:190.486 - 0.156ms returns 0xBC0
T093C 003:191.071 JLINK_WriteMem(0x20099E50, 0xBC0 Bytes, ...)
T093C 003:191.124   Data:  B0 86 7A FF B0 86 7A FF B1 87 7B FF B1 87 7B FF ...
T093C 003:191.166   completely In flash
T093C 003:191.204 - 0.133ms returns 0xBC0
T093C 003:191.786 JLINK_WriteMem(0x2009AA10, 0xBD0 Bytes, ...)
T093C 003:191.844   Data:  C2 A2 95 FF BF 9F 92 FF BD 9D 90 FF BD 9D 90 FF ...
T093C 003:191.888   completely In flash
T093C 003:191.935 - 0.149ms returns 0xBD0
T093C 003:192.495 JLINK_WriteMem(0x2009B5E0, 0xBB0 Bytes, ...)
T093C 003:192.553   Data:  AF 74 60 FF AB 70 5C FF AC 70 5A FF A8 6C 56 FF ...
T093C 003:192.599   completely In flash
T093C 003:192.634 - 0.138ms returns 0xBB0
T093C 003:193.232 JLINK_WriteMem(0x2009C190, 0xBB0 Bytes, ...)
T093C 003:193.284   Data:  8B 4C 26 FF 8B 4C 26 FF 8D 4D 2A FF 8D 4D 2A FF ...
T093C 003:193.604   completely In flash
T093C 003:193.648 - 0.416ms returns 0xBB0
T093C 003:194.231 JLINK_WriteMem(0x2009CD40, 0xBC0 Bytes, ...)
T093C 003:194.296   Data:  AA 7D 6F FF AA 7D 6F FF AD 80 72 FF AE 81 73 FF ...
T093C 003:194.351   completely In flash
T093C 003:194.402 - 0.171ms returns 0xBC0
T093C 003:194.982 JLINK_WriteMem(0x2009D900, 0xBC0 Bytes, ...)
T093C 003:195.043   Data:  C8 A8 9B FF C7 A7 9A FF C8 A8 9B FF C9 A9 9C FF ...
T093C 003:195.086   completely In flash
T093C 003:195.138 - 0.156ms returns 0xBC0
T093C 003:195.624 JLINK_WriteMem(0x2009E4C0, 0xBD0 Bytes, ...)
T093C 003:195.688   Data:  C3 A1 94 FF C1 9F 92 FF C1 9F 92 FF C2 A0 93 FF ...
T093C 003:195.758   completely In flash
T093C 003:195.816 - 0.192ms returns 0xBD0
T093C 003:196.434 JLINK_WriteMem(0x2009F090, 0xBD0 Bytes, ...)
T093C 003:196.498   Data:  C3 9F 8F FF C3 9F 8F FF C2 9E 8E FF C1 9D 8D FF ...
T093C 003:196.548   completely In flash
T093C 003:196.600 - 0.166ms returns 0xBD0
T093C 003:197.086 JLINK_WriteMem(0x2009FC60, 0xBB0 Bytes, ...)
T093C 003:197.147   Data:  8C 4D 27 FF 89 4B 25 FF 89 4B 25 FF 8A 4C 26 FF ...
T093C 003:197.205   completely In flash
T093C 003:197.256 - 0.170ms returns 0xBB0
T093C 003:197.715 JLINK_WriteMem(0x200A0810, 0xBC0 Bytes, ...)
T093C 003:197.770   Data:  8F 51 29 FF 8D 4F 27 FF 8E 50 28 FF 8E 50 28 FF ...
T093C 003:197.823   completely In flash
T093C 003:197.876 - 0.161ms returns 0xBC0
T093C 003:198.336 JLINK_WriteMem(0x200A13D0, 0xBD0 Bytes, ...)
T093C 003:198.387   Data:  C6 A6 99 FF C5 A5 98 FF C4 A4 97 FF C1 9F 92 FF ...
T093C 003:198.429   completely In flash
T093C 003:198.469 - 0.134ms returns 0xBD0
T093C 003:198.878 JLINK_WriteMem(0x200A1FA0, 0xBC0 Bytes, ...)
T093C 003:198.916   Data:  C1 9E 90 FF BF 9C 8E FF C5 A1 91 FF C4 A0 90 FF ...
T093C 003:198.959   completely In flash
T093C 003:199.001 - 0.123ms returns 0xBC0
T093C 003:199.448 JLINK_WriteMem(0x200A2B60, 0xBC0 Bytes, ...)
T093C 003:199.520   Data:  8D 4F 29 FF 8E 50 2A FF 8E 4F 29 FF 8F 50 2A FF ...
T093C 003:199.578   completely In flash
T093C 003:199.632 - 0.185ms returns 0xBC0
T093C 003:200.134 JLINK_WriteMem(0x200A3720, 0xBC0 Bytes, ...)
T093C 003:200.178   Data:  92 52 29 FF 93 53 2A FF 92 52 29 FF 91 50 29 FF ...
T093C 003:200.216   completely In flash
T093C 003:200.250 - 0.116ms returns 0xBC0
T093C 003:200.892 JLINK_WriteMem(0x200A42E0, 0xBD0 Bytes, ...)
T093C 003:200.962   Data:  C7 A7 9A FF C8 A8 9B FF C6 A6 99 FF C4 A4 97 FF ...
T093C 003:201.019   completely In flash
T093C 003:201.080 - 0.187ms returns 0xBD0
T093C 003:201.842 JLINK_WriteMem(0x200A4EB0, 0xBB0 Bytes, ...)
T093C 003:201.915   Data:  8A 4A 27 FF 8A 4A 27 FF 8B 4B 28 FF 8A 4C 28 FF ...
T093C 003:201.966   completely In flash
T093C 003:202.014 - 0.175ms returns 0xBB0
T093C 003:202.595 JLINK_WriteMem(0x200A5A60, 0xBC0 Bytes, ...)
T093C 003:202.662   Data:  AB 77 67 FF A9 78 6A FF AA 79 6B FF AB 7A 6C FF ...
T093C 003:202.712   completely In flash
T093C 003:202.758 - 0.163ms returns 0xBC0
T093C 003:203.301 JLINK_WriteMem(0x200A6620, 0xBC0 Bytes, ...)
T093C 003:203.366   Data:  C1 9F 92 FF C3 A1 94 FF C4 A2 95 FF C3 A1 94 FF ...
T093C 003:203.402   completely In flash
T093C 003:203.438 - 0.138ms returns 0xBC0
T093C 003:204.015 JLINK_WriteMem(0x200A71E0, 0xBB0 Bytes, ...)
T093C 003:204.070   Data:  8D 4E 28 FF 92 56 2C FF 92 56 2C FF 90 54 2A FF ...
T093C 003:204.126   completely In flash
T093C 003:204.182 - 0.167ms returns 0xBB0
T093C 003:204.863 JLINK_WriteMem(0x200A7D90, 0xBB0 Bytes, ...)
T093C 003:204.936   Data:  90 4F 28 FF 91 50 29 FF 92 51 2A FF 91 50 29 FF ...
T093C 003:204.998   completely In flash
T093C 003:205.055 - 0.192ms returns 0xBB0
T093C 003:205.606 JLINK_WriteMem(0x200A8940, 0xBC0 Bytes, ...)
T093C 003:205.666   Data:  B1 85 78 FF B2 86 79 FF B3 87 7A FF B4 88 7B FF ...
T093C 003:205.721   completely In flash
T093C 003:205.777 - 0.170ms returns 0xBC0
T093C 003:206.316 JLINK_WriteMem(0x200A9500, 0xBB0 Bytes, ...)
T093C 003:206.376   Data:  BE 9C 8C FF BE 9C 8C FF BD 9B 8B FF BD 9B 8B FF ...
T093C 003:206.430   completely In flash
T093C 003:206.479 - 0.163ms returns 0xBB0
T093C 003:206.948 JLINK_WriteMem(0x200AA0B0, 0xBB0 Bytes, ...)
T093C 003:207.017   Data:  89 4B 25 FF 89 4B 25 FF 8A 4C 26 FF 8B 4D 27 FF ...
T093C 003:207.090   completely In flash
T093C 003:207.159 - 0.211ms returns 0xBB0
T093C 003:207.788 JLINK_WriteMem(0x200AAC60, 0xBB0 Bytes, ...)
T093C 003:207.862   Data:  9C 5D 3B FF 95 56 3A FF 91 54 3A FF 91 54 3A FF ...
T093C 003:207.923   completely In flash
T093C 003:207.962 - 0.174ms returns 0xBB0
T093C 003:208.553 JLINK_WriteMem(0x200AB810, 0xBC0 Bytes, ...)
T093C 003:208.624   Data:  C2 A0 93 FF C1 9F 92 FF C1 A0 91 FF C0 9F 90 FF ...
T093C 003:208.702   completely In flash
T093C 003:208.760 - 0.207ms returns 0xBC0
T093C 003:209.353 JLINK_WriteMem(0x200AC3D0, 0xBB0 Bytes, ...)
T093C 003:209.426   Data:  B3 80 6C FF B0 7D 69 FF AD 7A 66 FF B6 7E 6D FF ...
T093C 003:209.482   completely In flash
T093C 003:209.536 - 0.183ms returns 0xBB0
T093C 003:210.126 JLINK_WriteMem(0x200ACF80, 0xBB0 Bytes, ...)
T093C 003:210.184   Data:  90 50 27 FF 8F 4F 26 FF 8E 50 28 FF 8F 51 29 FF ...
T093C 003:210.596   completely In flash
T093C 003:210.660 - 0.534ms returns 0xBB0
T093C 003:211.217 JLINK_WriteMem(0x200ADB30, 0xBC0 Bytes, ...)
T093C 003:211.292   Data:  AF 7E 70 FF AE 7D 6F FF AD 7C 6E FF B0 7F 71 FF ...
T093C 003:211.350   completely In flash
T093C 003:211.402 - 0.193ms returns 0xBC0
T093C 003:211.906 JLINK_WriteMem(0x200AE6F0, 0xBB0 Bytes, ...)
T093C 003:211.965   Data:  C3 A1 94 FF C2 A0 93 FF C1 9F 92 FF C2 A0 93 FF ...
T093C 003:212.019   completely In flash
T093C 003:212.072 - 0.167ms returns 0xBB0
T093C 003:212.654 JLINK_WriteMem(0x200AF2A0, 0xBA0 Bytes, ...)
T093C 003:212.710   Data:  8A 4B 29 FF 8A 4B 29 FF 89 4A 28 FF 8A 4B 29 FF ...
T093C 003:212.766   completely In flash
T093C 003:212.834 - 0.180ms returns 0xBA0
T093C 003:213.971 JLINK_WriteMem(0x200AFE40, 0xBB0 Bytes, ...)
T093C 003:214.029   Data:  90 52 2A FF 91 53 2B FF 90 52 2A FF 8E 50 28 FF ...
T093C 003:214.077   completely In flash
T093C 003:214.116 - 0.145ms returns 0xBB0
T093C 003:216.491 JLINK_WriteMem(0x200B09F0, 0xBB0 Bytes, ...)
T093C 003:216.654   Data:  AC 79 69 FF AE 7B 6B FF AF 7C 6C FF B0 7D 6D FF ...
T093C 003:216.744   completely In flash
T093C 003:216.813 - 0.325ms returns 0xBB0
T093C 003:218.015 JLINK_WriteMem(0x200B15A0, 0xBC0 Bytes, ...)
T093C 003:218.171   Data:  C2 A1 92 FF C1 A0 91 FF C1 A0 91 FF C2 A1 92 FF ...
T093C 003:218.275   completely In flash
T093C 003:218.416 - 0.403ms returns 0xBC0
T093C 003:221.014 JLINK_WriteMem(0x200B2160, 0xBC0 Bytes, ...)
T093C 003:221.181   Data:  98 58 3F FF 92 54 36 FF 92 50 33 FF 90 50 2E FF ...
T093C 003:221.248   completely In flash
T093C 003:221.301 - 0.290ms returns 0xBC0
T093C 003:222.092 JLINK_WriteMem(0x200B2D20, 0xBC0 Bytes, ...)
T093C 003:222.183   Data:  8C 4E 26 FF 8F 51 28 FF 8E 50 27 FF 8E 50 27 FF ...
T093C 003:222.265   completely In flash
T093C 003:222.348 - 0.256ms returns 0xBC0
T093C 003:223.033 JLINK_WriteMem(0x200B38E0, 0xBC0 Bytes, ...)
T093C 003:223.128   Data:  B2 86 79 FF B3 87 7A FF B4 88 7B FF B3 87 7A FF ...
T093C 003:223.230   completely In flash
T093C 003:223.328 - 0.295ms returns 0xBC0
T093C 003:224.456 JLINK_WriteMem(0x200B44A0, 0xBC0 Bytes, ...)
T093C 003:224.536   Data:  BE 9D 8E FF BF 9E 8F FF BF 9E 8F FF C0 9F 90 FF ...
T093C 003:224.602   completely In flash
T093C 003:224.658 - 0.202ms returns 0xBC0
T093C 003:225.131 JLINK_WriteMem(0x200B5060, 0xBB0 Bytes, ...)
T093C 003:225.201   Data:  8A 4D 25 FF 8A 4C 26 FF 8A 4C 26 FF 87 49 25 FF ...
T093C 003:225.267   completely In flash
T093C 003:225.332 - 0.202ms returns 0xBB0
T093C 003:225.867 JLINK_WriteMem(0x200B5C10, 0xBB0 Bytes, ...)
T093C 003:225.945   Data:  92 52 29 FF 91 51 28 FF 92 52 29 FF 93 53 2A FF ...
T093C 003:226.026   completely In flash
T093C 003:226.106 - 0.239ms returns 0xBB0
T093C 003:226.712 JLINK_WriteMem(0x200B67C0, 0xBC0 Bytes, ...)
T093C 003:226.784   Data:  A5 65 42 FF A1 61 3E FF 9D 5D 3B FF 99 59 37 FF ...
T093C 003:226.840   completely In flash
T093C 003:226.895 - 0.183ms returns 0xBC0
T093C 003:227.317 JLINK_WriteMem(0x200B7380, 0xBC0 Bytes, ...)
T093C 003:227.374   Data:  B7 94 86 FF B9 96 88 FF BB 98 8A FF B9 96 88 FF ...
T093C 003:227.431   completely In flash
T093C 003:227.487 - 0.170ms returns 0xBC0
T093C 003:228.001 JLINK_WriteMem(0x200B7F40, 0xBA0 Bytes, ...)
T093C 003:228.074   Data:  BC 98 88 FF B9 95 85 FF BA 96 86 FF BA 96 86 FF ...
T093C 003:228.151   completely In flash
T093C 003:228.226 - 0.225ms returns 0xBA0
T093C 003:228.855 JLINK_WriteMem(0x200B8AE0, 0xBB0 Bytes, ...)
T093C 003:228.943   Data:  8E 50 28 FF 8D 4F 27 FF 8E 50 28 FF 8F 51 29 FF ...
T093C 003:229.065   completely In flash
T093C 003:229.167 - 0.312ms returns 0xBB0
T093C 003:229.851 JLINK_WriteMem(0x200B9690, 0xBC0 Bytes, ...)
T093C 003:229.941   Data:  9B 56 2F FF 9A 55 2E FF 98 53 2C FF 97 52 2B FF ...
T093C 003:230.042   completely In flash
T093C 003:230.136 - 0.285ms returns 0xBC0
T093C 003:230.764 JLINK_WriteMem(0x200BA250, 0xBB0 Bytes, ...)
T093C 003:230.852   Data:  8F 51 2B FF 8E 50 2A FF 8D 4F 29 FF 8B 4D 27 FF ...
T093C 003:230.973   completely In flash
T093C 003:231.060 - 0.297ms returns 0xBB0
T093C 003:231.807 JLINK_WriteMem(0x200BAE00, 0xBC0 Bytes, ...)
T093C 003:231.864   Data:  B7 8A 7C FF B6 89 7B FF B5 88 7A FF B6 89 7C FF ...
T093C 003:231.913   completely In flash
T093C 003:231.958 - 0.151ms returns 0xBC0
T093C 003:232.646 JLINK_WriteMem(0x200BB9C0, 0xBC0 Bytes, ...)
T093C 003:232.705   Data:  C0 9F 90 FF C1 A0 91 FF C1 9F 92 FF C2 A0 93 FF ...
T093C 003:232.749   completely In flash
T093C 003:232.787 - 0.141ms returns 0xBC0
T093C 003:233.258 JLINK_WriteMem(0x200BC580, 0xBC0 Bytes, ...)
T093C 003:233.346   Data:  B6 87 79 FF B4 85 77 FF B5 84 76 FF B1 80 72 FF ...
T093C 003:233.438   completely In flash
T093C 003:233.530 - 0.273ms returns 0xBC0
T093C 003:234.244 JLINK_WriteMem(0x200BD140, 0xBC0 Bytes, ...)
T093C 003:234.332   Data:  9B 56 2E FF 9A 55 2D FF 99 54 2C FF 98 53 2B FF ...
T093C 003:234.425   completely In flash
T093C 003:234.515 - 0.271ms returns 0xBC0
T093C 003:235.238 JLINK_WriteMem(0x200BDD00, 0xBC0 Bytes, ...)
T093C 003:235.334   Data:  AA 6A 52 FF AA 6A 52 FF AB 6B 53 FF AD 6D 55 FF ...
T093C 003:235.427   completely In flash
T093C 003:235.515 - 0.277ms returns 0xBC0
T093C 003:236.146 JLINK_WriteMem(0x200BE8C0, 0xBC0 Bytes, ...)
T093C 003:236.203   Data:  96 5E 4D FF 9C 64 53 FF A3 6D 5C FF AA 74 63 FF ...
T093C 003:236.268   completely In flash
T093C 003:236.326 - 0.179ms returns 0xBC0
T093C 003:236.939 JLINK_WriteMem(0x200BF480, 0xBB0 Bytes, ...)
T093C 003:237.015   Data:  B8 8E 81 FF BC 92 85 FF BD 93 86 FF BB 91 84 FF ...
T093C 003:237.461   completely In flash
T093C 003:237.542 - 0.603ms returns 0xBB0
T093C 003:238.181 JLINK_WriteMem(0x200C0030, 0xBC0 Bytes, ...)
T093C 003:238.244   Data:  BA 95 87 FF BB 96 88 FF BB 96 88 FF BC 97 89 FF ...
T093C 003:238.303   completely In flash
T093C 003:238.360 - 0.179ms returns 0xBC0
T093C 003:239.000 JLINK_WriteMem(0x200C0BF0, 0xBC0 Bytes, ...)
T093C 003:239.103   Data:  BD 9A 8C FF BC 99 8B FF BC 99 8B FF BB 98 8A FF ...
T093C 003:239.170   completely In flash
T093C 003:239.337 - 0.336ms returns 0xBC0
T093C 003:240.969 JLINK_WriteMem(0x200C17B0, 0xBB0 Bytes, ...)
T093C 003:241.052   Data:  BC 95 87 FF BD 96 88 FF BD 96 88 FF BE 94 87 FF ...
T093C 003:241.124   completely In flash
T093C 003:241.180 - 0.211ms returns 0xBB0
T093C 003:241.911 JLINK_WriteMem(0x200C2360, 0xBC0 Bytes, ...)
T093C 003:242.003   Data:  9D 64 4F FF 99 60 4B FF 95 5C 46 FF 93 5A 44 FF ...
T093C 003:242.101   completely In flash
T093C 003:242.192 - 0.282ms returns 0xBC0
T093C 003:242.823 JLINK_WriteMem(0x200C2F20, 0xBC0 Bytes, ...)
T093C 003:242.910   Data:  8A 4B 29 FF 89 4A 28 FF 88 49 27 FF 8A 4B 29 FF ...
T093C 003:243.007   completely In flash
T093C 003:243.105 - 0.283ms returns 0xBC0
T093C 003:243.828 JLINK_WriteMem(0x200C3AE0, 0xBB0 Bytes, ...)
T093C 003:243.918   Data:  8D 4F 27 FF 8C 4E 26 FF 8F 51 29 FF 8F 51 29 FF ...
T093C 003:244.014   completely In flash
T093C 003:244.108 - 0.280ms returns 0xBB0
T093C 003:244.830 JLINK_WriteMem(0x200C4690, 0xBB0 Bytes, ...)
T093C 003:244.917   Data:  94 52 29 FF 95 53 2A FF 96 54 2B FF 98 56 2D FF ...
T093C 003:245.014   completely In flash
T093C 003:245.108 - 0.278ms returns 0xBB0
T093C 003:245.871 JLINK_WriteMem(0x200C5240, 0xBC0 Bytes, ...)
T093C 003:245.956   Data:  9C 5C 3D FF 9F 5E 42 FF 9F 5F 47 FF A0 60 48 FF ...
T093C 003:246.054   completely In flash
T093C 003:246.151 - 0.280ms returns 0xBC0
T093C 003:246.638 JLINK_WriteMem(0x200C5E00, 0xBC0 Bytes, ...)
T093C 003:246.694   Data:  C2 92 80 FF C2 92 80 FF C4 93 83 FF C4 93 83 FF ...
T093C 003:246.744   completely In flash
T093C 003:246.782 - 0.144ms returns 0xBC0
T093C 003:247.647 JLINK_WriteMem(0x200C69C0, 0xBC0 Bytes, ...)
T093C 003:247.710   Data:  B3 82 72 FF B5 84 74 FF B5 86 78 FF B6 87 79 FF ...
T093C 003:247.761   completely In flash
T093C 003:247.812 - 0.165ms returns 0xBC0
T093C 003:248.355 JLINK_WriteMem(0x200C7580, 0xBC0 Bytes, ...)
T093C 003:248.389   Data:  BD 9A 8C FF BB 98 8A FF BA 97 89 FF B8 95 87 FF ...
T093C 003:248.426   completely In flash
T093C 003:248.463 - 0.109ms returns 0xBC0
T093C 003:249.031 JLINK_WriteMem(0x200C8140, 0xBC0 Bytes, ...)
T093C 003:249.076   Data:  BA 97 89 FF B8 95 87 FF B8 95 87 FF B9 96 88 FF ...
T093C 003:249.125   completely In flash
T093C 003:249.175 - 0.144ms returns 0xBC0
T093C 003:249.722 JLINK_WriteMem(0x200C8D00, 0xBB0 Bytes, ...)
T093C 003:249.766   Data:  9C 5D 41 FF 9A 5C 3E FF 9B 5D 3F FF 98 5A 3C FF ...
T093C 003:249.821   completely In flash
T093C 003:249.878 - 0.157ms returns 0xBB0
T093C 003:250.480 JLINK_WriteMem(0x200C98B0, 0xBC0 Bytes, ...)
T093C 003:250.554   Data:  8A 4B 25 FF 89 4A 24 FF 8A 4B 25 FF 8B 4C 26 FF ...
T093C 003:250.613   completely In flash
T093C 003:250.672 - 0.193ms returns 0xBC0
T093C 003:251.277 JLINK_WriteMem(0x200CA470, 0xBC0 Bytes, ...)
T093C 003:251.341   Data:  8F 51 29 FF 8D 4F 27 FF 8E 50 28 FF 8F 51 29 FF ...
T093C 003:251.402   completely In flash
T093C 003:251.459 - 0.182ms returns 0xBC0
T093C 003:251.970 JLINK_WriteMem(0x200CB030, 0xBD0 Bytes, ...)
T093C 003:252.017   Data:  A3 63 45 FF A3 63 45 FF A5 65 47 FF AA 6A 4C FF ...
T093C 003:252.055   completely In flash
T093C 003:252.093 - 0.123ms returns 0xBD0
T093C 003:252.608 JLINK_WriteMem(0x200CBC00, 0xBC0 Bytes, ...)
T093C 003:252.649   Data:  9C 59 38 FF 9C 59 38 FF 9B 5B 39 FF 9C 5C 3A FF ...
T093C 003:252.686   completely In flash
T093C 003:252.723 - 0.114ms returns 0xBC0
T093C 003:253.257 JLINK_WriteMem(0x200CC7C0, 0xBC0 Bytes, ...)
T093C 003:253.303   Data:  8B 4C 2A FF 8C 4D 2B FF 8B 4C 2A FF 89 4A 28 FF ...
T093C 003:253.346   completely In flash
T093C 003:253.390 - 0.133ms returns 0xBC0
T093C 003:253.967 JLINK_WriteMem(0x200CD380, 0xBC0 Bytes, ...)
T093C 003:254.016   Data:  B1 80 70 FF AF 7E 6E FF AE 7D 6D FF AD 7C 6C FF ...
T093C 003:254.067   completely In flash
T093C 003:254.116 - 0.149ms returns 0xBC0
T093C 003:254.767 JLINK_WriteMem(0x200CDF40, 0xBC0 Bytes, ...)
T093C 003:254.923   Data:  B9 94 86 FF B9 94 86 FF BA 95 87 FF B9 94 86 FF ...
T093C 003:255.065   completely In flash
T093C 003:255.145 - 0.378ms returns 0xBC0
T093C 003:255.873 JLINK_WriteMem(0x200CEB00, 0xBC0 Bytes, ...)
T093C 003:255.945   Data:  B9 96 88 FF B8 95 87 FF B8 95 87 FF B9 96 88 FF ...
T093C 003:256.010   completely In flash
T093C 003:256.068 - 0.196ms returns 0xBC0
T093C 003:256.726 JLINK_WriteMem(0x200CF6C0, 0xBC0 Bytes, ...)
T093C 003:256.804   Data:  BF 9A 8C FF B9 98 89 FF BB 9A 8B FF BD 9A 8C FF ...
T093C 003:256.879   completely In flash
T093C 003:256.942 - 0.216ms returns 0xBC0
T093C 003:257.543 JLINK_WriteMem(0x200D0280, 0xBC0 Bytes, ...)
T093C 003:257.607   Data:  AA 74 63 FF AE 78 67 FF B0 7A 69 FF AE 78 67 FF ...
T093C 003:257.677   completely In flash
T093C 003:257.758 - 0.215ms returns 0xBC0
T093C 003:258.395 JLINK_WriteMem(0x200D0E40, 0xBC0 Bytes, ...)
T093C 003:258.467   Data:  8D 4F 27 FF 8E 50 28 FF 8C 4E 26 FF 8D 4F 27 FF ...
T093C 003:258.556   completely In flash
T093C 003:258.636 - 0.239ms returns 0xBC0
T093C 003:259.202 JLINK_WriteMem(0x200D1A00, 0xBC0 Bytes, ...)
T093C 003:259.269   Data:  B9 87 73 FF B0 7B 67 FF A8 74 5D FF A7 6E 58 FF ...
T093C 003:259.320   completely In flash
T093C 003:259.372 - 0.169ms returns 0xBC0
T093C 003:260.170 JLINK_WriteMem(0x200D25C0, 0xBD0 Bytes, ...)
T093C 003:260.237   Data:  AD 75 62 FF AE 76 63 FF AF 77 64 FF B0 78 65 FF ...
T093C 003:260.305   completely In flash
T093C 003:260.372 - 0.203ms returns 0xBD0
T093C 003:261.180 JLINK_WriteMem(0x200D3190, 0xBC0 Bytes, ...)
T093C 003:261.244   Data:  B2 85 77 FF B1 84 76 FF B2 85 77 FF B2 85 77 FF ...
T093C 003:261.316   completely In flash
T093C 003:261.382 - 0.203ms returns 0xBC0
T093C 003:262.184 JLINK_WriteMem(0x200D3D50, 0xBC0 Bytes, ...)
T093C 003:262.234   Data:  B9 94 86 FF B9 94 86 FF BA 95 87 FF BB 96 88 FF ...
T093C 003:262.786   completely In flash
T093C 003:262.870 - 0.686ms returns 0xBC0
T093C 003:263.565 JLINK_WriteMem(0x200D4910, 0xBC0 Bytes, ...)
T093C 003:263.638   Data:  C1 9C 8E FF C1 9C 8E FF C0 9B 8D FF C0 9B 8D FF ...
T093C 003:263.702   completely In flash
T093C 003:263.761 - 0.197ms returns 0xBC0
T093C 003:264.350 JLINK_WriteMem(0x200D54D0, 0xBB0 Bytes, ...)
T093C 003:264.401   Data:  99 5B 43 FF 9C 5E 46 FF 9E 60 48 FF 9F 61 49 FF ...
T093C 003:264.455   completely In flash
T093C 003:264.508 - 0.158ms returns 0xBB0
T093C 003:265.092 JLINK_WriteMem(0x200D6080, 0xBB0 Bytes, ...)
T093C 003:265.144   Data:  8C 4D 2B FF 8C 4D 2B FF 8A 4B 29 FF 88 49 27 FF ...
T093C 003:265.199   completely In flash
T093C 003:265.253 - 0.160ms returns 0xBB0
T093C 003:266.867 JLINK_WriteMem(0x200D6C30, 0xBC0 Bytes, ...)
T093C 003:266.941   Data:  9D 5C 36 FF 9C 5B 35 FF 98 58 2F FF 94 54 2B FF ...
T093C 003:267.000   completely In flash
T093C 003:267.058 - 0.190ms returns 0xBC0
T093C 003:267.686 JLINK_WriteMem(0x200D77F0, 0xBC0 Bytes, ...)
T093C 003:267.753   Data:  9E 5B 34 FF 9E 5B 34 FF 9F 5C 35 FF 9C 58 3B FF ...
T093C 003:267.795   completely In flash
T093C 003:267.836 - 0.151ms returns 0xBC0
T093C 003:268.546 JLINK_WriteMem(0x200D83B0, 0xBB0 Bytes, ...)
T093C 003:268.616   Data:  BE 80 78 FF BC 81 78 FF B9 7E 75 FF B8 86 72 FF ...
T093C 003:268.672   completely In flash
T093C 003:268.726 - 0.180ms returns 0xBB0
T093C 003:269.319 JLINK_WriteMem(0x200D8F60, 0xBC0 Bytes, ...)
T093C 003:269.370   Data:  B2 8B 7D FF B3 8C 7E FF B5 8E 80 FF B6 8F 81 FF ...
T093C 003:269.409   completely In flash
T093C 003:269.454 - 0.135ms returns 0xBC0
T093C 003:269.984 JLINK_WriteMem(0x200D9B20, 0xBB0 Bytes, ...)
T093C 003:270.016   Data:  BD 98 8A FF BC 97 89 FF BA 95 87 FF B9 94 86 FF ...
T093C 003:270.071   completely In flash
T093C 003:270.109 - 0.125ms returns 0xBB0
T093C 003:270.610 JLINK_WriteMem(0x200DA6D0, 0xBB0 Bytes, ...)
T093C 003:270.643   Data:  C7 A4 97 FF C9 A6 99 FF CB A8 9B FF CB A8 9B FF ...
T093C 003:270.680   completely In flash
T093C 003:270.720 - 0.110ms returns 0xBB0
T093C 003:271.207 JLINK_WriteMem(0x200DB280, 0xBB0 Bytes, ...)
T093C 003:271.262   Data:  A5 6C 57 FF A6 6D 58 FF A3 6C 57 FF A2 6B 56 FF ...
T093C 003:271.337   completely In flash
T093C 003:271.398 - 0.190ms returns 0xBB0
T093C 003:272.380 JLINK_WriteMem(0x200DBE30, 0xBC0 Bytes, ...)
T093C 003:272.442   Data:  8B 4D 27 FF 8A 4C 26 FF 8B 4D 27 FF 8B 4D 27 FF ...
T093C 003:272.498   completely In flash
T093C 003:272.646 - 0.266ms returns 0xBC0
T093C 003:273.193 JLINK_WriteMem(0x200DC9F0, 0xBB0 Bytes, ...)
T093C 003:273.251   Data:  8E 50 28 FF 8F 51 29 FF 8E 50 28 FF 8D 4F 27 FF ...
T093C 003:273.297   completely In flash
T093C 003:273.334 - 0.141ms returns 0xBB0
T093C 003:274.002 JLINK_WriteMem(0x200DD5A0, 0xBB0 Bytes, ...)
T093C 003:274.076   Data:  AA 70 53 FF AC 76 65 FF B2 7C 6B FF B7 83 72 FF ...
T093C 003:274.148   completely In flash
T093C 003:274.216 - 0.214ms returns 0xBB0
T093C 003:274.777 JLINK_WriteMem(0x200DE150, 0xBB0 Bytes, ...)
T093C 003:275.109   Data:  9C 58 2B FF 9C 58 2B FF 9D 59 2C FF 9D 59 2C FF ...
T093C 003:275.431   completely In flash
T093C 003:275.524 - 0.746ms returns 0xBB0
T093C 003:276.202 JLINK_WriteMem(0x200DED00, 0xBC0 Bytes, ...)
T093C 003:276.289   Data:  9C 5C 3A FF 9D 5D 3B FF 9D 5D 3B FF 9E 5C 3F FF ...
T093C 003:276.382   completely In flash
T093C 003:276.472 - 0.270ms returns 0xBC0
T093C 003:277.179 JLINK_WriteMem(0x200DF8C0, 0xBC0 Bytes, ...)
T093C 003:277.265   Data:  8B 4D 27 FF 8D 4F 29 FF 8F 51 2B FF 92 54 2E FF ...
T093C 003:277.360   completely In flash
T093C 003:277.454 - 0.276ms returns 0xBC0
T093C 003:278.046 JLINK_WriteMem(0x200E0480, 0xBB0 Bytes, ...)
T093C 003:278.133   Data:  C3 9C 8D FF C5 9E 8F FF C6 9F 90 FF C5 9E 8F FF ...
T093C 003:278.226   completely In flash
T093C 003:278.307 - 0.261ms returns 0xBB0
T093C 003:278.831 JLINK_WriteMem(0x200E1030, 0xBB0 Bytes, ...)
T093C 003:278.917   Data:  B6 85 77 FF B5 84 76 FF B6 85 77 FF B7 86 78 FF ...
T093C 003:278.993   completely In flash
T093C 003:279.044 - 0.214ms returns 0xBB0
T093C 003:279.464 JLINK_WriteMem(0x200E1BE0, 0xBB0 Bytes, ...)
T093C 003:279.513   Data:  BE 90 7E FF BC 8E 7C FF BA 8C 7A FF B9 8B 79 FF ...
T093C 003:279.563   completely In flash
T093C 003:279.612 - 0.148ms returns 0xBB0
T093C 003:280.185 JLINK_WriteMem(0x200E2790, 0xBB0 Bytes, ...)
T093C 003:280.241   Data:  C1 97 8A FF C1 96 87 FF C0 95 86 FF BE 93 84 FF ...
T093C 003:280.284   completely In flash
T093C 003:280.322 - 0.137ms returns 0xBB0
T093C 003:280.819 JLINK_WriteMem(0x200E3340, 0xBA0 Bytes, ...)
T093C 003:280.851   Data:  90 50 2D FF 91 51 2E FF 92 52 30 FF 93 53 31 FF ...
T093C 003:280.888   completely In flash
T093C 003:280.924 - 0.105ms returns 0xBA0
T093C 003:281.387 JLINK_WriteMem(0x200E3EE0, 0xBB0 Bytes, ...)
T093C 003:281.417   Data:  8B 4C 26 FF 8B 4C 26 FF 8C 4D 27 FF 8C 4C 2A FF ...
T093C 003:281.454   completely In flash
T093C 003:281.494 - 0.107ms returns 0xBB0
T093C 003:281.965 JLINK_WriteMem(0x200E4A90, 0xBB0 Bytes, ...)
T093C 003:281.997   Data:  9A 57 30 FF A1 5D 3A FF 9C 5C 43 FF 9B 5B 42 FF ...
T093C 003:282.035   completely In flash
T093C 003:282.073 - 0.108ms returns 0xBB0
T093C 003:282.582 JLINK_WriteMem(0x200E5640, 0xBA0 Bytes, ...)
T093C 003:282.613   Data:  8C 4C 2A FF 8A 4A 28 FF 8E 4F 29 FF 8D 4E 28 FF ...
T093C 003:282.653   completely In flash
T093C 003:282.690 - 0.108ms returns 0xBA0
T093C 003:283.180 JLINK_WriteMem(0x200E61E0, 0xBB0 Bytes, ...)
T093C 003:283.212   Data:  91 51 28 FF 91 51 28 FF 90 50 27 FF 91 51 28 FF ...
T093C 003:283.251   completely In flash
T093C 003:283.286 - 0.106ms returns 0xBB0
T093C 003:283.698 JLINK_WriteMem(0x200E6D90, 0xBB0 Bytes, ...)
T093C 003:283.731   Data:  92 52 29 FF 93 52 2C FF 93 52 2B FF 92 52 29 FF ...
T093C 003:283.768   completely In flash
T093C 003:283.806 - 0.108ms returns 0xBB0
T093C 003:284.301 JLINK_WriteMem(0x200E7940, 0xBB0 Bytes, ...)
T093C 003:284.330   Data:  BB 83 70 FF BC 84 71 FF BB 83 70 FF BA 82 6F FF ...
T093C 003:284.372   completely In flash
T093C 003:284.409 - 0.108ms returns 0xBB0
T093C 003:284.959 JLINK_WriteMem(0x200E84F0, 0xBB0 Bytes, ...)
T093C 003:285.031   Data:  9A 56 29 FF 9B 57 2A FF 9C 58 2B FF 9C 58 2B FF ...
T093C 003:285.088   completely In flash
T093C 003:285.143 - 0.185ms returns 0xBB0
T093C 003:285.844 JLINK_WriteMem(0x200E90A0, 0xBA0 Bytes, ...)
T093C 003:285.915   Data:  BB 90 7F FF B9 8E 7D FF BE 94 87 FF C4 9A 8D FF ...
T093C 003:285.969   completely In flash
T093C 003:286.022 - 0.178ms returns 0xBA0
T093C 003:286.469 JLINK_WriteMem(0x200E9C40, 0xBC0 Bytes, ...)
T093C 003:286.539   Data:  EE D4 CD FF EF D5 CE FF F0 D6 CF FF EF D5 CE FF ...
T093C 003:286.610   completely In flash
T093C 003:286.669 - 0.201ms returns 0xBC0
T093C 003:287.085 JLINK_WriteMem(0x200EA800, 0xBB0 Bytes, ...)
T093C 003:287.138   Data:  8C 49 28 FF 90 4D 2C FF 8F 4C 2B FF 8F 4D 2A FF ...
T093C 003:287.182   completely In flash
T093C 003:287.220 - 0.135ms returns 0xBB0
T093C 003:287.760 JLINK_WriteMem(0x200EB3B0, 0xBA0 Bytes, ...)
T093C 003:287.802   Data:  A9 71 5E FF A9 71 5E FF A3 6B 58 FF A6 6E 5B FF ...
T093C 003:288.445   completely In flash
T093C 003:288.587 - 0.828ms returns 0xBA0
T093C 003:289.470 JLINK_WriteMem(0x200EBF50, 0xBB0 Bytes, ...)
T093C 003:289.580   Data:  BB 8D 7C FF BE 90 7F FF BE 90 7F FF BA 8E 7D FF ...
T093C 003:289.673   completely In flash
T093C 003:289.713 - 0.243ms returns 0xBB0
T093C 003:290.347 JLINK_WriteMem(0x200ECB00, 0xBC0 Bytes, ...)
T093C 003:290.424   Data:  A5 71 60 FF A9 75 64 FF AC 78 67 FF AE 7A 69 FF ...
T093C 003:290.502   completely In flash
T093C 003:290.579 - 0.233ms returns 0xBC0
T093C 003:291.175 JLINK_WriteMem(0x200ED6C0, 0xBC0 Bytes, ...)
T093C 003:291.258   Data:  9B 5B 3D FF 9E 5E 40 FF 9F 5F 41 FF 9F 60 44 FF ...
T093C 003:291.368   completely In flash
T093C 003:291.459 - 0.283ms returns 0xBC0
T093C 003:292.592 JLINK_WriteMem(0x200EE280, 0xBB0 Bytes, ...)
T093C 003:292.682   Data:  B4 80 70 FF B4 80 70 FF B3 82 72 FF B4 83 73 FF ...
T093C 003:292.790   completely In flash
T093C 003:292.944 - 0.352ms returns 0xBB0
T093C 003:293.906 JLINK_WriteMem(0x200EEE30, 0xBB0 Bytes, ...)
T093C 003:293.996   Data:  B3 82 72 FF B3 80 70 FF B1 7E 6E FF B3 7F 6F FF ...
T093C 003:294.082   completely In flash
T093C 003:294.145 - 0.240ms returns 0xBB0
T093C 003:294.846 JLINK_WriteMem(0x200EF9E0, 0xBA0 Bytes, ...)
T093C 003:294.910   Data:  B8 84 74 FF B4 80 70 FF B1 7D 6D FF AB 7D 6C FF ...
T093C 003:294.973   completely In flash
T093C 003:295.011 - 0.166ms returns 0xBA0
T093C 003:295.566 JLINK_WriteMem(0x200F0580, 0xBB0 Bytes, ...)
T093C 003:295.608   Data:  9C 5D 3B FF 9C 5F 3F FF 9F 60 44 FF A3 64 48 FF ...
T093C 003:295.648   completely In flash
T093C 003:295.688 - 0.122ms returns 0xBB0
T093C 003:296.180 JLINK_WriteMem(0x200F1130, 0xBC0 Bytes, ...)
T093C 003:296.266   Data:  AE 79 65 FF AC 77 63 FF AC 74 63 FF AA 72 61 FF ...
T093C 003:296.347   completely In flash
T093C 003:296.426 - 0.246ms returns 0xBC0
T093C 003:297.004 JLINK_WriteMem(0x200F1CF0, 0xBB0 Bytes, ...)
T093C 003:297.088   Data:  B0 7E 68 FF B1 7F 69 FF B0 7E 68 FF AF 7B 6E FF ...
T093C 003:297.178   completely In flash
T093C 003:297.264 - 0.259ms returns 0xBB0
T093C 003:297.852 JLINK_WriteMem(0x200F28A0, 0xBC0 Bytes, ...)
T093C 003:297.916   Data:  96 54 37 FF 9B 59 3C FF 9D 5B 3E FF 9D 5B 3E FF ...
T093C 003:297.984   completely In flash
T093C 003:298.059 - 0.209ms returns 0xBC0
T093C 003:298.660 JLINK_WriteMem(0x200F3460, 0xBC0 Bytes, ...)
T093C 003:298.702   Data:  BA 86 79 FF B3 80 70 FF AF 7C 6C FF AD 7B 69 FF ...
T093C 003:298.747   completely In flash
T093C 003:298.785 - 0.125ms returns 0xBC0
T093C 003:299.286 JLINK_WriteMem(0x200F4020, 0xBC0 Bytes, ...)
T093C 003:299.320   Data:  A7 73 62 FF A9 73 62 FF A6 70 5F FF A2 6C 5B FF ...
T093C 003:299.359   completely In flash
T093C 003:299.404 - 0.118ms returns 0xBC0
T093C 003:300.025 JLINK_WriteMem(0x200F4BE0, 0xBC0 Bytes, ...)
T093C 003:300.103   Data:  E9 CF C8 FF E9 CF C8 FF C4 96 85 FF C8 9A 89 FF ...
T093C 003:300.191   completely In flash
T093C 003:300.273 - 0.248ms returns 0xBC0
T093C 003:300.932 JLINK_WriteMem(0x200F57A0, 0xBC0 Bytes, ...)
T093C 003:301.020   Data:  C3 95 83 FF C4 98 87 FF CA 9E 8D FF CD A5 93 FF ...
T093C 003:301.112   completely In flash
T093C 003:301.204 - 0.272ms returns 0xBC0
T093C 003:301.771 JLINK_WriteMem(0x200F6360, 0xBC0 Bytes, ...)
T093C 003:301.844   Data:  A5 66 4A FF A2 63 47 FF A2 62 44 FF A4 60 43 FF ...
T093C 003:301.896   completely In flash
T093C 003:301.947 - 0.176ms returns 0xBC0
T093C 003:302.501 JLINK_WriteMem(0x200F6F20, 0xBC0 Bytes, ...)
T093C 003:302.558   Data:  A1 60 44 FF A3 62 46 FF A5 64 48 FF A0 61 4C FF ...
T093C 003:302.612   completely In flash
T093C 003:302.666 - 0.165ms returns 0xBC0
T093C 003:303.249 JLINK_WriteMem(0x200F7AE0, 0xBC0 Bytes, ...)
T093C 003:303.318   Data:  90 52 2A FF 8F 51 29 FF 8E 50 28 FF 8E 50 28 FF ...
T093C 003:303.375   completely In flash
T093C 003:303.431 - 0.182ms returns 0xBC0
T093C 003:304.078 JLINK_WriteMem(0x200F86A0, 0xBB0 Bytes, ...)
T093C 003:304.133   Data:  A2 69 54 FF A9 70 5B FF AE 76 63 FF B3 7B 68 FF ...
T093C 003:304.174   completely In flash
T093C 003:304.212 - 0.133ms returns 0xBB0
T093C 003:304.764 JLINK_WriteMem(0x200F9250, 0xBB0 Bytes, ...)
T093C 003:304.916   Data:  AF 79 60 FF B0 7A 61 FF B1 7D 66 FF B4 7F 6B FF ...
T093C 003:304.992   completely In flash
T093C 003:305.051 - 0.286ms returns 0xBB0
T093C 003:305.925 JLINK_WriteMem(0x200F9E00, 0xBB0 Bytes, ...)
T093C 003:305.993   Data:  AF 71 59 FF B3 77 5F FF B5 78 64 FF B3 78 64 FF ...
T093C 003:306.052   completely In flash
T093C 003:306.107 - 0.182ms returns 0xBB0
T093C 003:306.571 JLINK_WriteMem(0x200FA9B0, 0xBB0 Bytes, ...)
T093C 003:306.632   Data:  CC A8 98 FF CD A7 9B FF CC A9 9C FF CC A9 9C FF ...
T093C 003:306.701   completely In flash
T093C 003:306.756 - 0.185ms returns 0xBB0
T093C 003:307.318 JLINK_WriteMem(0x200FB560, 0xBC0 Bytes, ...)
T093C 003:307.352   Data:  96 53 2C FF 97 53 28 FF 98 54 29 FF 9A 56 29 FF ...
T093C 003:307.399   completely In flash
T093C 003:307.442 - 0.123ms returns 0xBC0
T093C 003:307.948 JLINK_WriteMem(0x200FC120, 0xBC0 Bytes, ...)
T093C 003:307.989   Data:  B6 89 7B FF B4 87 79 FF B3 84 76 FF B2 83 75 FF ...
T093C 003:308.027   completely In flash
T093C 003:308.070 - 0.121ms returns 0xBC0
T093C 003:308.582 JLINK_WriteMem(0x200FCCE0, 0xBC0 Bytes, ...)
T093C 003:308.639   Data:  8E 50 27 FF 8E 50 27 FF 8D 4F 26 FF 8D 4F 26 FF ...
T093C 003:308.683   completely In flash
T093C 003:308.721 - 0.140ms returns 0xBC0
T093C 003:309.099 JLINK_WriteMem(0x200FD8A0, 0xBC0 Bytes, ...)
T093C 003:309.144   Data:  95 56 30 FF 94 55 2F FF 93 57 3A FF 96 5A 3D FF ...
T093C 003:309.190   completely In flash
T093C 003:309.232 - 0.132ms returns 0xBC0
T093C 003:309.622 JLINK_WriteMem(0x200FE460, 0xBC0 Bytes, ...)
T093C 003:309.681   Data:  A8 72 61 FF A8 72 61 FF A9 73 62 FF AB 75 64 FF ...
T093C 003:309.742   completely In flash
T093C 003:309.796 - 0.174ms returns 0xBC0
T093C 003:310.254 JLINK_WriteMem(0x200FF020, 0xBC0 Bytes, ...)
T093C 003:310.310   Data:  BE 94 87 FF BB 8F 82 FF B9 8D 80 FF B7 8B 7E FF ...
T093C 003:310.369   completely In flash
T093C 003:310.426 - 0.173ms returns 0xBC0
T093C 003:311.174 JLINK_WriteMem(0x200FFBE0, 0xBC0 Bytes, ...)
T093C 003:311.251   Data:  ED D4 CA FF EE D5 CB FF F0 D7 CD FF F1 D8 CE FF ...
T093C 003:311.816   completely In flash
T093C 003:312.989 - 1.814ms returns 0xBC0
T093C 003:313.643 JLINK_WriteMem(0x201007A0, 0xBC0 Bytes, ...)
T093C 003:313.731   Data:  C8 A0 8E FF C8 A0 8E FF CC A2 8F FF CA A0 8D FF ...
T093C 003:313.836   completely In flash
T093C 003:313.946 - 0.303ms returns 0xBC0
T093C 003:314.421 JLINK_WriteMem(0x20101360, 0xBB0 Bytes, ...)
T093C 003:314.484   Data:  9A 56 2B FF 9C 58 2D FF 9F 5A 33 FF A2 5D 36 FF ...
T093C 003:314.528   completely In flash
T093C 003:314.566 - 0.145ms returns 0xBB0
T093C 003:315.341 JLINK_WriteMem(0x20101F10, 0xBC0 Bytes, ...)
T093C 003:315.400   Data:  A9 67 4E FF A6 65 49 FF A3 62 46 FF A0 5E 41 FF ...
T093C 003:315.445   completely In flash
T093C 003:315.487 - 0.147ms returns 0xBC0
T093C 003:316.192 JLINK_WriteMem(0x20102AD0, 0xBC0 Bytes, ...)
T093C 003:316.245   Data:  97 52 2A FF 97 52 2A FF 95 50 28 FF 96 51 29 FF ...
T093C 003:316.289   completely In flash
T093C 003:316.327 - 0.134ms returns 0xBC0
T093C 003:316.726 JLINK_WriteMem(0x20103690, 0xBC0 Bytes, ...)
T093C 003:316.768   Data:  8F 51 29 FF 90 52 2A FF 90 52 2A FF 93 53 2A FF ...
T093C 003:316.811   completely In flash
T093C 003:316.853 - 0.126ms returns 0xBC0
T093C 003:317.888 JLINK_WriteMem(0x20104250, 0xBC0 Bytes, ...)
T093C 003:317.943   Data:  8F 51 29 FF 90 52 2A FF 91 53 2B FF 91 53 2B FF ...
T093C 003:317.983   completely In flash
T093C 003:318.032 - 0.144ms returns 0xBC0
T093C 003:318.631 JLINK_WriteMem(0x20104E10, 0xBC0 Bytes, ...)
T093C 003:318.689   Data:  99 54 2C FF 99 54 2C FF 97 52 2A FF 97 52 2A FF ...
T093C 003:318.734   completely In flash
T093C 003:318.775 - 0.144ms returns 0xBC0
T093C 003:319.379 JLINK_WriteMem(0x201059D0, 0xBC0 Bytes, ...)
T093C 003:319.440   Data:  A1 5E 3D FF 9F 5E 38 FF 9B 5B 32 FF 97 57 2E FF ...
T093C 003:320.017   completely In flash
T093C 003:320.095 - 0.716ms returns 0xBC0
T093C 003:320.706 JLINK_WriteMem(0x20106590, 0xBC0 Bytes, ...)
T093C 003:320.772   Data:  9F 5E 38 FF 9B 5B 32 FF 98 58 2F FF 95 54 28 FF ...
T093C 003:320.830   completely In flash
T093C 003:320.884 - 0.177ms returns 0xBC0
T093C 003:321.453 JLINK_WriteMem(0x20107150, 0xBC0 Bytes, ...)
T093C 003:321.512   Data:  9A 55 2D FF 9B 56 2E FF 9C 57 30 FF 9D 58 31 FF ...
T093C 003:321.552   completely In flash
T093C 003:321.589 - 0.136ms returns 0xBC0
T093C 003:322.042 JLINK_WriteMem(0x20107D10, 0xBC0 Bytes, ...)
T093C 003:322.133   Data:  90 52 2A FF 90 52 2A FF 91 53 2B FF 91 51 28 FF ...
T093C 003:322.216   completely In flash
T093C 003:322.286 - 0.244ms returns 0xBC0
T093C 003:323.123 JLINK_WriteMem(0x201088D0, 0xBC0 Bytes, ...)
T093C 003:323.200   Data:  8D 4F 27 FF 8D 4E 28 FF 92 4E 29 FF 93 4F 2A FF ...
T093C 003:323.333   completely In flash
T093C 003:323.388 - 0.265ms returns 0xBC0
T093C 003:324.054 JLINK_WriteMem(0x20109490, 0xBC0 Bytes, ...)
T093C 003:324.114   Data:  96 52 27 FF 96 51 26 FF 95 4E 28 FF 94 50 2B FF ...
T093C 003:324.157   completely In flash
T093C 003:324.197 - 0.143ms returns 0xBC0
T093C 003:324.702 JLINK_WriteMem(0x2010A050, 0xBC0 Bytes, ...)
T093C 003:324.740   Data:  A1 65 4F FF A3 63 4A FF 9F 5F 46 FF 99 5B 3D FF ...
T093C 003:324.780   completely In flash
T093C 003:324.821 - 0.118ms returns 0xBC0
T093C 003:325.324 JLINK_WriteMem(0x2010AC10, 0xBC0 Bytes, ...)
T093C 003:325.417   Data:  B9 83 72 FF BA 84 73 FF B7 81 70 FF B7 81 70 FF ...
T093C 003:325.507   completely In flash
T093C 003:325.580 - 0.256ms returns 0xBC0
T093C 003:326.298 JLINK_WriteMem(0x2010B7D0, 0xBD0 Bytes, ...)
T093C 003:326.334   Data:  A5 6F 5E FF A0 6A 59 FF A4 69 59 FF A8 6D 5D FF ...
T093C 003:326.375   completely In flash
T093C 003:326.418 - 0.120ms returns 0xBD0
T093C 003:327.206 JLINK_WriteMem(0x2010C3A0, 0xBC0 Bytes, ...)
T093C 003:327.284   Data:  B4 80 6F FF B4 80 6F FF B2 80 6E FF B2 80 6E FF ...
T093C 003:327.347   completely In flash
T093C 003:327.406 - 0.201ms returns 0xBC0
T093C 003:328.199 JLINK_WriteMem(0x2010CF60, 0xBB0 Bytes, ...)
T093C 003:328.249   Data:  B2 7E 6D FF B1 7D 6C FF AE 7F 6A FF AF 80 6B FF ...
T093C 003:328.291   completely In flash
T093C 003:328.331 - 0.132ms returns 0xBB0
T093C 003:328.950 JLINK_WriteMem(0x2010DB10, 0xBC0 Bytes, ...)
T093C 003:328.989   Data:  CD A2 93 FF CE A3 94 FF C8 A6 96 FF C8 A6 96 FF ...
T093C 003:329.029   completely In flash
T093C 003:329.068 - 0.118ms returns 0xBC0
T093C 003:329.579 JLINK_WriteMem(0x2010E6D0, 0xBD0 Bytes, ...)
T093C 003:329.683   Data:  CB A9 9C FF CB A9 9C FF CE AC 9F FF D2 B0 A3 FF ...
T093C 003:329.784   completely In flash
T093C 003:329.881 - 0.302ms returns 0xBD0
T093C 003:330.621 JLINK_WriteMem(0x2010F2A0, 0xBC0 Bytes, ...)
T093C 003:330.706   Data:  DE BD B4 FF DD BC B3 FF DD BC B3 FF DB BA B1 FF ...
T093C 003:330.804   completely In flash
T093C 003:330.900 - 0.280ms returns 0xBC0
T093C 003:331.581 JLINK_WriteMem(0x2010FE60, 0xBD0 Bytes, ...)
T093C 003:331.666   Data:  CC AA 9D FF CA A8 9B FF CB A9 9C FF CC AA 9D FF ...
T093C 003:331.762   completely In flash
T093C 003:331.856 - 0.275ms returns 0xBD0
T093C 003:332.563 JLINK_WriteMem(0x20110A30, 0xBD0 Bytes, ...)
T093C 003:332.652   Data:  D0 B0 A3 FF D2 B2 A5 FF D5 B5 A8 FF D3 B3 A6 FF ...
T093C 003:332.756   completely In flash
T093C 003:332.848 - 0.285ms returns 0xBD0
T093C 003:333.556 JLINK_WriteMem(0x20111600, 0xBD0 Bytes, ...)
T093C 003:333.646   Data:  D7 AE A5 FF D1 AA A1 FF D0 A5 9C FF D0 A5 96 FF ...
T093C 003:333.744   completely In flash
T093C 003:333.837 - 0.281ms returns 0xBD0
T093C 003:334.436 JLINK_WriteMem(0x201121D0, 0xBD0 Bytes, ...)
T093C 003:334.525   Data:  D4 B6 AB FF D3 B5 AA FF D0 B2 A7 FF D0 B0 A5 FF ...
T093C 003:334.625   completely In flash
T093C 003:334.722 - 0.286ms returns 0xBD0
T093C 003:335.396 JLINK_WriteMem(0x20112DA0, 0xBC0 Bytes, ...)
T093C 003:335.469   Data:  D2 B5 AC FF D3 B6 AD FF D4 B7 AE FF D7 B6 AD FF ...
T093C 003:335.532   completely In flash
T093C 003:335.593 - 0.197ms returns 0xBC0
T093C 003:336.218 JLINK_WriteMem(0x20113960, 0xBC0 Bytes, ...)
T093C 003:336.289   Data:  CF AD A0 FF CF AD A0 FF D1 B1 A4 FF D3 B3 A6 FF ...
T093C 003:336.369   completely In flash
T093C 003:336.445 - 0.227ms returns 0xBC0
T093C 003:337.139 JLINK_WriteMem(0x20114520, 0xBC0 Bytes, ...)
T093C 003:337.223   Data:  CC AC A1 FF D6 B4 AE FF D7 B5 AF FF D9 B7 B1 FF ...
T093C 003:337.320   completely In flash
T093C 003:337.410 - 0.271ms returns 0xBC0
T093C 003:338.138 JLINK_WriteMem(0x201150E0, 0xBC0 Bytes, ...)
T093C 003:338.282   Data:  D7 B5 A8 FF D4 B2 A5 FF D1 AF A2 FF D0 AE A1 FF ...
T093C 003:338.394   completely In flash
T093C 003:338.492 - 0.355ms returns 0xBC0
T093C 003:339.869 JLINK_WriteMem(0x20115CA0, 0xBC0 Bytes, ...)
T093C 003:339.935   Data:  D6 B6 AB FF D7 B7 AC FF D9 B9 AE FF DB BB B0 FF ...
T093C 003:340.060   completely In flash
T093C 003:340.159 - 0.290ms returns 0xBC0
T093C 003:340.889 JLINK_WriteMem(0x20116860, 0xBC0 Bytes, ...)
T093C 003:340.978   Data:  CB A8 9E FF C9 A9 9E FF CA AA 9F FF D3 B3 A8 FF ...
T093C 003:341.070   completely In flash
T093C 003:341.169 - 0.280ms returns 0xBC0
T093C 003:341.805 JLINK_WriteMem(0x20117420, 0xBC0 Bytes, ...)
T093C 003:341.860   Data:  D0 AC A2 FF D0 AD A3 FF CF AC A2 FF CD AA A0 FF ...
T093C 003:341.902   completely In flash
T093C 003:341.944 - 0.138ms returns 0xBC0
T093C 003:342.496 JLINK_WriteMem(0x20117FE0, 0xBC0 Bytes, ...)
T093C 003:342.548   Data:  CB A7 9D FF CE AA A0 FF CF AC A2 FF D0 AD A3 FF ...
T093C 003:342.588   completely In flash
T093C 003:342.627 - 0.131ms returns 0xBC0
T093C 003:343.769 JLINK_WriteMem(0x20118BA0, 0xBC0 Bytes, ...)
T093C 003:343.833   Data:  B4 80 70 FF B8 84 74 FF B9 88 78 FF BB 8A 7A FF ...
T093C 003:343.900   completely In flash
T093C 003:343.940 - 0.171ms returns 0xBC0
T093C 003:344.393 JLINK_WriteMem(0x20119760, 0xBC0 Bytes, ...)
T093C 003:344.450   Data:  B8 85 75 FF B9 86 76 FF BA 87 77 FF BA 87 77 FF ...
T093C 003:344.495   completely In flash
T093C 003:344.549 - 0.156ms returns 0xBC0
T093C 003:345.017 JLINK_WriteMem(0x2011A320, 0xBC0 Bytes, ...)
T093C 003:345.098   Data:  B2 7F 6B FF B4 82 6E FF B6 84 70 FF B7 85 73 FF ...
T093C 003:345.183   completely In flash
T093C 003:345.260 - 0.243ms returns 0xBC0
T093C 003:345.666 JLINK_WriteMem(0x2011AEE0, 0xBD0 Bytes, ...)
T093C 003:345.718   Data:  98 57 3B FF 9B 5B 3D FF A3 63 45 FF 9E 62 4C FF ...
T093C 003:345.764   completely In flash
T093C 003:345.803 - 0.137ms returns 0xBD0
T093C 003:346.337 JLINK_WriteMem(0x2011BAB0, 0xBC0 Bytes, ...)
T093C 003:346.424   Data:  99 57 3E FF 96 56 38 FF 9A 56 39 FF 9A 57 38 FF ...
T093C 003:346.525   completely In flash
T093C 003:346.616 - 0.280ms returns 0xBC0
T093C 003:347.275 JLINK_WriteMem(0x2011C670, 0xBC0 Bytes, ...)
T093C 003:347.360   Data:  A0 67 4E FF A2 64 4C FF 9C 5F 45 FF 97 55 3C FF ...
T093C 003:347.461   completely In flash
T093C 003:347.563 - 0.288ms returns 0xBC0
T093C 003:348.128 JLINK_WriteMem(0x2011D230, 0xBC0 Bytes, ...)
T093C 003:348.211   Data:  AE 75 5F FF B1 7B 64 FF B3 7D 66 FF B4 7F 6A FF ...
T093C 003:348.322   completely In flash
T093C 003:348.420 - 0.291ms returns 0xBC0
T093C 003:348.938 JLINK_WriteMem(0x2011DDF0, 0xBC0 Bytes, ...)
T093C 003:349.023   Data:  9D 5F 47 FF A0 64 4C FF A5 69 51 FF A6 6D 54 FF ...
T093C 003:349.129   completely In flash
T093C 003:349.226 - 0.288ms returns 0xBC0
T093C 003:349.893 JLINK_WriteMem(0x2011E9B0, 0xBC0 Bytes, ...)
T093C 003:349.978   Data:  B1 79 68 FF AE 76 65 FF AE 76 65 FF B2 77 68 FF ...
T093C 003:350.081   completely In flash
T093C 003:350.180 - 0.287ms returns 0xBC0
T093C 003:350.886 JLINK_WriteMem(0x2011F570, 0xBC0 Bytes, ...)
T093C 003:350.972   Data:  8E 4E 2B FF 8F 4E 2F FF 92 51 32 FF 98 55 3A FF ...
T093C 003:351.080   completely In flash
T093C 003:351.178 - 0.292ms returns 0xBC0
T093C 003:351.794 JLINK_WriteMem(0x20120130, 0xBD0 Bytes, ...)
T093C 003:351.868   Data:  A7 66 47 FF AA 72 59 FF B0 78 5F FF B7 7E 65 FF ...
T093C 003:351.937   completely In flash
T093C 003:352.006 - 0.211ms returns 0xBD0
T093C 003:352.485 JLINK_WriteMem(0x20120D00, 0xBC0 Bytes, ...)
T093C 003:352.547   Data:  94 53 34 FF 97 56 37 FF 9D 5C 3D FF A4 64 46 FF ...
T093C 003:352.623   completely In flash
T093C 003:352.690 - 0.205ms returns 0xBC0
T093C 003:353.221 JLINK_WriteMem(0x201218C0, 0xBD0 Bytes, ...)
T093C 003:353.293   Data:  9F 5C 47 FF 9F 60 4C FF A4 65 51 FF A6 6B 57 FF ...
T093C 003:353.379   completely In flash
T093C 003:353.463 - 0.241ms returns 0xBD0
T093C 003:354.237 JLINK_WriteMem(0x20122490, 0xBC0 Bytes, ...)
T093C 003:354.315   Data:  C5 A8 9A FF C8 A8 9B FF C8 A8 9B FF C9 A9 9C FF ...
T093C 003:354.386   completely In flash
T093C 003:354.447 - 0.210ms returns 0xBC0
T093C 003:355.473 JLINK_WriteMem(0x20123050, 0xBD0 Bytes, ...)
T093C 003:355.582   Data:  CC A5 97 FF CA A5 97 FF CB A6 98 FF CC A7 99 FF ...
T093C 003:356.478   completely In flash
T093C 003:356.573 - 1.100ms returns 0xBD0
T093C 003:357.314 JLINK_WriteMem(0x20123C20, 0xBD0 Bytes, ...)
T093C 003:357.369   Data:  C2 96 85 FF BF 8C 7C FF BD 8A 7A FF BA 87 77 FF ...
T093C 003:357.411   completely In flash
T093C 003:357.450 - 0.137ms returns 0xBD0
T093C 003:357.927 JLINK_WriteMem(0x201247F0, 0xBD0 Bytes, ...)
T093C 003:358.015   Data:  9E 5D 41 FF 9D 5D 3F FF 9D 5D 3F FF 9E 5F 3D FF ...
T093C 003:358.090   completely In flash
T093C 003:358.164 - 0.237ms returns 0xBD0
T093C 003:358.632 JLINK_WriteMem(0x201253C0, 0xBB0 Bytes, ...)
T093C 003:358.702   Data:  A2 65 4B FF A2 65 4B FF A5 66 4A FF A6 67 4B FF ...
T093C 003:358.794   completely In flash
T093C 003:358.877 - 0.244ms returns 0xBB0
T093C 003:359.539 JLINK_WriteMem(0x20125F70, 0xBC0 Bytes, ...)
T093C 003:359.624   Data:  9D 5A 39 FF 9A 58 35 FF 98 56 33 FF 98 55 2E FF ...
T093C 003:359.716   completely In flash
T093C 003:359.808 - 0.270ms returns 0xBC0
T093C 003:360.542 JLINK_WriteMem(0x20126B30, 0xBC0 Bytes, ...)
T093C 003:360.630   Data:  97 54 2D FF 98 53 2B FF 98 53 2B FF 98 54 29 FF ...
T093C 003:360.728   completely In flash
T093C 003:360.824 - 0.281ms returns 0xBC0
T093C 003:361.381 JLINK_WriteMem(0x201276F0, 0xBC0 Bytes, ...)
T093C 003:361.452   Data:  92 52 29 FF 92 52 29 FF 91 51 28 FF 92 52 29 FF ...
T093C 003:361.506   completely In flash
T093C 003:361.572 - 0.191ms returns 0xBC0
T093C 003:362.394 JLINK_WriteMem(0x201282B0, 0xBB0 Bytes, ...)
T093C 003:362.457   Data:  96 52 27 FF 97 53 28 FF 98 54 29 FF 99 55 2A FF ...
T093C 003:362.515   completely In flash
T093C 003:362.579 - 0.184ms returns 0xBB0
T093C 003:363.396 JLINK_WriteMem(0x20128E60, 0xBB0 Bytes, ...)
T093C 003:363.451   Data:  97 53 28 FF 96 4F 2D FF 96 4F 2D FF 95 4F 2A FF ...
T093C 003:363.514   completely In flash
T093C 003:363.576 - 0.180ms returns 0xBB0
T093C 003:364.382 JLINK_WriteMem(0x20129A10, 0xBC0 Bytes, ...)
T093C 003:364.440   Data:  94 54 2B FF 94 55 29 FF 94 55 29 FF 94 56 28 FF ...
T093C 003:364.504   completely In flash
T093C 003:364.580 - 0.197ms returns 0xBC0
T093C 003:365.388 JLINK_WriteMem(0x2012A5D0, 0xBB0 Bytes, ...)
T093C 003:365.442   Data:  BE 8E 7C FF BD 8D 7B FF BD 8D 7B FF C2 89 7A FF ...
T093C 003:365.504   completely In flash
T093C 003:365.569 - 0.181ms returns 0xBB0
T093C 003:366.388 JLINK_WriteMem(0x2012B180, 0xBC0 Bytes, ...)
T093C 003:366.443   Data:  BF 8F 7D FF BE 8E 7C FF BF 8F 7D FF BF 8F 7D FF ...
T093C 003:366.504   completely In flash
T093C 003:366.572 - 0.183ms returns 0xBC0
T093C 003:367.366 JLINK_WriteMem(0x2012BD40, 0xBB0 Bytes, ...)
T093C 003:367.420   Data:  A3 68 4E FF A9 71 58 FF B2 7A 61 FF B9 85 6E FF ...
T093C 003:367.482   completely In flash
T093C 003:367.544 - 0.178ms returns 0xBB0
T093C 003:368.454 JLINK_WriteMem(0x2012C8F0, 0xBC0 Bytes, ...)
T093C 003:368.549   Data:  B8 8D 78 FF BB 90 7B FF BE 93 80 FF C2 97 84 FF ...
T093C 003:368.636   completely In flash
T093C 003:368.721 - 0.267ms returns 0xBC0
T093C 003:369.932 JLINK_WriteMem(0x2012D4B0, 0xBC0 Bytes, ...)
T093C 003:370.000   Data:  8A 4B 25 FF 8A 4B 25 FF 8C 4D 27 FF 8C 4D 27 FF ...
T093C 003:370.055   completely In flash
T093C 003:370.102 - 0.170ms returns 0xBC0
T093C 003:370.781 JLINK_WriteMem(0x2012E070, 0xBB0 Bytes, ...)
T093C 003:370.836   Data:  93 52 2C FF 90 4F 29 FF 8F 4E 28 FF 8F 4E 28 FF ...
T093C 003:370.878   completely In flash
T093C 003:370.916 - 0.135ms returns 0xBB0
T093C 003:371.431 JLINK_WriteMem(0x2012EC20, 0xBC0 Bytes, ...)
T093C 003:371.540   Data:  B3 85 73 FF B5 87 75 FF B7 89 77 FF BC 8E 7C FF ...
T093C 003:371.694   completely In flash
T093C 003:371.755 - 0.322ms returns 0xBC0
T093C 003:372.606 JLINK_WriteMem(0x2012F7E0, 0xBC0 Bytes, ...)
T093C 003:372.681   Data:  C1 96 87 FF C1 98 89 FF C1 98 89 FF BE 97 88 FF ...
T093C 003:372.759   completely In flash
T093C 003:372.830 - 0.224ms returns 0xBC0
T093C 003:373.721 JLINK_WriteMem(0x201303A0, 0xBC0 Bytes, ...)
T093C 003:373.797   Data:  A7 6F 5C FF A5 6D 5A FF A3 6B 58 FF A1 69 56 FF ...
T093C 003:373.856   completely In flash
T093C 003:373.921 - 0.201ms returns 0xBC0
T093C 003:374.755 JLINK_WriteMem(0x20130F60, 0xBC0 Bytes, ...)
T093C 003:374.809   Data:  C7 9E 8F FF C2 99 8A FF BF 96 87 FF C1 96 87 FF ...
T093C 003:374.872   completely In flash
T093C 003:374.936 - 0.180ms returns 0xBC0
T093C 003:375.673 JLINK_WriteMem(0x20131B20, 0xBC0 Bytes, ...)
T093C 003:375.741   Data:  94 53 2C FF 95 54 2D FF 95 52 2B FF 97 54 2D FF ...
T093C 003:375.784   completely In flash
T093C 003:375.825 - 0.152ms returns 0xBC0
T093C 003:376.430 JLINK_WriteMem(0x201326E0, 0xBB0 Bytes, ...)
T093C 003:376.499   Data:  93 53 2A FF 90 50 27 FF 91 51 28 FF 92 52 29 FF ...
T093C 003:376.564   completely In flash
T093C 003:376.630 - 0.199ms returns 0xBB0
T093C 003:377.171 JLINK_WriteMem(0x20133290, 0xBC0 Bytes, ...)
T093C 003:377.231   Data:  AC 6B 4C FF AC 69 4A FF A7 64 45 FF 9C 58 35 FF ...
T093C 003:377.290   completely In flash
T093C 003:377.349 - 0.178ms returns 0xBC0
T093C 003:377.752 JLINK_WriteMem(0x20133E50, 0xBC0 Bytes, ...)
T093C 003:377.821   Data:  A2 62 44 FF A2 61 42 FF A0 5F 40 FF 9C 5B 3C FF ...
T093C 003:377.874   completely In flash
T093C 003:377.926 - 0.174ms returns 0xBC0
T093C 003:378.582 JLINK_WriteMem(0x20134A10, 0xBC0 Bytes, ...)
T093C 003:378.638   Data:  BC 88 78 FF BB 86 79 FF BC 87 7A FF B6 88 76 FF ...
T093C 003:378.689   completely In flash
T093C 003:378.729 - 0.148ms returns 0xBC0
T093C 003:379.243 JLINK_WriteMem(0x201355D0, 0xBC0 Bytes, ...)
T093C 003:379.288   Data:  C5 8D 7C FF C0 93 7E FF C2 95 80 FF C4 99 84 FF ...
T093C 003:379.329   completely In flash
T093C 003:379.366 - 0.123ms returns 0xBC0
T093C 003:379.976 JLINK_WriteMem(0x20136190, 0xBC0 Bytes, ...)
T093C 003:380.044   Data:  CB A3 90 FF C9 A1 8E FF CC A6 94 FF CE A8 96 FF ...
T093C 003:380.106   completely In flash
T093C 003:380.164 - 0.189ms returns 0xBC0
T093C 003:380.868 JLINK_WriteMem(0x20136D50, 0xBC0 Bytes, ...)
T093C 003:380.957   Data:  DE C0 B5 FF DE C0 B5 FF DB BF B4 FF DA BE B3 FF ...
T093C 003:381.050   completely In flash
T093C 003:381.144 - 0.276ms returns 0xBC0
T093C 003:381.976 JLINK_WriteMem(0x20137910, 0xBC0 Bytes, ...)
T093C 003:382.071   Data:  8B 4B 29 FF 8A 4A 28 FF 89 49 27 FF 89 49 27 FF ...
T093C 003:382.172   completely In flash
T093C 003:382.268 - 0.293ms returns 0xBC0
T093C 003:383.205 JLINK_WriteMem(0x201384D0, 0xBC0 Bytes, ...)
T093C 003:383.297   Data:  89 49 27 FF 8A 4A 28 FF 8A 4A 28 FF 8B 4B 29 FF ...
T093C 003:383.400   completely In flash
T093C 003:383.496 - 0.291ms returns 0xBC0
T093C 003:384.407 JLINK_WriteMem(0x20139090, 0xBC0 Bytes, ...)
T093C 003:384.490   Data:  8E 4F 29 FF 8D 4E 28 FF 8C 4D 27 FF 8B 4C 26 FF ...
T093C 003:384.577   completely In flash
T093C 003:384.720 - 0.313ms returns 0xBC0
T093C 003:385.399 JLINK_WriteMem(0x20139C50, 0xBC0 Bytes, ...)
T093C 003:385.466   Data:  99 57 2E FF 97 55 2C FF 96 58 30 FF 95 57 2F FF ...
T093C 003:385.531   completely In flash
T093C 003:385.588 - 0.188ms returns 0xBC0
T093C 003:386.164 JLINK_WriteMem(0x2013A810, 0xBD0 Bytes, ...)
T093C 003:386.226   Data:  9C 60 4A FF A1 65 4F FF A8 71 5C FF AD 76 61 FF ...
T093C 003:386.277   completely In flash
T093C 003:386.335 - 0.171ms returns 0xBD0
T093C 003:386.957 JLINK_WriteMem(0x2013B3E0, 0xBC0 Bytes, ...)
T093C 003:387.004   Data:  D5 B6 AD FF D5 B6 AD FF D7 B8 AF FF D9 BA B1 FF ...
T093C 003:387.045   completely In flash
T093C 003:387.083 - 0.127ms returns 0xBC0
T093C 003:387.540 JLINK_WriteMem(0x2013BFA0, 0xBC0 Bytes, ...)
T093C 003:387.617   Data:  DE C8 BD FF DE C8 BD FF DD C7 BC FF DD C7 BC FF ...
T093C 003:387.680   completely In flash
T093C 003:387.750 - 0.209ms returns 0xBC0
T093C 003:388.322 JLINK_WriteMem(0x2013CB60, 0xBD0 Bytes, ...)
T093C 003:388.402   Data:  DE C2 BB FF E1 C5 BE FF E2 C6 BF FF E0 C6 BF FF ...
T093C 003:388.463   completely In flash
T093C 003:388.510 - 0.188ms returns 0xBD0
T093C 003:389.170 JLINK_WriteMem(0x2013D730, 0xBC0 Bytes, ...)
T093C 003:389.266   Data:  C1 94 86 FF C3 96 88 FF C2 98 8B FF C3 99 8C FF ...
T093C 003:389.326   completely In flash
T093C 003:389.436 - 0.266ms returns 0xBC0
T093C 003:390.432 JLINK_WriteMem(0x2013E2F0, 0xBC0 Bytes, ...)
T093C 003:390.508   Data:  DA BB B2 FF D7 B8 AF FF D6 B6 AB FF D4 B4 A9 FF ...
T093C 003:390.578   completely In flash
T093C 003:390.636 - 0.204ms returns 0xBC0
T093C 003:391.244 JLINK_WriteMem(0x2013EEB0, 0xBC0 Bytes, ...)
T093C 003:391.300   Data:  AC 74 61 FF AF 77 64 FF AA 73 5E FF AA 73 5E FF ...
T093C 003:391.372   completely In flash
T093C 003:391.432 - 0.189ms returns 0xBC0
T093C 003:392.038 JLINK_WriteMem(0x2013FA70, 0xBC0 Bytes, ...)
T093C 003:392.109   Data:  9A 56 33 FF 99 58 32 FF 9C 59 38 FF A0 60 3E FF ...
T093C 003:392.192   completely In flash
T093C 003:392.270 - 0.232ms returns 0xBC0
T093C 003:392.911 JLINK_WriteMem(0x20140630, 0xBC0 Bytes, ...)
T093C 003:392.976   Data:  AB 6D 4F FF AA 6C 4E FF A8 6A 4C FF A4 66 48 FF ...
T093C 003:393.042   completely In flash
T093C 003:393.100 - 0.189ms returns 0xBC0
T093C 003:393.734 JLINK_WriteMem(0x201411F0, 0xBC0 Bytes, ...)
T093C 003:393.804   Data:  AB 6A 55 FF AF 70 5B FF B4 75 60 FF B6 79 65 FF ...
T093C 003:393.856   completely In flash
T093C 003:393.907 - 0.173ms returns 0xBC0
T093C 003:395.315 JLINK_WriteMem(0x20141DB0, 0xBC0 Bytes, ...)
T093C 003:395.375   Data:  B6 73 64 FF B6 75 66 FF B8 7C 6C FF BE 83 73 FF ...
T093C 003:395.434   completely In flash
T093C 003:395.484 - 0.170ms returns 0xBC0
T093C 003:396.275 JLINK_WriteMem(0x20142970, 0xBC0 Bytes, ...)
T093C 003:396.360   Data:  B4 8E 7C FF B5 8D 7B FF B6 8E 7C FF B9 91 7F FF ...
T093C 003:396.455   completely In flash
T093C 003:396.551 - 0.276ms returns 0xBC0
T093C 003:397.072 JLINK_WriteMem(0x20143530, 0xBC0 Bytes, ...)
T093C 003:397.110   Data:  B8 8D 7C FF BC 91 7E FF BC 91 7E FF BC 8E 7C FF ...
T093C 003:397.155   completely In flash
T093C 003:397.194 - 0.122ms returns 0xBC0
T093C 003:397.791 JLINK_WriteMem(0x201440F0, 0xBC0 Bytes, ...)
T093C 003:397.871   Data:  E9 CE C4 FF E8 CD C3 FF E8 CD C3 FF E7 CC C2 FF ...
T093C 003:398.648   completely In flash
T093C 003:398.770 - 0.979ms returns 0xBC0
T093C 003:399.480 JLINK_WriteMem(0x20144CB0, 0xBB0 Bytes, ...)
T093C 003:399.549   Data:  8A 4A 28 FF 89 49 27 FF 8A 4A 28 FF 8B 4B 29 FF ...
T093C 003:399.610   completely In flash
T093C 003:399.668 - 0.188ms returns 0xBB0
T093C 003:400.248 JLINK_WriteMem(0x20145860, 0xBC0 Bytes, ...)
T093C 003:400.296   Data:  92 4B 26 FF 94 4D 28 FF 93 4D 28 FF 90 49 28 FF ...
T093C 003:400.354   completely In flash
T093C 003:400.411 - 0.163ms returns 0xBC0
T093C 003:400.968 JLINK_WriteMem(0x20146420, 0xBC0 Bytes, ...)
T093C 003:401.017   Data:  F7 D4 C7 FF F9 D6 C9 FF F6 D4 C7 FF F4 D0 C8 FF ...
T093C 003:401.076   completely In flash
T093C 003:401.133 - 0.165ms returns 0xBC0
T093C 003:401.861 JLINK_WriteMem(0x20146FE0, 0xBC0 Bytes, ...)
T093C 003:401.932   Data:  8E 4E 2B FF 87 48 26 FF 87 48 26 FF 86 49 27 FF ...
T093C 003:401.994   completely In flash
T093C 003:402.053 - 0.192ms returns 0xBC0
T093C 003:402.642 JLINK_WriteMem(0x20147BA0, 0xBC0 Bytes, ...)
T093C 003:402.690   Data:  8F 4E 28 FF 8D 4D 2A FF 8D 4D 2A FF 8B 4C 2A FF ...
T093C 003:402.732   completely In flash
T093C 003:402.772 - 0.129ms returns 0xBC0
T093C 003:403.367 JLINK_WriteMem(0x20148760, 0xBD0 Bytes, ...)
T093C 003:403.432   Data:  80 47 2E FF 7D 44 2B FF 7C 46 2D FF 82 50 3A FF ...
T093C 003:403.517   completely In flash
T093C 003:403.579 - 0.212ms returns 0xBD0
T093C 003:404.202 JLINK_WriteMem(0x20149330, 0xBD0 Bytes, ...)
T093C 003:404.269   Data:  EF D2 CD FF EB CE C9 FF EA CD C8 FF E9 CC C5 FF ...
T093C 003:404.328   completely In flash
T093C 003:404.384 - 0.183ms returns 0xBD0
T093C 003:405.147 JLINK_WriteMem(0x20149F00, 0xBD0 Bytes, ...)
T093C 003:405.439   Data:  F1 DF D8 FF EF D9 D3 FF EA D5 CD FF EA D0 C9 FF ...
T093C 003:405.500   completely In flash
T093C 003:405.560 - 0.416ms returns 0xBD0
T093C 003:406.172 JLINK_WriteMem(0x2014AAD0, 0xBD0 Bytes, ...)
T093C 003:406.231   Data:  B1 78 5E FF A9 6F 52 FF A1 67 4A FF 9E 64 47 FF ...
T093C 003:406.274   completely In flash
T093C 003:406.316 - 0.143ms returns 0xBD0
T093C 003:406.885 JLINK_WriteMem(0x2014B6A0, 0xBD0 Bytes, ...)
T093C 003:406.941   Data:  BC 85 70 FF B0 79 64 FF AB 74 5F FF B0 79 64 FF ...
T093C 003:406.984   completely In flash
T093C 003:407.024 - 0.139ms returns 0xBD0
T093C 003:407.620 JLINK_WriteMem(0x2014C270, 0xBD0 Bytes, ...)
T093C 003:407.682   Data:  C2 8C 75 FF B3 7D 64 FF AC 73 5A FF AA 71 57 FF ...
T093C 003:407.741   completely In flash
T093C 003:407.794 - 0.174ms returns 0xBD0
T093C 003:408.359 JLINK_WriteMem(0x2014CE40, 0xBD0 Bytes, ...)
T093C 003:408.412   Data:  A9 76 62 FF AA 77 63 FF A7 74 60 FF A3 70 5C FF ...
T093C 003:408.452   completely In flash
T093C 003:408.488 - 0.130ms returns 0xBD0
T093C 003:409.033 JLINK_WriteMem(0x2014DA10, 0xBD0 Bytes, ...)
T093C 003:409.067   Data:  BE 8C 7A FF B2 80 6E FF AA 78 66 FF A7 74 60 FF ...
T093C 003:409.105   completely In flash
T093C 003:409.142 - 0.110ms returns 0xBD0
T093C 003:409.652 JLINK_WriteMem(0x2014E5E0, 0xBC0 Bytes, ...)
T093C 003:409.684   Data:  A6 6A 52 FF A6 6B 51 FF A4 69 4F FF 9E 62 45 FF ...
T093C 003:409.722   completely In flash
T093C 003:409.759 - 0.107ms returns 0xBC0
T093C 003:410.243 JLINK_WriteMem(0x2014F1A0, 0xBC0 Bytes, ...)
T093C 003:410.276   Data:  B3 78 5E FF AE 73 59 FF A5 69 4C FF 97 5B 3E FF ...
T093C 003:410.316   completely In flash
T093C 003:410.353 - 0.110ms returns 0xBC0
T093C 003:411.134 JLINK_WriteMem(0x2014FD60, 0xBC0 Bytes, ...)
T093C 003:411.248   Data:  91 55 37 FF 99 5C 42 FF A1 67 4A FF A8 6C 54 FF ...
T093C 003:411.345   completely In flash
T093C 003:411.436 - 0.303ms returns 0xBC0
T093C 003:411.993 JLINK_WriteMem(0x20150920, 0xBC0 Bytes, ...)
T093C 003:412.072   Data:  94 54 35 FF 98 58 39 FF 99 5D 3F FF A0 63 49 FF ...
T093C 003:412.162   completely In flash
T093C 003:412.252 - 0.259ms returns 0xBC0
T093C 003:413.044 JLINK_WriteMem(0x201514E0, 0xBC0 Bytes, ...)
T093C 003:413.133   Data:  A8 73 5E FF A7 71 60 FF A6 72 61 FF AB 76 69 FF ...
T093C 003:413.227   completely In flash
T093C 003:413.318 - 0.273ms returns 0xBC0
T093C 003:414.041 JLINK_WriteMem(0x201520A0, 0xBC0 Bytes, ...)
T093C 003:414.120   Data:  B5 84 76 FF B4 86 75 FF B5 87 76 FF B3 85 74 FF ...
T093C 003:414.212   completely In flash
T093C 003:414.302 - 0.262ms returns 0xBC0
T093C 003:414.979 JLINK_WriteMem(0x20152C60, 0xBC0 Bytes, ...)
T093C 003:415.050   Data:  B2 77 63 FF B4 7B 66 FF B4 7B 66 FF B2 7A 67 FF ...
T093C 003:415.142   completely In flash
T093C 003:415.241 - 0.262ms returns 0xBC0
T093C 003:415.806 JLINK_WriteMem(0x20153820, 0xBC0 Bytes, ...)
T093C 003:415.897   Data:  B7 84 74 FF B5 82 72 FF AB 78 68 FF A6 72 62 FF ...
T093C 003:415.990   completely In flash
T093C 003:416.081 - 0.275ms returns 0xBC0
T093C 003:416.620 JLINK_WriteMem(0x201543E0, 0xBD0 Bytes, ...)
T093C 003:416.698   Data:  D9 BB B6 FF DA BC B7 FF DB BE B5 FF DC BF B6 FF ...
T093C 003:416.793   completely In flash
T093C 003:416.889 - 0.268ms returns 0xBD0
T093C 003:417.395 JLINK_WriteMem(0x20154FB0, 0xBC0 Bytes, ...)
T093C 003:417.476   Data:  DF BB B3 FF D9 B6 AC FF D4 B1 A7 FF D2 AE A4 FF ...
T093C 003:417.571   completely In flash
T093C 003:417.660 - 0.265ms returns 0xBC0
T093C 003:418.377 JLINK_WriteMem(0x20155B70, 0xBC0 Bytes, ...)
T093C 003:418.454   Data:  CD AA 9D FF CF AC 9F FF D0 AD A0 FF D0 AD A0 FF ...
T093C 003:418.508   completely In flash
T093C 003:418.564 - 0.187ms returns 0xBC0
T093C 003:419.256 JLINK_WriteMem(0x20156730, 0xBD0 Bytes, ...)
T093C 003:419.321   Data:  E2 CB C3 FF E3 CC C4 FF E6 CF C7 FF E8 D1 C9 FF ...
T093C 003:419.431   completely In flash
T093C 003:419.494 - 0.238ms returns 0xBD0
T093C 003:419.990 JLINK_WriteMem(0x20157300, 0xBD0 Bytes, ...)
T093C 003:420.076   Data:  BB 8C 76 FF C0 91 7B FF C0 94 7D FF C3 97 80 FF ...
T093C 003:420.142   completely In flash
T093C 003:420.200 - 0.211ms returns 0xBD0
T093C 003:420.724 JLINK_WriteMem(0x20157ED0, 0xBD0 Bytes, ...)
T093C 003:420.792   Data:  AC 7B 71 FF B3 7F 72 FF BA 84 73 FF B8 7F 6A FF ...
T093C 003:420.836   completely In flash
T093C 003:420.884 - 0.160ms returns 0xBD0
T093C 003:422.698 JLINK_WriteMem(0x20158AA0, 0xBD0 Bytes, ...)
T093C 003:422.761   Data:  90 52 29 FF 95 53 2A FF 90 51 25 FF 90 4C 21 FF ...
T093C 003:422.827   completely In flash
T093C 003:422.868 - 0.170ms returns 0xBD0
T093C 003:423.446 JLINK_WriteMem(0x20159670, 0xBD0 Bytes, ...)
T093C 003:423.529   Data:  94 5C 3F FF 92 57 37 FF 8E 52 2E FF 8F 51 29 FF ...
T093C 003:423.606   completely In flash
T093C 003:423.686 - 0.239ms returns 0xBD0
T093C 003:424.379 JLINK_WriteMem(0x2015A240, 0xBC0 Bytes, ...)
T093C 003:424.445   Data:  99 54 2D FF 99 55 2A FF 99 55 2A FF 98 55 28 FF ...
T093C 003:424.512   completely In flash
T093C 003:424.572 - 0.193ms returns 0xBC0
T093C 003:425.023 JLINK_WriteMem(0x2015AE00, 0xBD0 Bytes, ...)
T093C 003:425.079   Data:  96 51 29 FF 96 51 29 FF 97 52 2A FF 97 52 2A FF ...
T093C 003:425.131   completely In flash
T093C 003:425.178 - 0.155ms returns 0xBD0
T093C 003:426.090 JLINK_WriteMem(0x2015B9D0, 0xBD0 Bytes, ...)
T093C 003:426.242   Data:  96 55 2E FF 9A 59 33 FF 9C 59 38 FF 9E 5E 3C FF ...
T093C 003:426.406   completely In flash
T093C 003:426.569 - 0.480ms returns 0xBD0
T093C 003:427.229 JLINK_WriteMem(0x2015C5A0, 0xBC0 Bytes, ...)
T093C 003:427.323   Data:  A5 67 4F FF A2 64 4C FF A0 62 4A FF 9F 61 49 FF ...
T093C 003:427.425   completely In flash
T093C 003:427.520 - 0.291ms returns 0xBC0
T093C 003:428.076 JLINK_WriteMem(0x2015D160, 0xBD0 Bytes, ...)
T093C 003:428.168   Data:  A4 64 4B FF A3 63 4A FF A0 60 42 FF A2 62 44 FF ...
T093C 003:428.275   completely In flash
T093C 003:428.372 - 0.296ms returns 0xBD0
T093C 003:428.933 JLINK_WriteMem(0x2015DD30, 0xBC0 Bytes, ...)
T093C 003:429.018   Data:  A6 66 4D FF A9 69 50 FF AC 6C 53 FF AE 6E 55 FF ...
T093C 003:429.126   completely In flash
T093C 003:429.230 - 0.297ms returns 0xBC0
T093C 003:429.771 JLINK_WriteMem(0x2015E8F0, 0xBD0 Bytes, ...)
T093C 003:429.859   Data:  A0 5F 43 FF A0 61 45 FF A4 65 49 FF A8 68 4F FF ...
T093C 003:429.957   completely In flash
T093C 003:430.055 - 0.284ms returns 0xBD0
T093C 003:430.658 JLINK_WriteMem(0x2015F4C0, 0xBD0 Bytes, ...)
T093C 003:430.748   Data:  AA 6A 51 FF A8 68 4F FF A7 67 4E FF A6 66 4D FF ...
T093C 003:430.850   completely In flash
T093C 003:430.948 - 0.289ms returns 0xBD0
T093C 003:431.751 JLINK_WriteMem(0x20160090, 0xBD0 Bytes, ...)
T093C 003:431.838   Data:  99 58 2C FF 97 56 29 FF 97 56 29 FF 99 58 2B FF ...
T093C 003:431.936   completely In flash
T093C 003:432.031 - 0.280ms returns 0xBD0
T093C 003:432.775 JLINK_WriteMem(0x20160C60, 0xBD0 Bytes, ...)
T093C 003:432.861   Data:  A1 60 44 FF 9F 5F 46 FF A1 61 48 FF A4 66 4E FF ...
T093C 003:432.956   completely In flash
T093C 003:433.052 - 0.277ms returns 0xBD0
T093C 003:433.763 JLINK_WriteMem(0x20161830, 0xBC0 Bytes, ...)
T093C 003:433.850   Data:  B2 81 6B FF B7 86 70 FF B9 88 72 FF BA 89 73 FF ...
T093C 003:433.949   completely In flash
T093C 003:434.045 - 0.282ms returns 0xBC0
T093C 003:434.859 JLINK_WriteMem(0x201623F0, 0xBD0 Bytes, ...)
T093C 003:434.940   Data:  D1 B4 A6 FF CF B2 A4 FF CE B1 A3 FF CE B1 A3 FF ...
T093C 003:435.007   completely In flash
T093C 003:435.076 - 0.216ms returns 0xBD0
T093C 003:435.764 JLINK_WriteMem(0x20162FC0, 0xBD0 Bytes, ...)
T093C 003:435.832   Data:  C2 A4 93 FF C3 A5 94 FF C3 A5 94 FF 89 49 27 FF ...
T093C 003:435.898   completely In flash
T093C 003:435.958 - 0.195ms returns 0xBD0
T093C 003:436.556 JLINK_WriteMem(0x20163B90, 0xBD0 Bytes, ...)
T093C 003:436.616   Data:  8B 4B 29 FF 89 49 27 FF 87 47 25 FF 88 48 26 FF ...
T093C 003:436.681   completely In flash
T093C 003:436.740 - 0.184ms returns 0xBD0
T093C 003:437.378 JLINK_WriteMem(0x20164760, 0xBD0 Bytes, ...)
T093C 003:437.473   Data:  C4 A2 95 FF C3 A1 94 FF C2 A0 93 FF C1 9F 92 FF ...
T093C 003:437.560   completely In flash
T093C 003:437.645 - 0.267ms returns 0xBD0
T093C 003:438.384 JLINK_WriteMem(0x20165330, 0xBD0 Bytes, ...)
T093C 003:438.491   Data:  8A 4B 29 FF 89 4A 28 FF 8A 4B 29 FF 89 4A 28 FF ...
T093C 003:438.558   completely In flash
T093C 003:438.608 - 0.224ms returns 0xBD0
T093C 003:439.475 JLINK_WriteMem(0x20165F00, 0xBD0 Bytes, ...)
T093C 003:439.541   Data:  8A 4A 28 FF 8D 4D 2B FF 8E 4E 2C FF 8D 4D 2B FF ...
T093C 003:439.610   completely In flash
T093C 003:439.677 - 0.202ms returns 0xBD0
T093C 003:440.264 JLINK_WriteMem(0x20166AD0, 0xBD0 Bytes, ...)
T093C 003:440.348   Data:  8E 4E 2C FF 8D 4D 2B FF 8C 4C 2A FF 8B 4B 29 FF ...
T093C 003:440.412   completely In flash
T093C 003:440.474 - 0.211ms returns 0xBD0
T093C 003:441.135 JLINK_WriteMem(0x201676A0, 0xBD0 Bytes, ...)
T093C 003:441.184   Data:  83 47 2A FF 83 4B 2E FF 92 59 40 FF A4 6E 55 FF ...
T093C 003:441.226   completely In flash
T093C 003:441.265 - 0.130ms returns 0xBD0
T093C 003:441.803 JLINK_WriteMem(0x20168270, 0xBC0 Bytes, ...)
T093C 003:441.838   Data:  FF FA F3 FF FF FA F3 FF FF F9 F4 FF FF FA F5 FF ...
T093C 003:441.878   completely In flash
T093C 003:441.916 - 0.113ms returns 0xBC0
T093C 003:442.431 JLINK_WriteMem(0x20168E30, 0xBC0 Bytes, ...)
T093C 003:442.462   Data:  F8 E4 DF FF FC E3 DF FF FD E4 E0 FF FE E5 E1 FF ...
T093C 003:442.508   completely In flash
T093C 003:442.546 - 0.115ms returns 0xBC0
T093C 003:443.026 JLINK_WriteMem(0x201699F0, 0xBD0 Bytes, ...)
T093C 003:443.060   Data:  FA E5 E3 FF F4 E1 DE FF F4 E1 DE FF F3 E0 DD FF ...
T093C 003:443.714   completely In flash
T093C 003:443.774 - 0.747ms returns 0xBD0
T093C 003:444.464 JLINK_WriteMem(0x2016A5C0, 0xBD0 Bytes, ...)
T093C 003:444.510   Data:  E8 CE C7 FF E7 CD C6 FF E6 CC C5 FF E6 CC C5 FF ...
T093C 003:444.554   completely In flash
T093C 003:444.595 - 0.131ms returns 0xBD0
T093C 003:445.144 JLINK_WriteMem(0x2016B190, 0xBD0 Bytes, ...)
T093C 003:445.246   Data:  ED D8 D0 FF E9 D4 CC FF EA D5 CD FF EC D7 CF FF ...
T093C 003:445.348   completely In flash
T093C 003:445.449 - 0.305ms returns 0xBD0
T093C 003:445.947 JLINK_WriteMem(0x2016BD60, 0xBD0 Bytes, ...)
T093C 003:445.999   Data:  E9 D4 CC FF E9 D4 CC FF E8 D3 CB FF E9 D4 CC FF ...
T093C 003:446.045   completely In flash
T093C 003:446.084 - 0.137ms returns 0xBD0
T093C 003:446.986 JLINK_WriteMem(0x2016C930, 0xBD0 Bytes, ...)
T093C 003:447.100   Data:  E9 D5 D0 FF E9 D5 D0 FF E9 D3 CD FF E8 D2 CC FF ...
T093C 003:447.207   completely In flash
T093C 003:447.303 - 0.317ms returns 0xBD0
T093C 003:448.418 JLINK_WriteMem(0x2016D500, 0xBD0 Bytes, ...)
T093C 003:448.478   Data:  DC C6 BB FF DC C3 B9 FF DB C2 B8 FF D5 BA B0 FF ...
T093C 003:448.531   completely In flash
T093C 003:448.578 - 0.159ms returns 0xBD0
T093C 003:449.265 JLINK_WriteMem(0x2016E0D0, 0xBD0 Bytes, ...)
T093C 003:449.372   Data:  DA C0 B9 FF DB C1 BA FF DC C2 BB FF DC C2 BB FF ...
T093C 003:449.461   completely In flash
T093C 003:449.565 - 0.300ms returns 0xBD0
T093C 003:450.084 JLINK_WriteMem(0x2016ECA0, 0xBD0 Bytes, ...)
T093C 003:450.145   Data:  E1 C7 C0 FF E2 C8 C1 FF DF CA C2 FF DE C9 C1 FF ...
T093C 003:450.193   completely In flash
T093C 003:450.233 - 0.149ms returns 0xBD0
T093C 003:450.949 JLINK_WriteMem(0x2016F870, 0xBD0 Bytes, ...)
T093C 003:451.010   Data:  E0 CD C5 FF DF CC C4 FF DF CC C4 FF DD CA C2 FF ...
T093C 003:451.068   completely In flash
T093C 003:451.119 - 0.170ms returns 0xBD0
T093C 003:451.948 JLINK_WriteMem(0x20170440, 0xBD0 Bytes, ...)
T093C 003:452.023   Data:  FC E6 E0 FF FA E4 DE FF F8 E2 DC FF F7 DF D9 FF ...
T093C 003:452.095   completely In flash
T093C 003:452.154 - 0.207ms returns 0xBD0
T093C 003:452.626 JLINK_WriteMem(0x20171010, 0xBD0 Bytes, ...)
T093C 003:452.697   Data:  F2 DE D9 FF F2 DE D9 FF F0 DC D7 FF EE DA D5 FF ...
T093C 003:452.758   completely In flash
T093C 003:452.815 - 0.189ms returns 0xBD0
T093C 003:453.384 JLINK_WriteMem(0x20171BE0, 0xBD0 Bytes, ...)
T093C 003:453.465   Data:  E0 CC C1 FF DF CB C0 FF DE CA BF FF DD C9 BE FF ...
T093C 003:453.544   completely In flash
T093C 003:453.619 - 0.234ms returns 0xBD0
T093C 003:454.353 JLINK_WriteMem(0x201727B0, 0xBD0 Bytes, ...)
T093C 003:454.504   Data:  DD C0 B9 FF DC BF B8 FF DD C0 B9 FF DD C1 BA FF ...
T093C 003:454.638   completely In flash
T093C 003:454.746 - 0.394ms returns 0xBD0
T093C 003:455.701 JLINK_WriteMem(0x20173380, 0xBE0 Bytes, ...)
T093C 003:455.783   Data:  E0 C6 BF FF DF C5 BE FF DB C4 BC FF DB C4 BC FF ...
T093C 003:455.849   completely In flash
T093C 003:455.911 - 0.210ms returns 0xBE0
T093C 003:456.469 JLINK_WriteMem(0x20173F60, 0xBE0 Bytes, ...)
T093C 003:456.534   Data:  DB C4 BC FF DB C4 BC FF DC C5 BD FF DF C5 BE FF ...
T093C 003:456.592   completely In flash
T093C 003:456.641 - 0.173ms returns 0xBE0
T093C 003:457.219 JLINK_WriteMem(0x20174B40, 0xBE0 Bytes, ...)
T093C 003:457.286   Data:  DB C1 BA FF DC C2 BB FF E3 C9 C2 FF E3 C9 C2 FF ...
T093C 003:457.356   completely In flash
T093C 003:457.416 - 0.198ms returns 0xBE0
T093C 003:457.995 JLINK_WriteMem(0x20175720, 0xBE0 Bytes, ...)
T093C 003:458.059   Data:  DD C4 BA FF DA C1 B7 FF D6 BD B3 FF D3 BA B0 FF ...
T093C 003:458.125   completely In flash
T093C 003:458.189 - 0.195ms returns 0xBE0
T093C 003:458.604 JLINK_WriteMem(0x20176300, 0xBE0 Bytes, ...)
T093C 003:458.656   Data:  DC C3 B9 FF DC C3 B9 FF DA C1 B7 FF D6 BD B3 FF ...
T093C 003:458.720   completely In flash
T093C 003:458.768 - 0.165ms returns 0xBE0
T093C 003:459.307 JLINK_WriteMem(0x20176EE0, 0xBD0 Bytes, ...)
T093C 003:459.339   Data:  DD C5 B9 FF DE C6 BA FF DD C5 B9 FF DB C3 B7 FF ...
T093C 003:459.382   completely In flash
T093C 003:459.420 - 0.113ms returns 0xBD0
T093C 003:459.937 JLINK_WriteMem(0x20177AB0, 0xBD0 Bytes, ...)
T093C 003:459.970   Data:  E1 C7 C0 FF E2 C8 C1 FF DD C8 C0 FF DD C8 C0 FF ...
T093C 003:460.012   completely In flash
T093C 003:460.052 - 0.114ms returns 0xBD0
T093C 003:460.496 JLINK_WriteMem(0x20178680, 0xBE0 Bytes, ...)
T093C 003:460.530   Data:  E0 CB C3 FF E1 CC C4 FF E1 CC C4 FF E2 CD C5 FF ...
T093C 003:460.571   completely In flash
T093C 003:460.610 - 0.114ms returns 0xBE0
T093C 003:461.056 JLINK_WriteMem(0x20179260, 0xBE0 Bytes, ...)
T093C 003:461.088   Data:  E1 CD C8 FF E2 CE C9 FF E3 CF CA FF E4 D0 CB FF ...
T093C 003:461.128   completely In flash
T093C 003:461.168 - 0.112ms returns 0xBE0
T093C 003:461.614 JLINK_WriteMem(0x20179E40, 0xBE0 Bytes, ...)
T093C 003:461.648   Data:  E1 C7 C0 FF DC C7 BF FF DC C7 BF FF DB C6 BE FF ...
T093C 003:461.702   completely In flash
T093C 003:461.742 - 0.128ms returns 0xBE0
T093C 003:462.187 JLINK_WriteMem(0x2017AA20, 0xBE0 Bytes, ...)
T093C 003:462.222   Data:  DD C3 BC FF DD C3 BC FF DF C5 BE FF E1 C7 C0 FF ...
T093C 003:462.260   completely In flash
T093C 003:462.301 - 0.113ms returns 0xBE0
T093C 003:462.754 JLINK_WriteMem(0x2017B600, 0xBE0 Bytes, ...)
T093C 003:462.787   Data:  E0 C3 BA FF E2 C5 BC FF DE C4 BD FF DE C4 BD FF ...
T093C 003:462.826   completely In flash
T093C 003:462.865 - 0.111ms returns 0xBE0
T093C 003:463.314 JLINK_WriteMem(0x2017C1E0, 0xBE0 Bytes, ...)
T093C 003:463.347   Data:  D7 BA B1 FF D5 B8 AF FF D4 B7 AE FF D4 B7 AE FF ...
T093C 003:463.387   completely In flash
T093C 003:463.426 - 0.112ms returns 0xBE0
T093C 003:463.890 JLINK_WriteMem(0x2017CDC0, 0xBE0 Bytes, ...)
T093C 003:463.921   Data:  E0 C3 BA FF E2 C5 BC FF DB C1 BA FF DB C1 BA FF ...
T093C 003:463.959   completely In flash
T093C 003:464.001 - 0.111ms returns 0xBE0
T093C 003:464.486 JLINK_WriteMem(0x2017D9A0, 0xBE0 Bytes, ...)
T093C 003:464.519   Data:  E2 CD C5 FF E3 CE C6 FF E3 CE C6 FF E5 D0 C8 FF ...
T093C 003:464.560   completely In flash
T093C 003:464.598 - 0.112ms returns 0xBE0
T093C 003:465.095 JLINK_WriteMem(0x2017E580, 0xBE0 Bytes, ...)
T093C 003:465.136   Data:  EE DA D5 FF ED D9 D4 FF EC D8 D3 FF EC D8 D3 FF ...
T093C 003:465.182   completely In flash
T093C 003:465.223 - 0.129ms returns 0xBE0
T093C 003:465.784 JLINK_WriteMem(0x2017F160, 0xBE0 Bytes, ...)
T093C 003:465.880   Data:  DF C5 BE FF E2 C6 BF FF E1 C5 BE FF E0 C4 BD FF ...
T093C 003:465.958   completely In flash
T093C 003:466.028 - 0.244ms returns 0xBE0
T093C 003:466.499 JLINK_WriteMem(0x2017FD40, 0xBE0 Bytes, ...)
T093C 003:466.569   Data:  DA BD B4 FF DB BE B5 FF DB BE B5 FF D9 BE B4 FF ...
T093C 003:466.645   completely In flash
T093C 003:466.716 - 0.217ms returns 0xBE0
T093C 003:467.344 JLINK_WriteMem(0x20180920, 0xBE0 Bytes, ...)
T093C 003:467.431   Data:  D9 BC B3 FF D8 BB B2 FF D7 BA B1 FF D6 B9 B0 FF ...
T093C 003:467.534   completely In flash
T093C 003:467.622 - 0.278ms returns 0xBE0
T093C 003:468.380 JLINK_WriteMem(0x20181500, 0xBE0 Bytes, ...)
T093C 003:468.457   Data:  D7 BB B4 FF D4 B8 B1 FF D7 BA B1 FF DA BD B4 FF ...
T093C 003:468.520   completely In flash
T093C 003:468.577 - 0.198ms returns 0xBE0
T093C 003:469.063 JLINK_WriteMem(0x201820E0, 0xBE0 Bytes, ...)
T093C 003:469.113   Data:  D7 BC B2 FF D8 BD B3 FF D8 BD B3 FF D7 BA B1 FF ...
T093C 003:469.160   completely In flash
T093C 003:469.199 - 0.136ms returns 0xBE0
T093C 003:469.742 JLINK_WriteMem(0x20182CC0, 0xBE0 Bytes, ...)
T093C 003:469.813   Data:  DD C4 BA FF DD C2 B8 FF DD C2 B8 FF DD C0 B7 FF ...
T093C 003:469.875   completely In flash
T093C 003:469.932 - 0.190ms returns 0xBE0
T093C 003:470.446 JLINK_WriteMem(0x201838A0, 0xBE0 Bytes, ...)
T093C 003:470.528   Data:  DC C3 B9 FF DA C4 B9 FF DB C5 BA FF DC C6 BB FF ...
T093C 003:470.595   completely In flash
T093C 003:470.652 - 0.206ms returns 0xBE0
T093C 003:471.250 JLINK_WriteMem(0x20184480, 0xBE0 Bytes, ...)
T093C 003:471.342   Data:  DF C5 BE FF DE C4 BD FF DD C3 BC FF DB C1 BA FF ...
T093C 003:471.406   completely In flash
T093C 003:471.462 - 0.212ms returns 0xBE0
T093C 003:472.100 JLINK_WriteMem(0x20185060, 0xBE0 Bytes, ...)
T093C 003:472.172   Data:  DE C7 BF FF DD C6 BE FF DF C5 BE FF DE C4 BD FF ...
T093C 003:472.236   completely In flash
T093C 003:472.292 - 0.193ms returns 0xBE0
T093C 003:472.928 JLINK_WriteMem(0x20185C40, 0xBE0 Bytes, ...)
T093C 003:472.988   Data:  E7 CC C8 FF E8 CD C9 FF E7 CC C8 FF E6 CB C7 FF ...
T093C 003:473.047   completely In flash
T093C 003:473.102 - 0.175ms returns 0xBE0
T093C 003:473.630 JLINK_WriteMem(0x20186820, 0xBE0 Bytes, ...)
T093C 003:473.696   Data:  E7 D1 CC FF E9 D0 CC FF E6 CD C9 FF E5 CC C8 FF ...
T093C 003:473.760   completely In flash
T093C 003:473.817 - 0.186ms returns 0xBE0
T093C 003:474.345 JLINK_WriteMem(0x20187400, 0xBE0 Bytes, ...)
T093C 003:474.406   Data:  E2 CD C5 FF E3 CE C6 FF E4 CF C7 FF E5 D0 C8 FF ...
T093C 003:474.469   completely In flash
T093C 003:474.528 - 0.183ms returns 0xBE0
T093C 003:475.056 JLINK_WriteMem(0x20187FE0, 0xBE0 Bytes, ...)
T093C 003:475.115   Data:  E6 D1 C9 FF E5 D0 C8 FF E6 D1 C9 FF E7 D2 CA FF ...
T093C 003:475.172   completely In flash
T093C 003:475.228 - 0.171ms returns 0xBE0
T093C 003:475.766 JLINK_WriteMem(0x20188BC0, 0xBE0 Bytes, ...)
T093C 003:475.827   Data:  E6 D1 C9 FF E5 D0 C8 FF E6 D1 C9 FF E7 D2 CA FF ...
T093C 003:475.888   completely In flash
T093C 003:475.946 - 0.180ms returns 0xBE0
T093C 003:477.380 JLINK_WriteMem(0x201897A0, 0xBE0 Bytes, ...)
T093C 003:477.459   Data:  E7 D2 CA FF E7 D2 CA FF E8 D3 CB FF E7 D2 CA FF ...
T093C 003:477.528   completely In flash
T093C 003:477.588 - 0.209ms returns 0xBE0
T093C 003:478.276 JLINK_WriteMem(0x2018A380, 0xBE0 Bytes, ...)
T093C 003:478.349   Data:  E5 CF CA FF E5 CF CA FF E3 CD C8 FF E1 CB C6 FF ...
T093C 003:478.412   completely In flash
T093C 003:478.475 - 0.200ms returns 0xBE0
T093C 003:479.010 JLINK_WriteMem(0x2018AF60, 0xBE0 Bytes, ...)
T093C 003:479.077   Data:  E2 C8 C1 FF E1 C7 C0 FF E0 C6 BF FF DE C4 BD FF ...
T093C 003:479.144   completely In flash
T093C 003:479.201 - 0.191ms returns 0xBE0
T093C 003:479.743 JLINK_WriteMem(0x2018BB40, 0xBE0 Bytes, ...)
T093C 003:479.802   Data:  C3 92 84 FF BC 8B 7B FF B6 85 75 FF B1 7E 6E FF ...
T093C 003:479.869   completely In flash
T093C 003:479.940 - 0.197ms returns 0xBE0
T093C 003:480.552 JLINK_WriteMem(0x2018C720, 0xBE0 Bytes, ...)
T093C 003:480.631   Data:  A2 66 4E FF 9F 63 4B FF 9C 60 48 FF 9E 62 4A FF ...
T093C 003:480.721   completely In flash
T093C 003:480.800 - 0.248ms returns 0xBE0
T093C 003:481.422 JLINK_WriteMem(0x2018D300, 0xBE0 Bytes, ...)
T093C 003:481.512   Data:  A4 64 4B FF A2 5F 48 FF A4 61 4A FF A7 64 4D FF ...
T093C 003:481.610   completely In flash
T093C 003:481.702 - 0.280ms returns 0xBE0
T093C 003:482.364 JLINK_WriteMem(0x2018DEE0, 0xBE0 Bytes, ...)
T093C 003:482.441   Data:  B4 7D 68 FF B3 7C 67 FF B3 7E 69 FF B2 7D 68 FF ...
T093C 003:482.510   completely In flash
T093C 003:482.568 - 0.204ms returns 0xBE0
T093C 003:483.141 JLINK_WriteMem(0x2018EAC0, 0xBE0 Bytes, ...)
T093C 003:483.214   Data:  B3 7C 67 FF B2 7D 68 FF B3 7E 69 FF B6 7F 6A FF ...
T093C 003:483.283   completely In flash
T093C 003:483.345 - 0.204ms returns 0xBE0
T093C 003:483.912 JLINK_WriteMem(0x2018F6A0, 0xBE0 Bytes, ...)
T093C 003:483.991   Data:  97 56 23 FF 97 52 27 FF 98 53 28 FF 98 53 28 FF ...
T093C 003:484.079   completely In flash
T093C 003:484.156 - 0.245ms returns 0xBE0
T093C 003:484.816 JLINK_WriteMem(0x20190280, 0xBE0 Bytes, ...)
T093C 003:484.894   Data:  9D 5D 3B FF 9A 5A 38 FF 97 58 32 FF 96 57 31 FF ...
T093C 003:484.956   completely In flash
T093C 003:485.016 - 0.200ms returns 0xBE0
T093C 003:485.674 JLINK_WriteMem(0x20190E60, 0xBE0 Bytes, ...)
T093C 003:485.748   Data:  9E 67 48 FF A1 6A 4B FF A3 6D 4F FF A7 71 53 FF ...
T093C 003:485.810   completely In flash
T093C 003:485.872 - 0.198ms returns 0xBE0
T093C 003:486.573 JLINK_WriteMem(0x20191A40, 0xBE0 Bytes, ...)
T093C 003:486.638   Data:  9A 5A 41 FF 9C 5C 43 FF A0 60 47 FF A1 64 4A FF ...
T093C 003:486.704   completely In flash
T093C 003:486.761 - 0.188ms returns 0xBE0
T093C 003:488.290 JLINK_WriteMem(0x20192620, 0xBE0 Bytes, ...)
T093C 003:488.505   Data:  99 59 3B FF 97 55 3C FF 96 54 3B FF 93 53 3A FF ...
T093C 003:488.579   completely In flash
T093C 003:488.654 - 0.366ms returns 0xBE0
T093C 003:490.396 JLINK_WriteMem(0x20193200, 0xBE0 Bytes, ...)
T093C 003:490.482   Data:  AE 73 59 FF B0 77 5D FF B3 79 63 FF B3 7D 66 FF ...
T093C 003:491.314   completely In flash
T093C 003:491.400 - 1.004ms returns 0xBE0
T093C 003:491.986 JLINK_WriteMem(0x20193DE0, 0xBE0 Bytes, ...)
T093C 003:492.033   Data:  FF F1 F2 FF FD EF F0 FF FB ED EE FF F9 EB EC FF ...
T093C 003:492.094   completely In flash
T093C 003:492.150 - 0.164ms returns 0xBE0
T093C 003:492.665 JLINK_WriteMem(0x201949C0, 0xBE0 Bytes, ...)
T093C 003:492.709   Data:  ED DA D2 FF F0 DD D6 FF F3 E0 D9 FF F4 E2 DB FF ...
T093C 003:492.766   completely In flash
T093C 003:492.821 - 0.156ms returns 0xBE0
T093C 003:493.365 JLINK_WriteMem(0x201955A0, 0xBE0 Bytes, ...)
T093C 003:493.436   Data:  EF DB D6 FF EF DC D7 FF F4 E1 DC FF F3 E0 DB FF ...
T093C 003:493.500   completely In flash
T093C 003:493.562 - 0.197ms returns 0xBE0
T093C 003:494.163 JLINK_WriteMem(0x20196180, 0xBD0 Bytes, ...)
T093C 003:494.225   Data:  F5 E5 DF FF F7 E4 DF FF F7 E4 DF FF F8 E5 E0 FF ...
T093C 003:494.286   completely In flash
T093C 003:494.346 - 0.184ms returns 0xBD0
T093C 003:494.849 JLINK_WriteMem(0x20196D50, 0xBE0 Bytes, ...)
T093C 003:494.908   Data:  E7 D3 CE FF E6 D2 CD FF E7 D3 CE FF E8 D4 CF FF ...
T093C 003:494.966   completely In flash
T093C 003:495.005 - 0.157ms returns 0xBE0
T093C 003:495.573 JLINK_WriteMem(0x20197930, 0xBD0 Bytes, ...)
T093C 003:495.643   Data:  DE C9 C1 FF DD C8 C0 FF DE C9 C1 FF DE C9 C1 FF ...
T093C 003:495.706   completely In flash
T093C 003:495.764 - 0.191ms returns 0xBD0
T093C 003:496.233 JLINK_WriteMem(0x20198500, 0xBE0 Bytes, ...)
T093C 003:496.298   Data:  E9 D3 CE FF E8 D2 CD FF E7 D1 CC FF E4 D0 CB FF ...
T093C 003:496.356   completely In flash
T093C 003:496.411 - 0.179ms returns 0xBE0
T093C 003:496.957 JLINK_WriteMem(0x201990E0, 0xBE0 Bytes, ...)
T093C 003:497.020   Data:  E0 C4 BD FF DD C8 C0 FF DC C7 BF FF DC C8 BD FF ...
T093C 003:497.080   completely In flash
T093C 003:497.137 - 0.180ms returns 0xBE0
T093C 003:497.764 JLINK_WriteMem(0x20199CC0, 0xBD0 Bytes, ...)
T093C 003:497.834   Data:  AB 6F 59 FF AA 6C 54 FF A9 6B 53 FF AA 6C 54 FF ...
T093C 003:497.895   completely In flash
T093C 003:497.956 - 0.192ms returns 0xBD0
T093C 003:498.565 JLINK_WriteMem(0x2019A890, 0xBD0 Bytes, ...)
T093C 003:498.632   Data:  98 53 28 FF 98 54 27 FF 98 54 27 FF 98 53 28 FF ...
T093C 003:498.692   completely In flash
T093C 003:498.746 - 0.180ms returns 0xBD0
T093C 003:499.182 JLINK_WriteMem(0x2019B460, 0xBD0 Bytes, ...)
T093C 003:499.244   Data:  96 53 2C FF 98 54 31 FF 97 58 32 FF 9A 5A 38 FF ...
T093C 003:499.291   completely In flash
T093C 003:499.335 - 0.153ms returns 0xBD0
T093C 003:499.973 JLINK_WriteMem(0x2019C030, 0xBD0 Bytes, ...)
T093C 003:500.038   Data:  DC C1 B7 FF D9 BE B4 FF D9 BE B4 FF D8 BD B3 FF ...
T093C 003:500.099   completely In flash
T093C 003:500.157 - 0.184ms returns 0xBD0
T093C 003:500.750 JLINK_WriteMem(0x2019CC00, 0xBD0 Bytes, ...)
T093C 003:500.812   Data:  F1 DF D8 FF EF DC D7 FF F0 DD D8 FF EF DF D9 FF ...
T093C 003:500.872   completely In flash
T093C 003:500.930 - 0.179ms returns 0xBD0
T093C 003:501.676 JLINK_WriteMem(0x2019D7D0, 0xBD0 Bytes, ...)
T093C 003:501.764   Data:  F2 DF DA FF F5 E2 DA FF F3 E0 D8 FF F1 DE D6 FF ...
T093C 003:501.826   completely In flash
T093C 003:501.886 - 0.210ms returns 0xBD0
T093C 003:502.565 JLINK_WriteMem(0x2019E3A0, 0xBD0 Bytes, ...)
T093C 003:502.638   Data:  F2 DF D7 FF F0 DD D5 FF EF DC D4 FF ED DA D2 FF ...
T093C 003:502.698   completely In flash
T093C 003:502.756 - 0.191ms returns 0xBD0
T093C 003:504.329 JLINK_WriteMem(0x2019EF70, 0xBD0 Bytes, ...)
T093C 003:504.394   Data:  E9 D6 CE FF E9 D6 CE FF E7 D4 CC FF E5 D2 CA FF ...
T093C 003:504.440   completely In flash
T093C 003:504.480 - 0.151ms returns 0xBD0
T093C 003:504.939 JLINK_WriteMem(0x2019FB40, 0xBD0 Bytes, ...)
T093C 003:504.986   Data:  ED DA D5 FF ED DA D5 FF EE DB D6 FF EE DB D6 FF ...
T093C 003:505.031   completely In flash
T093C 003:505.075 - 0.137ms returns 0xBD0
T093C 003:505.636 JLINK_WriteMem(0x201A0710, 0xBD0 Bytes, ...)
T093C 003:505.679   Data:  F6 E5 E2 FF F5 E4 E1 FF F6 E5 E2 FF F5 E6 E3 FF ...
T093C 003:505.723   completely In flash
T093C 003:505.765 - 0.129ms returns 0xBD0
T093C 003:506.153 JLINK_WriteMem(0x201A12E0, 0xBD0 Bytes, ...)
T093C 003:506.193   Data:  ED DA D5 FF EB D8 D3 FF E8 D5 D0 FF E6 D3 CE FF ...
T093C 003:506.231   completely In flash
T093C 003:506.270 - 0.116ms returns 0xBD0
T093C 003:506.795 JLINK_WriteMem(0x201A1EB0, 0xBD0 Bytes, ...)
T093C 003:506.841   Data:  E8 D4 CF FF E9 D5 D0 FF E9 D5 D0 FF E7 D3 CE FF ...
T093C 003:506.883   completely In flash
T093C 003:506.923 - 0.128ms returns 0xBD0
T093C 003:507.366 JLINK_WriteMem(0x201A2A80, 0xBD0 Bytes, ...)
T093C 003:507.439   Data:  E6 D0 CB FF E6 D0 CB FF E5 CF CA FF E4 CE C9 FF ...
T093C 003:507.497   completely In flash
T093C 003:507.551 - 0.185ms returns 0xBD0
T093C 003:508.147 JLINK_WriteMem(0x201A3650, 0xBD0 Bytes, ...)
T093C 003:508.196   Data:  E1 CC C4 FF E2 CD C5 FF E3 CE C6 FF E4 CF C7 FF ...
T093C 003:508.255   completely In flash
T093C 003:508.312 - 0.165ms returns 0xBD0
T093C 003:508.952 JLINK_WriteMem(0x201A4220, 0xBC0 Bytes, ...)
T093C 003:509.033   Data:  E3 CE C6 FF E2 CD C5 FF E4 CC C6 FF E5 CD C7 FF ...
T093C 003:509.113   completely In flash
T093C 003:509.189 - 0.238ms returns 0xBC0
T093C 003:509.761 JLINK_WriteMem(0x201A4DE0, 0xBD0 Bytes, ...)
T093C 003:509.827   Data:  97 56 29 FF 97 56 29 FF 96 55 28 FF 95 54 27 FF ...
T093C 003:509.918   completely In flash
T093C 003:510.006 - 0.245ms returns 0xBD0
T093C 003:510.682 JLINK_WriteMem(0x201A59B0, 0xBD0 Bytes, ...)
T093C 003:510.768   Data:  D8 BF B5 FF DA BF B5 FF DB C0 B6 FF D8 BD B3 FF ...
T093C 003:510.859   completely In flash
T093C 003:510.952 - 0.269ms returns 0xBD0
T093C 003:511.444 JLINK_WriteMem(0x201A6580, 0xBD0 Bytes, ...)
T093C 003:511.508   Data:  DE CB C3 FF DF CC C4 FF E0 CD C5 FF E0 CD C5 FF ...
T093C 003:511.567   completely In flash
T093C 003:511.607 - 0.162ms returns 0xBD0
T093C 003:512.429 JLINK_WriteMem(0x201A7150, 0xBD0 Bytes, ...)
T093C 003:512.484   Data:  F4 E8 E4 FF F7 E8 E5 FF F7 E8 E5 FF F5 E6 E3 FF ...
T093C 003:512.526   completely In flash
T093C 003:512.566 - 0.138ms returns 0xBD0
T093C 003:513.146 JLINK_WriteMem(0x201A7D20, 0xBD0 Bytes, ...)
T093C 003:513.213   Data:  E7 D3 CE FF E4 D0 CB FF E2 CE C9 FF E2 CE C9 FF ...
T093C 003:513.264   completely In flash
T093C 003:513.317 - 0.171ms returns 0xBD0
T093C 003:513.868 JLINK_WriteMem(0x201A88F0, 0xBD0 Bytes, ...)
T093C 003:513.928   Data:  DF CA C2 FF DE C9 C1 FF DE C9 C1 FF DF CA C2 FF ...
T093C 003:513.991   completely In flash
T093C 003:514.049 - 0.181ms returns 0xBD0
T093C 003:514.737 JLINK_WriteMem(0x201A94C0, 0xBC0 Bytes, ...)
T093C 003:514.806   Data:  94 53 2C FF 98 54 29 FF 99 55 2A FF 98 54 29 FF ...
T093C 003:514.892   completely In flash
T093C 003:514.983 - 0.246ms returns 0xBC0
T093C 003:515.584 JLINK_WriteMem(0x201AA080, 0xBE0 Bytes, ...)
T093C 003:515.668   Data:  9C 5C 3E FF 99 5D 3F FF 99 5C 42 FF 98 5F 45 FF ...
T093C 003:515.763   completely In flash
T093C 003:515.862 - 0.277ms returns 0xBE0
T093C 003:516.408 JLINK_WriteMem(0x201AAC60, 0xBE0 Bytes, ...)
T093C 003:516.496   Data:  DD C8 C0 FF DB C6 BE FF DC C7 BF FF DD C8 C0 FF ...
T093C 003:516.595   completely In flash
T093C 003:516.691 - 0.284ms returns 0xBE0
T093C 003:517.176 JLINK_WriteMem(0x201AB840, 0xBD0 Bytes, ...)
T093C 003:517.246   Data:  ED DA D7 FF F0 DD DA FF F2 DF DC FF F3 E0 DD FF ...
T093C 003:517.292   completely In flash
T093C 003:517.331 - 0.155ms returns 0xBD0
T093C 003:518.076 JLINK_WriteMem(0x201AC410, 0xBD0 Bytes, ...)
T093C 003:518.179   Data:  E9 D3 CE FF EA D4 CF FF E9 D5 D0 FF EA D6 D1 FF ...
T093C 003:518.285   completely In flash
T093C 003:518.385 - 0.309ms returns 0xBD0
T093C 003:519.052 JLINK_WriteMem(0x201ACFE0, 0xBD0 Bytes, ...)
T093C 003:519.136   Data:  EB D7 D2 FF E9 D5 D0 FF E7 D3 CE FF E6 D2 CD FF ...
T093C 003:519.190   completely In flash
T093C 003:519.246 - 0.194ms returns 0xBD0
T093C 003:519.855 JLINK_WriteMem(0x201ADBB0, 0xBD0 Bytes, ...)
T093C 003:519.954   Data:  E3 CC C4 FF E4 CD C5 FF E6 CF C7 FF E7 D0 C8 FF ...
T093C 003:520.064   completely In flash
T093C 003:520.166 - 0.311ms returns 0xBD0
T093C 003:520.980 JLINK_WriteMem(0x201AE780, 0xBD0 Bytes, ...)
T093C 003:521.088   Data:  DD C3 BD FF DC C2 BC FF DD C1 BA FF DB BF B8 FF ...
T093C 003:521.199   completely In flash
T093C 003:521.304 - 0.324ms returns 0xBD0
T093C 003:522.118 JLINK_WriteMem(0x201AF350, 0xBC0 Bytes, ...)
T093C 003:522.212   Data:  98 54 29 FF 9B 57 2C FF 9A 56 2B FF 99 55 2A FF ...
T093C 003:522.316   completely In flash
T093C 003:522.417 - 0.299ms returns 0xBC0
T093C 003:523.106 JLINK_WriteMem(0x201AFF10, 0xBD0 Bytes, ...)
T093C 003:523.196   Data:  ED DC D9 FF EB DA D7 FF EB DA D7 FF EE DB D8 FF ...
T093C 003:523.300   completely In flash
T093C 003:523.401 - 0.295ms returns 0xBD0
T093C 003:524.067 JLINK_WriteMem(0x201B0AE0, 0xBD0 Bytes, ...)
T093C 003:524.159   Data:  DC C7 BF FF DE C9 C1 FF DF CA C2 FF DC C7 BF FF ...
T093C 003:524.264   completely In flash
T093C 003:524.365 - 0.298ms returns 0xBD0
T093C 003:524.961 JLINK_WriteMem(0x201B16B0, 0xBD0 Bytes, ...)
T093C 003:525.030   Data:  F6 E7 E5 FF F7 E8 E6 FF F8 E9 E7 FF F9 EA E8 FF ...
T093C 003:525.098   completely In flash
T093C 003:525.156 - 0.194ms returns 0xBD0
T093C 003:525.631 JLINK_WriteMem(0x201B2280, 0xBD0 Bytes, ...)
T093C 003:525.694   Data:  EB D7 D2 FF EA D5 CD FF E9 D4 CC FF E9 D4 CC FF ...
T093C 003:525.742   completely In flash
T093C 003:525.790 - 0.159ms returns 0xBD0
T093C 003:526.385 JLINK_WriteMem(0x201B2E50, 0xBD0 Bytes, ...)
T093C 003:526.463   Data:  E4 D0 CB FF E5 D1 CC FF E5 D1 CC FF E6 D2 CD FF ...
T093C 003:526.536   completely In flash
T093C 003:526.611 - 0.226ms returns 0xBD0
T093C 003:527.221 JLINK_WriteMem(0x201B3A20, 0xBD0 Bytes, ...)
T093C 003:527.293   Data:  E7 D2 CA FF E4 CF C7 FF E4 CF C7 FF E5 D0 C8 FF ...
T093C 003:527.352   completely In flash
T093C 003:527.510 - 0.289ms returns 0xBD0
T093C 003:528.192 JLINK_WriteMem(0x201B45F0, 0xBC0 Bytes, ...)
T093C 003:528.268   Data:  93 53 2A FF 92 52 29 FF 92 52 29 FF 93 53 2A FF ...
T093C 003:528.349   completely In flash
T093C 003:528.420 - 0.228ms returns 0xBC0
T093C 003:529.828 JLINK_WriteMem(0x201B51B0, 0xBD0 Bytes, ...)
T093C 003:529.888   Data:  F3 E4 E2 FF F4 E5 E3 FF F5 E6 E4 FF F5 E6 E4 FF ...
T093C 003:529.930   completely In flash
T093C 003:529.972 - 0.144ms returns 0xBD0
T093C 003:530.560 JLINK_WriteMem(0x201B5D80, 0xBD0 Bytes, ...)
T093C 003:530.605   Data:  E7 D3 CE FF E5 D1 CC FF E4 D0 CB FF E2 CE C9 FF ...
T093C 003:530.695   completely In flash
T093C 003:530.795 - 0.234ms returns 0xBD0
T093C 003:531.608 JLINK_WriteMem(0x201B6950, 0xBD0 Bytes, ...)
T093C 003:531.708   Data:  DF CC C4 FF DF CC C4 FF E5 CC C8 FF E5 CC C8 FF ...
T093C 003:531.827   completely In flash
T093C 003:531.937 - 0.330ms returns 0xBD0
T093C 003:532.687 JLINK_WriteMem(0x201B7520, 0xBD0 Bytes, ...)
T093C 003:532.783   Data:  E8 D5 D2 FF E6 D3 D0 FF E6 D3 D0 FF E4 D1 CE FF ...
T093C 003:532.900   completely In flash
T093C 003:533.011 - 0.324ms returns 0xBD0
T093C 003:533.705 JLINK_WriteMem(0x201B80F0, 0xBD0 Bytes, ...)
T093C 003:533.783   Data:  E9 D6 D3 FF E8 D5 D2 FF E8 D5 D2 FF E9 D6 D3 FF ...
T093C 003:533.848   completely In flash
T093C 003:533.907 - 0.202ms returns 0xBD0
T093C 003:534.668 JLINK_WriteMem(0x201B8CC0, 0xBD0 Bytes, ...)
T093C 003:534.776   Data:  DF C5 BE FF DE C4 BD FF DD C3 BC FF DD C3 BC FF ...
T093C 003:534.839   completely In flash
T093C 003:534.891 - 0.224ms returns 0xBD0
T093C 003:535.508 JLINK_WriteMem(0x201B9890, 0xBC0 Bytes, ...)
T093C 003:535.576   Data:  96 54 31 FF 96 56 2D FF 9A 55 2D FF 99 55 2A FF ...
T093C 003:535.642   completely In flash
T093C 003:535.703 - 0.195ms returns 0xBC0
T093C 003:536.320 JLINK_WriteMem(0x201BA450, 0xBE0 Bytes, ...)
T093C 003:536.398   Data:  F4 E5 E3 FF F3 E4 E2 FF F1 E2 E0 FF F0 E1 DF FF ...
T093C 003:536.481   completely In flash
T093C 003:536.537 - 0.217ms returns 0xBE0
T093C 003:537.090 JLINK_WriteMem(0x201BB030, 0xBD0 Bytes, ...)
T093C 003:537.132   Data:  D9 C0 B6 FF D7 BE B4 FF D5 BC B2 FF D4 BB B1 FF ...
T093C 003:537.172   completely In flash
T093C 003:537.212 - 0.121ms returns 0xBD0
T093C 003:537.755 JLINK_WriteMem(0x201BBC00, 0xBD0 Bytes, ...)
T093C 003:537.787   Data:  F4 E1 DE FF F2 DF DC FF F2 DF DC FF F3 E0 DD FF ...
T093C 003:537.827   completely In flash
T093C 003:537.866 - 0.110ms returns 0xBD0
T093C 003:538.303 JLINK_WriteMem(0x201BC7D0, 0xBE0 Bytes, ...)
T093C 003:538.348   Data:  F8 E5 E2 FF F8 E5 E2 FF F9 E6 E3 FF F6 E3 DE FF ...
T093C 003:538.389   completely In flash
T093C 003:538.427 - 0.123ms returns 0xBE0
T093C 003:539.031 JLINK_WriteMem(0x201BD3B0, 0xBD0 Bytes, ...)
T093C 003:539.114   Data:  DE C4 BD FF DF C5 BE FF DF C5 BE FF E0 C6 BF FF ...
T093C 003:539.196   completely In flash
T093C 003:539.272 - 0.241ms returns 0xBD0
T093C 003:539.914 JLINK_WriteMem(0x201BDF80, 0xBC0 Bytes, ...)
T093C 003:539.980   Data:  99 52 2C FF 98 51 2C FF 97 50 2B FF 97 53 28 FF ...
T093C 003:540.043   completely In flash
T093C 003:540.100 - 0.187ms returns 0xBC0
T093C 003:540.679 JLINK_WriteMem(0x201BEB40, 0xBD0 Bytes, ...)
T093C 003:540.730   Data:  B3 80 70 FF B4 81 71 FF B5 82 72 FF B4 81 71 FF ...
T093C 003:540.793   completely In flash
T093C 003:540.851 - 0.172ms returns 0xBD0
T093C 003:541.358 JLINK_WriteMem(0x201BF710, 0xBE0 Bytes, ...)
T093C 003:541.408   Data:  CD B2 A8 FF CC B1 A7 FF CB B0 A6 FF CB B0 A6 FF ...
T093C 003:541.469   completely In flash
T093C 003:541.526 - 0.168ms returns 0xBE0
T093C 003:542.094 JLINK_WriteMem(0x201C02F0, 0xBD0 Bytes, ...)
T093C 003:542.144   Data:  E6 D6 D0 FF E5 D1 CC FF E4 D0 CB FF E3 CF CA FF ...
T093C 003:542.203   completely In flash
T093C 003:542.260 - 0.165ms returns 0xBD0
T093C 003:542.832 JLINK_WriteMem(0x201C0EC0, 0xBD0 Bytes, ...)
T093C 003:542.881   Data:  F2 DF DA FF F3 E0 DB FF F3 E0 DB FF F4 E1 DC FF ...
T093C 003:542.937   completely In flash
T093C 003:543.091 - 0.259ms returns 0xBD0
T093C 003:543.692 JLINK_WriteMem(0x201C1A90, 0xBD0 Bytes, ...)
T093C 003:543.760   Data:  E6 CC C5 FF E5 CB C4 FF E4 CA C3 FF E5 CB C4 FF ...
T093C 003:543.822   completely In flash
T093C 003:543.876 - 0.185ms returns 0xBD0
T093C 003:544.479 JLINK_WriteMem(0x201C2660, 0xBC0 Bytes, ...)
T093C 003:544.551   Data:  CC AC A1 FF CE AE A3 FF CF AF A4 FF CE B3 A5 FF ...
T093C 003:545.429   completely In flash
T093C 003:545.491 - 1.012ms returns 0xBC0
T093C 003:546.132 JLINK_WriteMem(0x201C3220, 0xBD0 Bytes, ...)
T093C 003:546.199   Data:  A9 72 5D FF AB 73 62 FF AB 75 64 FF AC 76 65 FF ...
T093C 003:546.274   completely In flash
T093C 003:546.347 - 0.214ms returns 0xBD0
T093C 003:547.053 JLINK_WriteMem(0x201C3DF0, 0xBD0 Bytes, ...)
T093C 003:547.140   Data:  C5 A9 9E FF C2 A6 9B FF C4 A8 9D FF C7 AB A0 FF ...
T093C 003:547.224   completely In flash
T093C 003:547.309 - 0.256ms returns 0xBD0
T093C 003:547.957 JLINK_WriteMem(0x201C49C0, 0xBE0 Bytes, ...)
T093C 003:548.051   Data:  EA D6 D1 FF E9 D5 D0 FF E7 D3 CE FF E6 D2 CD FF ...
T093C 003:548.180   completely In flash
T093C 003:548.279 - 0.322ms returns 0xBE0
T093C 003:548.937 JLINK_WriteMem(0x201C55A0, 0xBE0 Bytes, ...)
T093C 003:549.005   Data:  F0 DD D8 FF F0 DD D8 FF F1 DE D9 FF F2 DF DA FF ...
T093C 003:549.071   completely In flash
T093C 003:549.126 - 0.190ms returns 0xBE0
T093C 003:549.758 JLINK_WriteMem(0x201C6180, 0xBC0 Bytes, ...)
T093C 003:549.830   Data:  D1 AF A2 FF CF AD A0 FF CD AB 9E FF CC A9 9C FF ...
T093C 003:549.892   completely In flash
T093C 003:549.964 - 0.206ms returns 0xBC0
T093C 003:550.470 JLINK_WriteMem(0x201C6D40, 0xBD0 Bytes, ...)
T093C 003:550.538   Data:  B4 81 71 FF B4 81 71 FF B2 7F 6F FF B0 7D 6D FF ...
T093C 003:550.613   completely In flash
T093C 003:550.685 - 0.215ms returns 0xBD0
T093C 003:551.623 JLINK_WriteMem(0x201C7910, 0xBD0 Bytes, ...)
T093C 003:551.774   Data:  DF CB C6 FF DF CB C6 FF E1 CD C8 FF E2 CE C9 FF ...
T093C 003:551.883   completely In flash
T093C 003:551.944 - 0.323ms returns 0xBD0
T093C 003:552.560 JLINK_WriteMem(0x201C84E0, 0xBD0 Bytes, ...)
T093C 003:552.624   Data:  C7 AF A3 FF C8 B0 A4 FF CA B2 A6 FF CE B6 AA FF ...
T093C 003:552.683   completely In flash
T093C 003:552.739 - 0.179ms returns 0xBD0
T093C 003:553.484 JLINK_WriteMem(0x201C90B0, 0xBD0 Bytes, ...)
T093C 003:553.552   Data:  D4 BE B3 FF D4 BE B3 FF D0 BD B0 FF CE BB AE FF ...
T093C 003:553.622   completely In flash
T093C 003:553.684 - 0.200ms returns 0xBD0
T093C 003:554.245 JLINK_WriteMem(0x201C9C80, 0xBD0 Bytes, ...)
T093C 003:554.313   Data:  DB C1 BA FF DC C2 BB FF DB C5 BF FF DC C6 C0 FF ...
T093C 003:554.404   completely In flash
T093C 003:554.446 - 0.201ms returns 0xBD0
T093C 003:556.018 JLINK_WriteMem(0x201CA850, 0xBD0 Bytes, ...)
T093C 003:556.083   Data:  CE B2 A7 FF CF B3 A8 FF CF B3 A8 FF D0 B4 A9 FF ...
T093C 003:556.144   completely In flash
T093C 003:556.205 - 0.187ms returns 0xBD0
T093C 003:556.866 JLINK_WriteMem(0x201CB420, 0xBD0 Bytes, ...)
T093C 003:556.931   Data:  E5 D1 CC FF E7 D3 CE FF E6 D2 CD FF E4 D0 CB FF ...
T093C 003:556.980   completely In flash
T093C 003:557.026 - 0.160ms returns 0xBD0
T093C 003:557.583 JLINK_WriteMem(0x201CBFF0, 0xBD0 Bytes, ...)
T093C 003:557.651   Data:  E8 D4 CF FF E9 D5 D0 FF E8 D4 CF FF E7 D3 CE FF ...
T093C 003:557.710   completely In flash
T093C 003:557.767 - 0.185ms returns 0xBD0
T093C 003:558.382 JLINK_WriteMem(0x201CCBC0, 0xBD0 Bytes, ...)
T093C 003:558.443   Data:  EA D4 CF FF EA D4 CF FF E6 D0 CB FF E6 D0 CB FF ...
T093C 003:558.507   completely In flash
T093C 003:558.566 - 0.184ms returns 0xBD0
T093C 003:559.164 JLINK_WriteMem(0x201CD790, 0xBC0 Bytes, ...)
T093C 003:559.248   Data:  CC A6 9A FF CC A6 9A FF CB A5 99 FF CC A6 9A FF ...
T093C 003:559.325   completely In flash
T093C 003:559.397 - 0.233ms returns 0xBC0
T093C 003:560.013 JLINK_WriteMem(0x201CE350, 0xBD0 Bytes, ...)
T093C 003:560.080   Data:  8F 4F 26 FF 90 50 27 FF 91 51 28 FF 91 51 28 FF ...
T093C 003:560.143   completely In flash
T093C 003:560.216 - 0.203ms returns 0xBD0
T093C 003:560.742 JLINK_WriteMem(0x201CEF20, 0xBE0 Bytes, ...)
T093C 003:560.806   Data:  D4 BC B6 FF D2 BA B4 FF D0 B8 B2 FF D0 B8 B2 FF ...
T093C 003:560.866   completely In flash
T093C 003:560.923 - 0.180ms returns 0xBE0
T093C 003:561.479 JLINK_WriteMem(0x201CFB00, 0xBE0 Bytes, ...)
T093C 003:561.541   Data:  D0 B6 AF FF D2 B8 B1 FF D3 B9 B2 FF D4 BA B3 FF ...
T093C 003:561.602   completely In flash
T093C 003:561.665 - 0.185ms returns 0xBE0
T093C 003:562.281 JLINK_WriteMem(0x201D06E0, 0xBD0 Bytes, ...)
T093C 003:562.358   Data:  D3 B6 AD FF D1 B8 AE FF D3 BA B0 FF D5 BC B2 FF ...
T093C 003:562.423   completely In flash
T093C 003:562.473 - 0.192ms returns 0xBD0
T093C 003:562.898 JLINK_WriteMem(0x201D12B0, 0xBD0 Bytes, ...)
T093C 003:562.945   Data:  D7 C4 BC FF D5 C2 BA FF D8 C5 BD FF DA C7 BF FF ...
T093C 003:562.988   completely In flash
T093C 003:563.032 - 0.135ms returns 0xBD0
T093C 003:563.643 JLINK_WriteMem(0x201D1E80, 0xBD0 Bytes, ...)
T093C 003:563.747   Data:  ED D9 D4 FF EC D8 D3 FF EB D7 D2 FF EC D8 D3 FF ...
T093C 003:563.846   completely In flash
T093C 003:563.942 - 0.298ms returns 0xBD0
T093C 003:564.706 JLINK_WriteMem(0x201D2A50, 0xBD0 Bytes, ...)
T093C 003:564.800   Data:  B9 86 76 FF B9 86 76 FF BC 89 79 FF BF 8C 7C FF ...
T093C 003:564.912   completely In flash
T093C 003:565.014 - 0.309ms returns 0xBD0
T093C 003:565.786 JLINK_WriteMem(0x201D3620, 0xBC0 Bytes, ...)
T093C 003:565.882   Data:  D2 B1 A1 FF D3 AF 9F FF CC AA 9A FF CB A4 95 FF ...
T093C 003:565.988   completely In flash
T093C 003:566.088 - 0.302ms returns 0xBC0
T093C 003:566.858 JLINK_WriteMem(0x201D41E0, 0xBD0 Bytes, ...)
T093C 003:566.959   Data:  9A 56 2B FF 99 55 2A FF 9A 53 2D FF 9E 57 31 FF ...
T093C 003:567.069   completely In flash
T093C 003:567.176 - 0.318ms returns 0xBD0
T093C 003:567.935 JLINK_WriteMem(0x201D4DB0, 0xBD0 Bytes, ...)
T093C 003:568.020   Data:  BE A0 95 FF BE A0 95 FF BD 9F 94 FF BC 9E 93 FF ...
T093C 003:568.121   completely In flash
T093C 003:568.208 - 0.273ms returns 0xBD0
T093C 003:568.891 JLINK_WriteMem(0x201D5980, 0xBD0 Bytes, ...)
T093C 003:568.955   Data:  E0 CE C7 FF E2 D0 C9 FF E2 CF CC FF E3 D0 CD FF ...
T093C 003:569.016   completely In flash
T093C 003:569.072 - 0.181ms returns 0xBD0
T093C 003:569.720 JLINK_WriteMem(0x201D6550, 0xBD0 Bytes, ...)
T093C 003:569.808   Data:  E7 D3 CE FF E6 D2 CD FF E6 D2 CD FF E7 D3 CE FF ...
T093C 003:569.890   completely In flash
T093C 003:569.948 - 0.229ms returns 0xBD0
T093C 003:570.576 JLINK_WriteMem(0x201D7120, 0xBD0 Bytes, ...)
T093C 003:570.652   Data:  E1 CC C4 FF E1 CC C4 FF E0 CB C3 FF E2 CD C5 FF ...
T093C 003:570.706   completely In flash
T093C 003:570.758 - 0.182ms returns 0xBD0
T093C 003:571.419 JLINK_WriteMem(0x201D7CF0, 0xBD0 Bytes, ...)
T093C 003:571.504   Data:  E3 CF CA FF E4 D0 CB FF E4 D1 C9 FF E4 D1 C9 FF ...
T093C 003:571.566   completely In flash
T093C 003:571.637 - 0.218ms returns 0xBD0
T093C 003:572.271 JLINK_WriteMem(0x201D88C0, 0xBD0 Bytes, ...)
T093C 003:572.329   Data:  C7 9C 8D FF C8 9C 8F FF CA 9E 91 FF C8 9E 91 FF ...
T093C 003:572.394   completely In flash
T093C 003:572.455 - 0.184ms returns 0xBD0
T093C 003:573.110 JLINK_WriteMem(0x201D9490, 0xBC0 Bytes, ...)
T093C 003:573.194   Data:  AF 74 5A FF AF 6F 56 FF A5 69 4C FF A2 61 45 FF ...
T093C 003:573.279   completely In flash
T093C 003:573.366 - 0.256ms returns 0xBC0
T093C 003:574.094 JLINK_WriteMem(0x201DA050, 0xBD0 Bytes, ...)
T093C 003:574.185   Data:  AC 7E 6D FF AC 7E 6D FF AF 7E 6E FF AF 7E 6E FF ...
T093C 003:574.286   completely In flash
T093C 003:574.382 - 0.288ms returns 0xBD0
T093C 003:575.225 JLINK_WriteMem(0x201DAC20, 0xBD0 Bytes, ...)
T093C 003:575.372   Data:  C3 A5 9A FF C3 A5 9A FF C5 A7 9C FF C5 A9 9E FF ...
T093C 003:575.487   completely In flash
T093C 003:575.587 - 0.362ms returns 0xBD0
T093C 003:576.236 JLINK_WriteMem(0x201DB7F0, 0xBC0 Bytes, ...)
T093C 003:576.291   Data:  DE CB C8 FF DF CE CB FF DF CE CB FF DE CD CA FF ...
T093C 003:576.338   completely In flash
T093C 003:576.387 - 0.151ms returns 0xBC0
T093C 003:576.843 JLINK_WriteMem(0x201DC3B0, 0xBD0 Bytes, ...)
T093C 003:576.902   Data:  C7 A7 9A FF C8 A8 9B FF C7 A7 9A FF C6 A6 99 FF ...
T093C 003:576.960   completely In flash
T093C 003:577.015 - 0.172ms returns 0xBD0
T093C 003:577.529 JLINK_WriteMem(0x201DCF80, 0xBD0 Bytes, ...)
T093C 003:577.585   Data:  D2 B8 B1 FF D3 B9 B2 FF D5 BB B4 FF D6 BC B5 FF ...
T093C 003:577.632   completely In flash
T093C 003:577.671 - 0.142ms returns 0xBD0
T093C 003:578.176 JLINK_WriteMem(0x201DDB50, 0xBD0 Bytes, ...)
T093C 003:578.224   Data:  DC C3 B9 FF DB C2 B8 FF DB C2 B8 FF DF C6 BC FF ...
T093C 003:578.264   completely In flash
T093C 003:578.321 - 0.145ms returns 0xBD0
T093C 003:578.947 JLINK_WriteMem(0x201DE720, 0xBD0 Bytes, ...)
T093C 003:578.994   Data:  E2 C8 C1 FF E4 CA C3 FF E6 CC C5 FF E6 CC C5 FF ...
T093C 003:579.034   completely In flash
T093C 003:579.073 - 0.126ms returns 0xBD0
T093C 003:579.482 JLINK_WriteMem(0x201DF2F0, 0xBD0 Bytes, ...)
T093C 003:579.533   Data:  CA A7 9A FF C7 A1 95 FF C8 A2 96 FF C8 A3 95 FF ...
T093C 003:579.573   completely In flash
T093C 003:579.615 - 0.133ms returns 0xBD0
T093C 003:580.200 JLINK_WriteMem(0x201DFEC0, 0xBC0 Bytes, ...)
T093C 003:580.255   Data:  CC A8 98 FF CE A5 96 FF CE A3 92 FF CA 9C 8B FF ...
T093C 003:580.311   completely In flash
T093C 003:580.361 - 0.160ms returns 0xBC0
T093C 003:581.832 JLINK_WriteMem(0x201E0A80, 0xBD0 Bytes, ...)
T093C 003:581.908   Data:  92 50 27 FF 92 50 27 FF 91 50 29 FF 94 52 2F FF ...
T093C 003:581.962   completely In flash
T093C 003:582.017 - 0.185ms returns 0xBD0
T093C 003:582.649 JLINK_WriteMem(0x201E1650, 0xBE0 Bytes, ...)
T093C 003:582.709   Data:  BD 9F 94 FF BD 9F 94 FF BB 9D 92 FF BA 9C 91 FF ...
T093C 003:582.763   completely In flash
T093C 003:582.807 - 0.159ms returns 0xBE0
T093C 003:583.206 JLINK_WriteMem(0x201E2230, 0xBE0 Bytes, ...)
T093C 003:583.246   Data:  D4 BA B3 FF D6 BC B5 FF D7 BD B6 FF D8 BE B7 FF ...
T093C 003:583.285   completely In flash
T093C 003:583.324 - 0.118ms returns 0xBE0
T093C 003:583.890 JLINK_WriteMem(0x201E2E10, 0xBE0 Bytes, ...)
T093C 003:583.947   Data:  CA AE A3 FF CB AF A4 FF CC B0 A5 FF CE B2 A7 FF ...
T093C 003:583.988   completely In flash
T093C 003:584.041 - 0.151ms returns 0xBE0
T093C 003:584.591 JLINK_WriteMem(0x201E39F0, 0xBE0 Bytes, ...)
T093C 003:584.658   Data:  E0 CB C3 FF E0 CB C3 FF E1 CC C4 FF E2 CD C5 FF ...
T093C 003:584.722   completely In flash
T093C 003:584.789 - 0.198ms returns 0xBE0
T093C 003:585.500 JLINK_WriteMem(0x201E45D0, 0xBD0 Bytes, ...)
T093C 003:585.573   Data:  BC 92 85 FF C1 94 87 FF C5 96 88 FF C4 95 87 FF ...
T093C 003:585.649   completely In flash
T093C 003:585.705 - 0.206ms returns 0xBD0
T093C 003:586.470 JLINK_WriteMem(0x201E51A0, 0xBD0 Bytes, ...)
T093C 003:586.544   Data:  9F 68 4D FF A5 6C 52 FF A8 6F 55 FF AD 74 5A FF ...
T093C 003:586.607   completely In flash
T093C 003:586.668 - 0.198ms returns 0xBD0
T093C 003:587.191 JLINK_WriteMem(0x201E5D70, 0xBE0 Bytes, ...)
T093C 003:587.249   Data:  BC 9C 91 FF BA 9A 8F FF B9 99 8E FF BA 9A 8F FF ...
T093C 003:587.296   completely In flash
T093C 003:587.345 - 0.155ms returns 0xBE0
T093C 003:587.735 JLINK_WriteMem(0x201E6950, 0xBE0 Bytes, ...)
T093C 003:587.800   Data:  C7 AB A0 FF C6 AA 9F FF C5 A9 9E FF C5 A9 9E FF ...
T093C 003:587.858   completely In flash
T093C 003:587.905 - 0.170ms returns 0xBE0
T093C 003:588.328 JLINK_WriteMem(0x201E7530, 0xBE0 Bytes, ...)
T093C 003:588.376   Data:  D0 B6 AA FF CD B3 A7 FF CC B2 A6 FF CC B2 A6 FF ...
T093C 003:588.427   completely In flash
T093C 003:588.474 - 0.147ms returns 0xBE0
T093C 003:588.896 JLINK_WriteMem(0x201E8110, 0xBE0 Bytes, ...)
T093C 003:588.958   Data:  C3 A1 94 FF C4 A1 94 FF C5 A2 95 FF C8 A5 98 FF ...
T093C 003:589.019   completely In flash
T093C 003:589.077 - 0.182ms returns 0xBE0
T093C 003:589.562 JLINK_WriteMem(0x201E8CF0, 0xBE0 Bytes, ...)
T093C 003:589.622   Data:  93 53 2A FF 92 52 29 FF 97 52 2A FF 9A 54 2C FF ...
T093C 003:589.682   completely In flash
T093C 003:589.755 - 0.193ms returns 0xBE0
T093C 003:590.393 JLINK_WriteMem(0x201E98D0, 0xBE0 Bytes, ...)
T093C 003:590.468   Data:  B9 97 8A FF BA 98 8B FF B9 97 8A FF B8 96 89 FF ...
T093C 003:590.551   completely In flash
T093C 003:590.633 - 0.240ms returns 0xBE0
T093C 003:591.210 JLINK_WriteMem(0x201EA4B0, 0xBE0 Bytes, ...)
T093C 003:591.278   Data:  C3 A5 9A FF C1 A3 98 FF C0 A2 97 FF BF A1 96 FF ...
T093C 003:591.350   completely In flash
T093C 003:591.421 - 0.211ms returns 0xBE0
T093C 003:591.914 JLINK_WriteMem(0x201EB090, 0xBE0 Bytes, ...)
T093C 003:591.988   Data:  CC AE A3 FF CB AD A2 FF CB AD A2 FF CA AC A1 FF ...
T093C 003:592.078   completely In flash
T093C 003:592.162 - 0.248ms returns 0xBE0
T093C 003:592.689 JLINK_WriteMem(0x201EBC70, 0xBD0 Bytes, ...)
T093C 003:592.765   Data:  E3 C9 C2 FF E5 CB C4 FF E6 CC C5 FF E5 CB C4 FF ...
T093C 003:592.867   completely In flash
T093C 003:592.961 - 0.272ms returns 0xBD0
T093C 003:593.597 JLINK_WriteMem(0x201EC840, 0xBD0 Bytes, ...)
T093C 003:593.684   Data:  E1 CB C6 FF E2 CA C4 FF E1 C9 C3 FF E3 CC C4 FF ...
T093C 003:593.785   completely In flash
T093C 003:593.892 - 0.294ms returns 0xBD0
T093C 003:594.467 JLINK_WriteMem(0x201ED410, 0xBC0 Bytes, ...)
T093C 003:594.561   Data:  A2 74 63 FF 9E 70 5E FF A5 73 61 FF AA 78 64 FF ...
T093C 003:594.662   completely In flash
T093C 003:594.766 - 0.299ms returns 0xBC0
T093C 003:595.332 JLINK_WriteMem(0x201EDFD0, 0xBD0 Bytes, ...)
T093C 003:595.421   Data:  A6 79 6C FF A5 78 6B FF A4 77 6A FF A4 77 6A FF ...
T093C 003:595.529   completely In flash
T093C 003:595.636 - 0.304ms returns 0xBD0
T093C 003:596.216 JLINK_WriteMem(0x201EEBA0, 0xBE0 Bytes, ...)
T093C 003:596.305   Data:  C5 A7 9C FF C6 A8 9D FF C5 A9 9E FF C5 A9 9E FF ...
T093C 003:596.407   completely In flash
T093C 003:596.511 - 0.295ms returns 0xBE0
T093C 003:597.494 JLINK_WriteMem(0x201EF780, 0xBD0 Bytes, ...)
T093C 003:597.574   Data:  BA 9A 8D FF BA 9A 8D FF BB 9B 8E FF BB 9B 8E FF ...
T093C 003:597.623   completely In flash
T093C 003:597.661 - 0.168ms returns 0xBD0
T093C 003:598.033 JLINK_WriteMem(0x201F0350, 0xBD0 Bytes, ...)
T093C 003:598.067   Data:  C4 A7 99 FF C4 A7 99 FF C3 A6 98 FF C2 A5 97 FF ...
T093C 003:598.106   completely In flash
T093C 003:598.143 - 0.110ms returns 0xBD0
T093C 003:598.484 JLINK_WriteMem(0x201F0F20, 0xBE0 Bytes, ...)
T093C 003:598.550   Data:  C8 A7 98 FF C7 A6 97 FF C7 A6 97 FF C6 A5 96 FF ...
T093C 003:598.608   completely In flash
T093C 003:598.667 - 0.184ms returns 0xBE0
T093C 003:599.119 JLINK_WriteMem(0x201F1B00, 0xBE0 Bytes, ...)
T093C 003:599.189   Data:  DB BE B5 FF DC BF B6 FF DE C1 B8 FF DF C2 B9 FF ...
T093C 003:599.260   completely In flash
T093C 003:599.330 - 0.211ms returns 0xBE0
T093C 003:599.769 JLINK_WriteMem(0x201F26E0, 0xBE0 Bytes, ...)
T093C 003:599.833   Data:  E3 CC C4 FF E7 CB C4 FF E6 CA C3 FF E6 CA C3 FF ...
T093C 003:599.903   completely In flash
T093C 003:599.983 - 0.214ms returns 0xBE0
T093C 003:600.496 JLINK_WriteMem(0x201F32C0, 0xBD0 Bytes, ...)
T093C 003:600.576   Data:  D4 B8 AD FF CD B1 A6 FF C9 AC 9E FF CC AA 9D FF ...
T093C 003:600.670   completely In flash
T093C 003:600.763 - 0.267ms returns 0xBD0
T093C 003:601.272 JLINK_WriteMem(0x201F3E90, 0xBE0 Bytes, ...)
T093C 003:601.340   Data:  A6 73 63 FF A8 74 67 FF AA 76 69 FF A6 76 64 FF ...
T093C 003:601.403   completely In flash
T093C 003:601.460 - 0.188ms returns 0xBE0
T093C 003:602.064 JLINK_WriteMem(0x201F4A70, 0xBE0 Bytes, ...)
T093C 003:602.142   Data:  B7 94 87 FF B6 93 86 FF B8 96 89 FF B7 95 88 FF ...
T093C 003:602.235   completely In flash
T093C 003:602.315 - 0.251ms returns 0xBE0
T093C 003:603.030 JLINK_WriteMem(0x201F5650, 0xBE0 Bytes, ...)
T093C 003:603.094   Data:  C8 A8 9D FF C7 A7 9C FF C9 A9 9E FF C8 A8 9D FF ...
T093C 003:603.147   completely In flash
T093C 003:603.186 - 0.156ms returns 0xBE0
T093C 003:603.641 JLINK_WriteMem(0x201F6230, 0xBE0 Bytes, ...)
T093C 003:603.731   Data:  C9 AB A0 FF C7 A9 9E FF C6 A8 9D FF C4 A6 9B FF ...
T093C 003:603.845   completely In flash
T093C 003:603.941 - 0.299ms returns 0xBE0
T093C 003:604.485 JLINK_WriteMem(0x201F6E10, 0xBE0 Bytes, ...)
T093C 003:604.572   Data:  C5 A4 95 FF C6 A5 96 FF C6 A5 96 FF C9 A6 98 FF ...
T093C 003:604.685   completely In flash
T093C 003:604.780 - 0.294ms returns 0xBE0
T093C 003:605.241 JLINK_WriteMem(0x201F79F0, 0xBE0 Bytes, ...)
T093C 003:605.318   Data:  CA A3 95 FF C9 A0 91 FF C6 9D 8E FF C8 9D 8E FF ...
T093C 003:609.484   completely In flash
T093C 003:609.602 - 4.360ms returns 0xBE0
T093C 003:610.867 JLINK_WriteMem(0x201F85D0, 0xBD0 Bytes, ...)
T093C 003:610.924   Data:  CD AD A0 FF CD AA 9D FF CA A5 97 FF C3 9E 90 FF ...
T093C 003:610.968   completely In flash
T093C 003:611.009 - 0.143ms returns 0xBD0
T093C 003:611.658 JLINK_WriteMem(0x201F91A0, 0xBD0 Bytes, ...)
T093C 003:611.698   Data:  97 52 2A FF 97 52 2A FF 97 53 28 FF 97 53 28 FF ...
T093C 003:611.741   completely In flash
T093C 003:611.786 - 0.128ms returns 0xBD0
T093C 003:612.320 JLINK_WriteMem(0x201F9D70, 0xBD0 Bytes, ...)
T093C 003:612.419   Data:  B9 99 8C FF B9 99 8C FF BA 9A 8D FF BB 9B 8E FF ...
T093C 003:612.509   completely In flash
T093C 003:612.592 - 0.272ms returns 0xBD0
T093C 003:613.307 JLINK_WriteMem(0x201FA940, 0xBD0 Bytes, ...)
T093C 003:613.397   Data:  B7 9C 8E FF B8 9D 8F FF BA 9F 91 FF BB A0 92 FF ...
T093C 003:613.496   completely In flash
T093C 003:613.591 - 0.285ms returns 0xBD0
T093C 003:614.160 JLINK_WriteMem(0x201FB510, 0xBD0 Bytes, ...)
T093C 003:614.246   Data:  CB A6 98 FF CA A5 97 FF C8 A3 95 FF C6 A1 93 FF ...
T093C 003:614.349   completely In flash
T093C 003:614.456 - 0.296ms returns 0xBD0
T093C 003:615.154 JLINK_WriteMem(0x201FC0E0, 0xBD0 Bytes, ...)
T093C 003:615.226   Data:  CF B2 A9 FF D0 B3 AA FF D0 B3 AA FF D1 B4 AB FF ...
T093C 003:615.284   completely In flash
T093C 003:615.340 - 0.187ms returns 0xBD0
T093C 003:615.986 JLINK_WriteMem(0x201FCCB0, 0xBD0 Bytes, ...)
T093C 003:616.062   Data:  BD 9A 8C FF BE 9B 8D FF BE 9B 8D FF BD 9A 8C FF ...
T093C 003:616.122   completely In flash
T093C 003:616.235 - 0.249ms returns 0xBD0
T093C 003:616.694 JLINK_WriteMem(0x201FD880, 0xBC0 Bytes, ...)
T093C 003:616.758   Data:  B8 8B 7D FF B7 8A 7C FF B8 89 7B FF B7 88 7A FF ...
T093C 003:616.819   completely In flash
T093C 003:616.878 - 0.184ms returns 0xBC0
T093C 003:617.354 JLINK_WriteMem(0x201FE440, 0xBD0 Bytes, ...)
T093C 003:617.421   Data:  BA 8C 7B FF BA 8C 7B FF B9 8B 7A FF B7 8B 7A FF ...
T093C 003:617.500   completely In flash
T093C 003:617.578 - 0.224ms returns 0xBD0
T093C 003:618.337 JLINK_WriteMem(0x201FF010, 0xBD0 Bytes, ...)
T093C 003:618.388   Data:  C3 9C 8E FF C4 9D 8F FF C6 9F 91 FF C6 9F 91 FF ...
T093C 003:618.430   completely In flash
T093C 003:618.470 - 0.132ms returns 0xBD0
T093C 003:619.158 JLINK_WriteMem(0x201FFBE0, 0xBC0 Bytes, ...)
T093C 003:619.256   Data:  C7 99 88 FF C5 9E 8F FF C6 9F 90 FF C7 A0 92 FF ...
T093C 003:619.859   completely In flash
T093C 003:622.108 - 2.948ms returns 0xBC0
T093C 003:622.694 JLINK_WriteMem(0x202007A0, 0xBD0 Bytes, ...)
T093C 003:622.740   Data:  DA BE B3 FF DA C0 B4 FF D9 BF B3 FF D8 BE B2 FF ...
T093C 003:622.783   completely In flash
T093C 003:622.826 - 0.132ms returns 0xBD0
T093C 003:623.520 JLINK_WriteMem(0x20201370, 0xBD0 Bytes, ...)
T093C 003:623.580   Data:  D0 B0 A3 FF D1 B1 A4 FF D2 B2 A5 FF D3 B3 A6 FF ...
T093C 003:623.622   completely In flash
T093C 003:623.660 - 0.140ms returns 0xBD0
T093C 003:624.201 JLINK_WriteMem(0x20201F40, 0xBD0 Bytes, ...)
T093C 003:624.267   Data:  D7 B8 AF FF D8 B9 B0 FF DA BB B2 FF DC BC B6 FF ...
T093C 003:624.325   completely In flash
T093C 003:624.381 - 0.180ms returns 0xBD0
T093C 003:625.168 JLINK_WriteMem(0x20202B10, 0xBD0 Bytes, ...)
T093C 003:625.262   Data:  BE 92 85 FF BD 9C 8C FF C5 A4 94 FF CC AB 9B FF ...
T093C 003:625.359   completely In flash
T093C 003:625.451 - 0.283ms returns 0xBD0
T093C 003:626.036 JLINK_WriteMem(0x202036E0, 0xBD0 Bytes, ...)
T093C 003:626.120   Data:  AE 79 65 FF B3 7E 6A FF B3 7E 69 FF B3 7B 62 FF ...
T093C 003:626.230   completely In flash
T093C 003:626.323 - 0.287ms returns 0xBD0
T093C 003:626.885 JLINK_WriteMem(0x202042B0, 0xBC0 Bytes, ...)
T093C 003:626.974   Data:  99 55 2A FF 98 54 29 FF 98 54 29 FF 97 53 28 FF ...
T093C 003:627.071   completely In flash
T093C 003:627.167 - 0.282ms returns 0xBC0
T093C 003:627.752 JLINK_WriteMem(0x20204E70, 0xBD0 Bytes, ...)
T093C 003:627.837   Data:  9B 56 2E FF 9A 55 2D FF 99 54 2C FF 98 53 2B FF ...
T093C 003:627.960   completely In flash
T093C 003:628.059 - 0.306ms returns 0xBD0
T093C 003:628.595 JLINK_WriteMem(0x20205A40, 0xBD0 Bytes, ...)
T093C 003:628.680   Data:  96 51 29 FF 96 51 29 FF 9A 55 2D FF 9A 55 2D FF ...
T093C 003:628.776   completely In flash
T093C 003:628.872 - 0.276ms returns 0xBD0
T093C 003:629.412 JLINK_WriteMem(0x20206610, 0xBC0 Bytes, ...)
T093C 003:629.497   Data:  9B 56 2E FF 9D 58 30 FF 9F 5A 32 FF A2 5D 35 FF ...
T093C 003:629.597   completely In flash
T093C 003:629.694 - 0.282ms returns 0xBC0
T093C 003:630.272 JLINK_WriteMem(0x202071D0, 0xBD0 Bytes, ...)
T093C 003:630.361   Data:  98 54 29 FF 98 54 29 FF 99 55 2A FF 96 57 25 FF ...
T093C 003:630.460   completely In flash
T093C 003:630.552 - 0.279ms returns 0xBD0
T093C 003:631.168 JLINK_WriteMem(0x20207DA0, 0xBC0 Bytes, ...)
T093C 003:631.251   Data:  96 50 2B FF 96 4F 2E FF 98 51 30 FF 98 51 30 FF ...
T093C 003:631.352   completely In flash
T093C 003:631.447 - 0.280ms returns 0xBC0
T093C 003:632.037 JLINK_WriteMem(0x20208960, 0xBC0 Bytes, ...)
T093C 003:632.118   Data:  98 54 29 FF 98 54 29 FF 99 55 2A FF 97 53 28 FF ...
T093C 003:632.212   completely In flash
T093C 003:632.307 - 0.269ms returns 0xBC0
T093C 003:633.147 JLINK_WriteMem(0x20209520, 0xBC0 Bytes, ...)
T093C 003:633.202   Data:  95 52 21 FF 97 53 28 FF 98 54 29 FF 98 54 29 FF ...
T093C 003:633.244   completely In flash
T093C 003:633.283 - 0.136ms returns 0xBC0
T093C 003:633.803 JLINK_WriteMem(0x2020A0E0, 0xBC0 Bytes, ...)
T093C 003:633.894   Data:  93 51 2E FF 93 52 2B FF 97 53 28 FF 96 54 24 FF ...
T093C 003:633.993   completely In flash
T093C 003:634.092 - 0.289ms returns 0xBC0
T093C 003:634.725 JLINK_WriteMem(0x2020ACA0, 0xBC0 Bytes, ...)
T093C 003:634.782   Data:  98 57 2A FF 97 56 29 FF 97 56 2A FF 97 56 2A FF ...
T093C 003:634.825   completely In flash
T093C 003:634.883 - 0.158ms returns 0xBC0
T093C 003:635.451 JLINK_WriteMem(0x2020B860, 0xBC0 Bytes, ...)
T093C 003:635.512   Data:  97 56 2A FF 96 55 29 FF 94 56 28 FF 94 56 28 FF ...
T093C 003:635.556   completely In flash
T093C 003:635.597 - 0.146ms returns 0xBC0
T093C 003:636.545 JLINK_WriteMem(0x2020C420, 0xBC0 Bytes, ...)
T093C 003:636.608   Data:  93 55 27 FF 93 55 25 FF 93 55 25 FF 93 56 24 FF ...
T093C 003:636.650   completely In flash
T093C 003:636.706 - 0.160ms returns 0xBC0
T093C 003:637.257 JLINK_WriteMem(0x2020CFE0, 0xBC0 Bytes, ...)
T093C 003:637.327   Data:  98 54 29 FF 96 55 29 FF 96 55 29 FF 94 56 28 FF ...
T093C 003:637.386   completely In flash
T093C 003:637.449 - 0.192ms returns 0xBC0
T093C 003:638.004 JLINK_WriteMem(0x2020DBA0, 0xBC0 Bytes, ...)
T093C 003:638.045   Data:  99 55 2A FF 99 55 2A FF 97 52 2A FF 97 52 2A FF ...
T093C 003:638.089   completely In flash
T093C 003:638.132 - 0.127ms returns 0xBC0
T093C 003:638.607 JLINK_WriteMem(0x2020E760, 0xBC0 Bytes, ...)
T093C 003:638.694   Data:  97 51 29 FF 96 52 27 FF 97 53 28 FF 95 54 27 FF ...
T093C 003:638.764   completely In flash
T093C 003:638.836 - 0.230ms returns 0xBC0
T093C 003:639.358 JLINK_WriteMem(0x2020F320, 0xBC0 Bytes, ...)
T093C 003:639.437   Data:  99 55 2A FF 98 54 29 FF 98 54 29 FF 97 53 28 FF ...
T093C 003:639.526   completely In flash
T093C 003:639.609 - 0.251ms returns 0xBC0
T093C 003:640.163 JLINK_WriteMem(0x2020FEE0, 0xBD0 Bytes, ...)
T093C 003:640.247   Data:  B5 8D 7B FF B9 8E 7D FF BB 8D 7C FF B6 88 77 FF ...
T093C 003:640.343   completely In flash
T093C 003:640.439 - 0.275ms returns 0xBD0
T093C 003:641.111 JLINK_WriteMem(0x20210AB0, 0xBD0 Bytes, ...)
T093C 003:641.168   Data:  A6 6F 5A FF AA 72 61 FF AE 78 67 FF B4 7E 6D FF ...
T093C 003:641.219   completely In flash
T093C 003:641.259 - 0.148ms returns 0xBD0
T093C 003:641.754 JLINK_WriteMem(0x20211680, 0xBC0 Bytes, ...)
T093C 003:641.845   Data:  B5 89 78 FF B2 80 6E FF AF 79 68 FF B0 75 65 FF ...
T093C 003:641.940   completely In flash
T093C 003:642.038 - 0.284ms returns 0xBC0
T093C 003:642.726 JLINK_WriteMem(0x20212240, 0xBD0 Bytes, ...)
T093C 003:642.838   Data:  E2 C6 BF FF E2 C6 BF FF DB C3 BD FF DC C4 BE FF ...
T093C 003:642.939   completely In flash
T093C 003:643.034 - 0.307ms returns 0xBD0
T093C 003:643.683 JLINK_WriteMem(0x20212E10, 0xBC0 Bytes, ...)
T093C 003:643.772   Data:  D9 C1 B5 FF DA C2 B6 FF DB C3 B7 FF DB C1 B5 FF ...
T093C 003:643.873   completely In flash
T093C 003:643.968 - 0.285ms returns 0xBC0
T093C 003:644.593 JLINK_WriteMem(0x202139D0, 0xBD0 Bytes, ...)
T093C 003:644.685   Data:  CE AB 9D FF D0 AD 9F FF D1 AE A0 FF D2 B2 A5 FF ...
T093C 003:644.783   completely In flash
T093C 003:644.876 - 0.283ms returns 0xBD0
T093C 003:645.588 JLINK_WriteMem(0x202145A0, 0xBD0 Bytes, ...)
T093C 003:645.683   Data:  C2 8E 7D FF BE 8A 79 FF BA 86 75 FF B9 83 72 FF ...
T093C 003:645.808   completely In flash
T093C 003:645.907 - 0.320ms returns 0xBD0
T093C 003:646.465 JLINK_WriteMem(0x20215170, 0xBD0 Bytes, ...)
T093C 003:646.538   Data:  B1 79 66 FF AF 77 64 FF AD 75 62 FF AC 74 61 FF ...
T093C 003:646.603   completely In flash
T093C 003:646.669 - 0.204ms returns 0xBD0
T093C 003:647.175 JLINK_WriteMem(0x20215D40, 0xBD0 Bytes, ...)
T093C 003:647.239   Data:  B4 7C 69 FF B3 7B 68 FF B2 7A 67 FF B0 78 65 FF ...
T093C 003:647.285   completely In flash
T093C 003:647.330 - 0.156ms returns 0xBD0
T093C 003:647.909 JLINK_WriteMem(0x20216910, 0xBD0 Bytes, ...)
T093C 003:647.962   Data:  AB 71 5B FF AB 72 5D FF AB 72 5D FF AE 75 60 FF ...
T093C 003:648.004   completely In flash
T093C 003:648.046 - 0.137ms returns 0xBD0
T093C 003:648.534 JLINK_WriteMem(0x202174E0, 0xBD0 Bytes, ...)
T093C 003:648.615   Data:  AD 6D 4F FF AC 6D 51 FF AB 6C 50 FF AA 6B 4F FF ...
T093C 003:648.706   completely In flash
T093C 003:648.858 - 0.323ms returns 0xBD0
T093C 003:649.586 JLINK_WriteMem(0x202180B0, 0xBD0 Bytes, ...)
T093C 003:649.676   Data:  A4 64 46 FF A7 67 49 FF A9 69 4B FF A9 69 4B FF ...
T093C 003:649.772   completely In flash
T093C 003:649.867 - 0.281ms returns 0xBD0
T093C 003:650.590 JLINK_WriteMem(0x20218C80, 0xBD0 Bytes, ...)
T093C 003:650.682   Data:  A3 60 45 FF A4 61 46 FF A5 62 47 FF A7 64 49 FF ...
T093C 003:650.781   completely In flash
T093C 003:650.878 - 0.288ms returns 0xBD0
T093C 003:651.526 JLINK_WriteMem(0x20219850, 0xBE0 Bytes, ...)
T093C 003:651.591   Data:  A5 5F 3A FF A1 5B 36 FF 9F 59 34 FF 9F 5B 36 FF ...
T093C 003:651.642   completely In flash
T093C 003:651.692 - 0.165ms returns 0xBE0
T093C 003:652.204 JLINK_WriteMem(0x2021A430, 0xBD0 Bytes, ...)
T093C 003:652.271   Data:  9B 59 30 FF 9E 58 30 FF 9C 57 26 FF 9D 58 27 FF ...
T093C 003:652.338   completely In flash
T093C 003:652.405 - 0.201ms returns 0xBD0
T093C 003:653.124 JLINK_WriteMem(0x2021B000, 0xBD0 Bytes, ...)
T093C 003:653.202   Data:  9E 58 30 FF 9C 57 26 FF 9C 57 26 FF 9E 58 29 FF ...
T093C 003:653.272   completely In flash
T093C 003:653.346 - 0.223ms returns 0xBD0
T093C 003:654.043 JLINK_WriteMem(0x2021BBD0, 0xBD0 Bytes, ...)
T093C 003:654.133   Data:  AB 6B 52 FF A8 68 4F FF A6 66 4D FF A5 65 4C FF ...
T093C 003:654.214   completely In flash
T093C 003:654.292 - 0.249ms returns 0xBD0
T093C 003:655.030 JLINK_WriteMem(0x2021C7A0, 0xBD0 Bytes, ...)
T093C 003:655.195   Data:  A3 61 44 FF A5 63 46 FF A5 63 46 FF A6 66 4D FF ...
T093C 003:655.309   completely In flash
T093C 003:655.414 - 0.384ms returns 0xBD0
T093C 003:656.350 JLINK_WriteMem(0x2021D370, 0xBD0 Bytes, ...)
T093C 003:656.448   Data:  A2 5F 40 FF A4 61 42 FF A5 62 43 FF A6 61 46 FF ...
T093C 003:656.508   completely In flash
T093C 003:656.565 - 0.215ms returns 0xBD0
T093C 003:657.549 JLINK_WriteMem(0x2021DF40, 0xBD0 Bytes, ...)
T093C 003:657.630   Data:  B7 7C 6C FF B8 7D 6A FF B7 7C 69 FF B5 7A 66 FF ...
T093C 003:657.702   completely In flash
T093C 003:657.742 - 0.194ms returns 0xBD0
T093C 003:658.264 JLINK_WriteMem(0x2021EB10, 0xBD0 Bytes, ...)
T093C 003:658.364   Data:  B8 84 74 FF B7 83 76 FF B7 83 76 FF B4 82 76 FF ...
T093C 003:658.456   completely In flash
T093C 003:658.550 - 0.287ms returns 0xBD0
T093C 003:659.166 JLINK_WriteMem(0x2021F6E0, 0xBC0 Bytes, ...)
T093C 003:659.246   Data:  A5 5D 45 FF A8 5F 49 FF AA 61 4B FF A7 69 4B FF ...
T093C 003:659.339   completely In flash
T093C 003:659.428 - 0.262ms returns 0xBC0
T093C 003:660.194 JLINK_WriteMem(0x202202A0, 0xBD0 Bytes, ...)
T093C 003:660.281   Data:  A6 61 40 FF A3 5E 3D FF 9F 59 3B FF 9C 56 38 FF ...
T093C 003:660.381   completely In flash
T093C 003:660.477 - 0.283ms returns 0xBD0
T093C 003:661.195 JLINK_WriteMem(0x20220E70, 0xBD0 Bytes, ...)
T093C 003:661.270   Data:  A2 61 3B FF A3 62 3C FF A4 63 3D FF A5 64 3E FF ...
T093C 003:661.349   completely In flash
T093C 003:661.431 - 0.236ms returns 0xBD0
T093C 003:662.994 JLINK_WriteMem(0x20221A40, 0xBD0 Bytes, ...)
T093C 003:663.075   Data:  B8 83 6E FF BE 89 74 FF C2 90 7C FF C8 96 82 FF ...
T093C 003:663.148   completely In flash
T093C 003:663.207 - 0.213ms returns 0xBD0
T093C 003:663.884 JLINK_WriteMem(0x20222610, 0xBD0 Bytes, ...)
T093C 003:663.952   Data:  C5 A4 90 FF C8 A6 96 FF C9 A8 98 FF CA A8 9B FF ...
T093C 003:664.016   completely In flash
T093C 003:664.072 - 0.188ms returns 0xBD0
T093C 003:664.580 JLINK_WriteMem(0x202231E0, 0xBD0 Bytes, ...)
T093C 003:664.676   Data:  DB C5 BA FF DD C7 BC FF DF C9 BE FF E1 CB C0 FF ...
T093C 003:664.744   completely In flash
T093C 003:664.804 - 0.224ms returns 0xBD0
T093C 003:665.294 JLINK_WriteMem(0x20223DB0, 0xBC0 Bytes, ...)
T093C 003:665.359   Data:  D4 B6 AB FF D4 B6 AB FF D3 B5 AA FF D4 B6 AB FF ...
T093C 003:665.429   completely In flash
T093C 003:665.497 - 0.204ms returns 0xBC0
T093C 003:666.200 JLINK_WriteMem(0x20224970, 0xBC0 Bytes, ...)
T093C 003:666.254   Data:  D8 BC B1 FF D8 BC B1 FF D9 BD B2 FF D9 BD B2 FF ...
T093C 003:666.300   completely In flash
T093C 003:666.340 - 0.140ms returns 0xBC0
T093C 003:666.827 JLINK_WriteMem(0x20225530, 0xBC0 Bytes, ...)
T093C 003:666.908   Data:  E6 D3 CB FF E7 D4 CC FF E8 D5 CD FF E9 D6 CE FF ...
T093C 003:667.012   completely In flash
T093C 003:667.106 - 0.279ms returns 0xBC0
T093C 003:667.734 JLINK_WriteMem(0x202260F0, 0xBD0 Bytes, ...)
T093C 003:667.806   Data:  DA C4 B9 FF DB C5 BA FF DC C6 BB FF DC C6 BB FF ...
T093C 003:667.866   completely In flash
T093C 003:667.993 - 0.258ms returns 0xBD0
T093C 003:668.706 JLINK_WriteMem(0x20226CC0, 0xBC0 Bytes, ...)
T093C 003:668.780   Data:  C4 9D 8E FF C3 9D 8B FF C2 9C 8A FF C5 95 89 FF ...
T093C 003:668.848   completely In flash
T093C 003:668.904 - 0.198ms returns 0xBC0
T093C 003:669.544 JLINK_WriteMem(0x20227880, 0xBB0 Bytes, ...)
T093C 003:669.620   Data:  99 55 2A FF 9A 56 2B FF 9B 57 2C FF 9B 57 2C FF ...
T093C 003:669.680   completely In flash
T093C 003:669.736 - 0.192ms returns 0xBB0
T093C 003:670.362 JLINK_WriteMem(0x20228430, 0xBD0 Bytes, ...)
T093C 003:670.430   Data:  9B 58 2B 4E FF FF FF 00 FF FF FF 00 A3 7D 71 1B ...
T093C 003:670.492   completely In flash
T093C 003:670.548 - 0.185ms returns 0xBD0
T093C 003:671.239 JLINK_WriteMem(0x20229000, 0xBC0 Bytes, ...)
T093C 003:671.313   Data:  B0 8A 7E FF B3 8D 81 FF B4 8E 82 FF B4 8E 82 FF ...
T093C 003:671.366   completely In flash
T093C 003:671.420 - 0.182ms returns 0xBC0
T093C 003:672.232 JLINK_WriteMem(0x20229BC0, 0xBB0 Bytes, ...)
T093C 003:672.299   Data:  89 85 84 84 84 84 C8 D9 95 83 84 84 84 84 84 83 ...
T093C 003:672.396   completely In flash
T093C 003:672.443 - 0.210ms returns 0xBB0
T093C 003:672.986 JLINK_WriteMem(0x2022A770, 0xBE0 Bytes, ...)
T093C 003:673.096   Data:  7E 71 65 FF 7E 70 64 FF 7D 70 64 FF 7D 6F 63 FF ...
T093C 003:673.184   completely In flash
T093C 003:673.246 - 0.260ms returns 0xBE0
T093C 003:673.860 JLINK_WriteMem(0x2022B350, 0xBE0 Bytes, ...)
T093C 003:673.912   Data:  FF FF FF 00 A8 96 86 FF A8 96 86 FF FF FF FF 00 ...
T093C 003:673.961   completely In flash
T093C 003:673.999 - 0.139ms returns 0xBE0
T093C 003:674.698 JLINK_WriteMem(0x2022BF30, 0xBA0 Bytes, ...)
T093C 003:674.813   Data:  4F 3D 31 FF 4F 3C 31 FF 4E 3C 31 FF 4E 3C 30 FF ...
T093C 003:674.906   completely In flash
T093C 003:674.988 - 0.290ms returns 0xBA0
T093C 003:675.644 JLINK_WriteMem(0x2022CAD0, 0xBB0 Bytes, ...)
T093C 003:675.718   Data:  95 85 77 FF 94 84 76 FF 94 84 76 E7 94 84 76 AF ...
T093C 003:675.786   completely In flash
T093C 003:675.844 - 0.201ms returns 0xBB0
T093C 003:676.732 JLINK_WriteMem(0x2022D680, 0xB90 Bytes, ...)
T093C 003:676.831   Data:  6E 62 58 FF 6D 62 57 FF 6D 61 57 FF 6C 60 56 FF ...
T093C 003:676.926   completely In flash
T093C 003:677.014 - 0.282ms returns 0xB90
T093C 003:677.518 JLINK_WriteMem(0x2022E210, 0xBC0 Bytes, ...)
T093C 003:677.586   Data:  28 1E 19 FF 28 1E 18 FF 27 1D 18 FF 27 1D 17 FF ...
T093C 003:677.649   completely In flash
T093C 003:677.712 - 0.195ms returns 0xBC0
T093C 003:678.466 JLINK_WriteMem(0x2022EDD0, 0xBE0 Bytes, ...)
T093C 003:678.534   Data:  A9 98 88 00 A8 96 86 FF FF FF FF 00 FF FF FF 00 ...
T093C 003:678.603   completely In flash
T093C 003:678.666 - 0.200ms returns 0xBE0
T093C 003:679.378 JLINK_WriteMem(0x2022F9B0, 0xBE0 Bytes, ...)
T093C 003:679.436   Data:  FF FF FF 68 FF FF FF 79 FF FF FF 4F FF FF FF 00 ...
T093C 003:679.502   completely In flash
T093C 003:679.563 - 0.185ms returns 0xBE0
T093C 003:680.267 JLINK_WriteMem(0x20230590, 0xBE0 Bytes, ...)
T093C 003:680.322   Data:  FF FF FF C6 FF FF FF FF FF FF FF E2 FF FF FF 12 ...
T093C 003:680.389   completely In flash
T093C 003:680.450 - 0.183ms returns 0xBE0
T093C 003:681.256 JLINK_WriteMem(0x20231170, 0xBD0 Bytes, ...)
T093C 003:681.314   Data:  00 B9 FF FF 00 B8 FF FF 6A C4 FF DB F9 FC FF 0E ...
T093C 003:681.376   completely In flash
T093C 003:681.438 - 0.182ms returns 0xBD0
T093C 003:682.247 JLINK_WriteMem(0x20231D40, 0xBD0 Bytes, ...)
T093C 003:682.302   Data:  00 01 84 00 01 84 00 01 84 00 01 84 00 01 84 00 ...
T093C 003:682.370   completely In flash
T093C 003:682.430 - 0.183ms returns 0xBD0
T093C 003:683.110 JLINK_WriteMem(0x20232910, 0xBD0 Bytes, ...)
T093C 003:683.166   Data:  00 13 66 AA 0D 30 D0 FF 0A 25 B6 FF 08 26 B9 FF ...
T093C 003:683.231   completely In flash
T093C 003:683.292 - 0.182ms returns 0xBD0
T093C 003:684.048 JLINK_WriteMem(0x202334E0, 0xBE0 Bytes, ...)
T093C 003:684.157   Data:  00 2B E4 26 00 2B E4 29 00 2B E4 2D 00 2B E4 2F ...
T093C 003:685.421   completely In flash
T093C 003:685.510 - 1.461ms returns 0xBE0
T093C 003:686.090 JLINK_WriteMem(0x202340C0, 0xB90 Bytes, ...)
T093C 003:686.176   Data:  00 00 00 13 35 35 35 30 7B 7B 7B D7 80 80 80 FF ...
T093C 003:686.259   completely In flash
T093C 003:686.336 - 0.246ms returns 0xB90
T093C 003:686.903 JLINK_WriteMem(0x20234C50, 0xBE0 Bytes, ...)
T093C 003:686.990   Data:  2A CF 4E FF 27 DA 59 FF 25 DF 65 F9 0B 23 22 9B ...
T093C 003:687.063   completely In flash
T093C 003:687.127 - 0.224ms returns 0xBE0
T093C 003:687.936 JLINK_WriteMem(0x20235830, 0xBC0 Bytes, ...)
T093C 003:688.068   Data:  27 27 27 FF 2B 2B 2B FF 27 27 27 FF 2B 2B 2B FF ...
T093C 003:688.201   completely In flash
T093C 003:688.283 - 0.346ms returns 0xBC0
T093C 003:690.033 JLINK_WriteMem(0x202363F0, 0xBE0 Bytes, ...)
T093C 003:690.189   Data:  01 82 83 8C 8E 00 89 01 83 83 8C 8E 03 85 01 84 ...
T093C 003:690.254   completely In flash
T093C 003:690.318 - 0.285ms returns 0xBE0
T093C 003:691.245 JLINK_WriteMem(0x20236FD0, 0xBD0 Bytes, ...)
T093C 003:691.305   Data:  9D 8C 7D F6 A3 91 82 FB A8 96 86 FF A3 91 82 FB ...
T093C 003:691.367   completely In flash
T093C 003:691.428 - 0.184ms returns 0xBD0
T093C 003:692.100 JLINK_WriteMem(0x20237BA0, 0xBE0 Bytes, ...)
T093C 003:692.164   Data:  F0 F0 F0 DD FF FF FF FF 7D 7D 7D A4 01 01 01 5C ...
T093C 003:692.204   completely In flash
T093C 003:692.246 - 0.145ms returns 0xBE0
T093C 003:692.784 JLINK_WriteMem(0x20238780, 0xBD0 Bytes, ...)
T093C 003:692.886   Data:  03 00 A4 A8 02 00 A3 B5 00 00 63 10 00 00 00 00 ...
T093C 003:693.008   completely In flash
T093C 003:693.104 - 0.321ms returns 0xBD0
T093C 003:693.664 JLINK_WriteMem(0x20239350, 0xBE0 Bytes, ...)
T093C 003:693.756   Data:  00 00 00 00 00 00 00 00 00 00 00 00 00 00 00 00 ...
T093C 003:693.850   completely In flash
T093C 003:693.945 - 0.281ms returns 0xBE0
T093C 003:694.528 JLINK_WriteMem(0x20239F30, 0xBE0 Bytes, ...)
T093C 003:694.616   Data:  17 09 A9 FF 12 00 9D FF 12 00 9C FF 12 00 9C FF ...
T093C 003:694.711   completely In flash
T093C 003:694.811 - 0.282ms returns 0xBE0
T093C 003:695.340 JLINK_WriteMem(0x2023AB10, 0xBE0 Bytes, ...)
T093C 003:695.426   Data:  01 87 13 82 11 8B 01 8B 08 96 2B 87 01 A4 A3 01 ...
T093C 003:695.521   completely In flash
T093C 003:695.614 - 0.274ms returns 0xBE0
T093C 003:696.174 JLINK_WriteMem(0x2023B6F0, 0xBC0 Bytes, ...)
T093C 003:696.257   Data:  03 9E 02 89 01 AC AD 01 8A 01 F2 01 8A 01 AD AE ...
T093C 003:696.355   completely In flash
T093C 003:696.449 - 0.275ms returns 0xBC0
T093C 003:697.007 JLINK_WriteMem(0x2023C2B0, 0xB90 Bytes, ...)
T093C 003:697.088   Data:  35 D7 BA FF 38 D5 B9 FF 3A D5 BB FF 39 D5 BC FF ...
T093C 003:697.186   completely In flash
T093C 003:697.277 - 0.271ms returns 0xB90
T093C 003:697.829 JLINK_WriteMem(0x2023CE40, 0xB80 Bytes, ...)
T093C 003:697.909   Data:  28 B0 EE FF 24 AE EF FF 41 A7 D9 FF 7E 9C A9 FF ...
T093C 003:698.006   completely In flash
T093C 003:698.096 - 0.267ms returns 0xB80
T093C 003:698.676 JLINK_WriteMem(0x2023D9C0, 0xBB0 Bytes, ...)
T093C 003:698.736   Data:  3D CF A9 FF 3D CF AA FF 3D CF AB FF 3D D0 AC FF ...
T093C 003:698.776   completely In flash
T093C 003:698.813 - 0.137ms returns 0xBB0
T093C 003:699.310 JLINK_WriteMem(0x2023E570, 0xBD0 Bytes, ...)
T093C 003:699.402   Data:  FF FF FF C4 FF FF FF 00 FF FF FF 63 FF FF FF FF ...
T093C 003:699.490   completely In flash
T093C 003:699.596 - 0.286ms returns 0xBD0
T093C 003:700.166 JLINK_WriteMem(0x2023F140, 0xB90 Bytes, ...)
T093C 003:700.222   Data:  3E CC A0 00 86 DF C4 00 C0 EE E0 00 F5 FC FA 00 ...
T093C 003:700.260   completely In flash
T093C 003:700.298 - 0.133ms returns 0xB90
T093C 003:700.876 JLINK_WriteMem(0x2023FCD0, 0xB80 Bytes, ...)
T093C 003:700.922   Data:  2A 6C D9 FF 2A 6A D8 FF 2A 68 D7 FF 2A 66 D7 FF ...
T093C 003:700.960   completely In flash
T093C 003:700.997 - 0.121ms returns 0xB80
T093C 003:701.445 JLINK_WriteMem(0x20240850, 0xBE0 Bytes, ...)
T093C 003:701.490   Data:  29 53 D4 FF 29 50 D2 FF 29 4D D2 FF 25 48 D4 FF ...
T093C 003:701.528   completely In flash
T093C 003:701.567 - 0.122ms returns 0xBE0
T093C 003:702.088 JLINK_WriteMem(0x20241430, 0xBD0 Bytes, ...)
T093C 003:702.125   Data:  AB 97 86 FF A2 92 8B EB 6D 77 AB FE 3D 5B C6 FF ...
T093C 003:702.163   completely In flash
T093C 003:702.201 - 0.112ms returns 0xBD0
T093C 003:702.646 JLINK_WriteMem(0x20242000, 0xBE0 Bytes, ...)
T093C 003:702.702   Data:  1F 41 D0 00 29 4A D2 00 29 4A D2 64 28 48 D1 FF ...
T093C 003:702.758   completely In flash
T093C 003:702.813 - 0.167ms returns 0xBE0
T093C 003:703.464 JLINK_WriteMem(0x20242BE0, 0xBD0 Bytes, ...)
T093C 003:703.570   Data:  28 39 CF FF 28 37 CF FF 28 33 CF FF 28 30 CE FF ...
T093C 003:703.655   completely In flash
T093C 003:703.736 - 0.273ms returns 0xBD0
T093C 003:704.407 JLINK_WriteMem(0x202437B0, 0xBE0 Bytes, ...)
T093C 003:704.480   Data:  9A 9D 88 FF 45 C4 8C FF 40 C6 8C FF 41 C5 8C FF ...
T093C 003:704.540   completely In flash
T093C 003:704.604 - 0.197ms returns 0xBE0
T093C 003:705.172 JLINK_WriteMem(0x20244390, 0xBE0 Bytes, ...)
T093C 003:705.249   Data:  23 2C D1 FF 7E 73 9F FF B0 9B 83 FF A9 96 87 FF ...
T093C 003:705.289   completely In flash
T093C 003:705.329 - 0.158ms returns 0xBE0
T093C 003:705.920 JLINK_WriteMem(0x20244F70, 0xBE0 Bytes, ...)
T093C 003:705.978   Data:  F4 F2 F0 00 FF FF FF 00 FF FF FF 83 FF FF FF FF ...
T093C 003:706.031   completely In flash
T093C 003:706.083 - 0.163ms returns 0xBE0
T093C 003:706.716 JLINK_WriteMem(0x20245B50, 0xBE0 Bytes, ...)
T093C 003:706.772   Data:  A9 97 88 00 AF 9D 8F 00 AD 9B 8D 00 A3 8F 7F 00 ...
T093C 003:706.863   completely In flash
T093C 003:706.924 - 0.208ms returns 0xBE0
T093C 003:707.683 JLINK_WriteMem(0x20246730, 0xBE0 Bytes, ...)
T093C 003:707.747   Data:  A9 96 87 FF A9 96 87 E7 A9 96 87 9B A9 96 87 48 ...
T093C 003:707.813   completely In flash
T093C 003:707.877 - 0.195ms returns 0xBE0
T093C 003:708.308 JLINK_WriteMem(0x20247310, 0xBE0 Bytes, ...)
T093C 003:708.363   Data:  70 57 48 FF 6F 55 45 FF 6F 55 45 FF 70 57 48 FF ...
T093C 003:708.454   completely In flash
T093C 003:708.545 - 0.237ms returns 0xBE0
T093C 003:709.415 JLINK_WriteMem(0x20247EF0, 0xBD0 Bytes, ...)
T093C 003:709.472   Data:  08 7D 42 40 00 00 00 00 6E 00 00 00 00 00 00 00 ...
T093C 003:709.510   completely In flash
T093C 003:709.545 - 0.131ms returns 0xBD0
T093C 003:710.149 JLINK_WriteMem(0x20248AC0, 0xBE0 Bytes, ...)
T093C 003:710.247   Data:  03 00 00 1F 18 00 20 00 7E 00 00 00 00 00 00 00 ...
T093C 003:710.340   completely In flash
T093C 003:710.443 - 0.294ms returns 0xBE0
T093C 003:711.052 JLINK_WriteMem(0x202496A0, 0xBE0 Bytes, ...)
T093C 003:711.141   Data:  00 00 00 00 00 00 00 64 FF FF 5A 00 00 00 00 00 ...
T093C 003:711.244   completely In flash
T093C 003:711.344 - 0.293ms returns 0xBE0
T093C 003:711.902 JLINK_WriteMem(0x2024A280, 0xBE0 Bytes, ...)
T093C 003:711.992   Data:  00 00 00 00 00 00 00 3C FF FF 78 48 FF FF 70 00 ...
T093C 003:712.094   completely In flash
T093C 003:712.196 - 0.294ms returns 0xBE0
T093C 003:712.671 JLINK_WriteMem(0x2024AE60, 0xBE0 Bytes, ...)
T093C 003:712.733   Data:  FF A4 00 00 00 00 12 77 BE E8 FA ED D4 AD 5E 10 ...
T093C 003:712.776   completely In flash
T093C 003:712.822 - 0.151ms returns 0xBE0
T093C 003:713.652 JLINK_WriteMem(0x2024BA40, 0xBE0 Bytes, ...)
T093C 003:713.711   Data:  00 63 FF FF 96 00 00 00 00 00 6F FF F5 05 46 FF ...
T093C 003:713.765   completely In flash
T093C 003:713.820 - 0.169ms returns 0xBE0
T093C 003:714.214 JLINK_WriteMem(0x2024C620, 0xBE0 Bytes, ...)
T093C 003:714.274   Data:  00 00 00 00 00 12 DD FF FF B1 01 00 00 00 00 00 ...
T093C 003:714.328   completely In flash
T093C 003:714.384 - 0.169ms returns 0xBE0
T093C 003:714.795 JLINK_WriteMem(0x2024D200, 0xBE0 Bytes, ...)
T093C 003:714.858   Data:  58 FF FF 9C 10 FF FF E8 00 00 00 00 00 00 00 00 ...
T093C 003:714.927   completely In flash
T093C 003:714.998 - 0.203ms returns 0xBE0
T093C 003:716.540 JLINK_WriteMem(0x2024DDE0, 0xBE0 Bytes, ...)
T093C 003:716.616   Data:  00 00 00 00 00 11 BD FF FF FF EB 9B 57 27 10 05 ...
T093C 003:716.683   completely In flash
T093C 003:716.740 - 0.201ms returns 0xBE0
T093C 003:717.450 JLINK_WriteMem(0x2024E9C0, 0xBE0 Bytes, ...)
T093C 003:717.508   Data:  D5 FF FF FF 63 00 00 00 00 00 00 9A FF FF D3 00 ...
T093C 003:717.549   completely In flash
T093C 003:717.591 - 0.141ms returns 0xBE0
T093C 003:718.132 JLINK_WriteMem(0x2024F5A0, 0xBD0 Bytes, ...)
T093C 003:718.191   Data:  00 00 00 00 00 2B AA FE FF FE AA 2B 00 00 00 00 ...
T093C 003:718.230   completely In flash
T093C 003:718.269 - 0.137ms returns 0xBD0
T093C 003:718.734 JLINK_WriteMem(0x20250170, 0xBE0 Bytes, ...)
T093C 003:718.834   Data:  E0 51 43 40 00 00 00 00 14 00 00 00 12 02 0E 14 ...
T093C 003:718.930   completely In flash
T093C 003:719.019 - 0.284ms returns 0xBE0
T093C 003:719.570 JLINK_WriteMem(0x20250D50, 0xBD0 Bytes, ...)
T093C 003:719.647   Data:  A6 00 00 00 00 00 00 7C FF FF FF D3 00 00 00 00 ...
T093C 003:719.740   completely In flash
T093C 003:719.834 - 0.264ms returns 0xBD0
T093C 003:720.404 JLINK_WriteMem(0x20251920, 0xBD0 Bytes, ...)
T093C 003:720.496   Data:  5C FF FF 28 00 00 00 5C FF FF 28 00 00 00 5C FF ...
T093C 003:720.605   completely In flash
T093C 003:720.717 - 0.312ms returns 0xBD0
T093C 003:721.503 JLINK_WriteMem(0x202524F0, 0xBE0 Bytes, ...)
T093C 003:721.626   Data:  98 FF EC 00 00 00 00 98 FF EC 00 00 00 00 98 FF ...
T093C 003:721.736   completely In flash
T093C 003:721.835 - 0.333ms returns 0xBE0
T093C 003:722.565 JLINK_WriteMem(0x202530D0, 0xBE0 Bytes, ...)
T093C 003:722.726   Data:  FF FF D9 87 1C 00 00 00 00 00 00 05 52 A3 DF FF ...
T093C 003:722.843   completely In flash
T093C 003:722.943 - 0.382ms returns 0xBE0
T093C 003:723.448 JLINK_WriteMem(0x20253CB0, 0xBE0 Bytes, ...)
T093C 003:723.533   Data:  00 00 00 00 40 FF FF 84 00 00 00 00 40 FF FF 84 ...
T093C 003:723.632   completely In flash
T093C 003:723.724 - 0.277ms returns 0xBE0
T093C 003:724.426 JLINK_WriteMem(0x20254890, 0xBE0 Bytes, ...)
T093C 003:724.489   Data:  00 42 EC FF FD B8 64 2D 11 06 1D 3A 83 DA FF FF ...
T093C 003:724.528   completely In flash
T093C 003:724.564 - 0.139ms returns 0xBE0
T093C 003:724.986 JLINK_WriteMem(0x20255470, 0xBE0 Bytes, ...)
T093C 003:725.048   Data:  00 00 00 00 00 0B EA FF F4 06 00 00 00 00 00 00 ...
T093C 003:725.108   completely In flash
T093C 003:725.152 - 0.166ms returns 0xBE0
T093C 003:725.745 JLINK_WriteMem(0x20256050, 0xBD0 Bytes, ...)
T093C 003:725.810   Data:  FF FC 1F 00 34 FF FF 6E 00 00 00 00 00 04 AD FF ...
T093C 003:725.848   completely In flash
T093C 003:725.885 - 0.140ms returns 0xBD0
T093C 003:726.448 JLINK_WriteMem(0x20256C20, 0xBE0 Bytes, ...)
T093C 003:726.512   Data:  0D 00 05 00 10 00 10 12 30 6D 43 40 00 00 00 00 ...
T093C 003:726.550   completely In flash
T093C 003:726.587 - 0.139ms returns 0xBE0
T093C 003:727.056 JLINK_WriteMem(0x20257800, 0xBD0 Bytes, ...)
T093C 003:727.125   Data:  00 A8 FF FF FF DC 00 FC FF FF FF FD 78 17 18 79 ...
T093C 003:727.194   completely In flash
T093C 003:727.258 - 0.201ms returns 0xBD0
T093C 003:727.691 JLINK_WriteMem(0x202583D0, 0xBE0 Bytes, ...)
T093C 003:727.755   Data:  00 00 00 00 A8 FF FF FF DC 00 FC FF FF FF FD 78 ...
T093C 003:727.826   completely In flash
T093C 003:727.907 - 0.216ms returns 0xBE0
T093C 003:728.616 JLINK_WriteMem(0x20258FB0, 0xBE0 Bytes, ...)
T093C 003:728.677   Data:  40 E0 FF FF FF FF FF FF FF FF FF FF FF FF FF FF ...
T093C 003:728.730   completely In flash
T093C 003:728.782 - 0.167ms returns 0xBE0
T093C 003:729.421 JLINK_WriteMem(0x20259B90, 0xBE0 Bytes, ...)
T093C 003:729.507   Data:  B8 00 00 07 B9 FF FF FF FF D0 12 00 00 00 CC FF ...
T093C 003:729.604   completely In flash
T093C 003:729.691 - 0.270ms returns 0xBE0
T093C 003:730.342 JLINK_WriteMem(0x2025A770, 0xBE0 Bytes, ...)
T093C 003:730.424   Data:  00 00 00 00 00 00 00 00 05 BE FF F7 63 01 00 00 ...
T093C 003:730.519   completely In flash
T093C 003:730.609 - 0.267ms returns 0xBE0
T093C 003:731.301 JLINK_WriteMem(0x2025B350, 0xBD0 Bytes, ...)
T093C 003:731.351   Data:  FF 5B 00 00 00 00 00 00 00 00 78 FF FF FF F7 13 ...
T093C 003:731.394   completely In flash
T093C 003:731.437 - 0.136ms returns 0xBD0
T093C 003:732.115 JLINK_WriteMem(0x2025BF20, 0xBE0 Bytes, ...)
T093C 003:732.168   Data:  FF 7F 00 00 68 FF FF 35 00 00 00 00 00 00 00 00 ...
T093C 003:732.208   completely In flash
T093C 003:732.245 - 0.130ms returns 0xBE0
T093C 003:732.765 JLINK_WriteMem(0x2025CB00, 0xBD0 Bytes, ...)
T093C 003:732.849   Data:  FF 47 70 FF 71 00 00 00 00 00 00 3B FF A5 CE FB ...
T093C 003:732.930   completely In flash
T093C 003:733.015 - 0.250ms returns 0xBD0
T093C 003:733.561 JLINK_WriteMem(0x2025D6D0, 0xBD0 Bytes, ...)
T093C 003:733.656   Data:  FF 84 00 00 48 FF 84 00 00 48 FF 84 00 00 48 FF ...
T093C 003:733.744   completely In flash
T093C 003:733.841 - 0.280ms returns 0xBD0
T093C 003:734.396 JLINK_WriteMem(0x2025E2A0, 0xBE0 Bytes, ...)
T093C 003:734.491   Data:  00 00 00 00 00 00 00 A0 FF 4C 08 FF E0 00 00 00 ...
T093C 003:734.576   completely In flash
T093C 003:734.662 - 0.266ms returns 0xBE0
T093C 003:735.144 JLINK_WriteMem(0x2025EE80, 0xBD0 Bytes, ...)
T093C 003:735.216   Data:  00 9E FF 7E 00 00 00 00 3F FF B9 00 B6 FF 4B 00 ...
T093C 003:735.261   completely In flash
T093C 003:735.298 - 0.154ms returns 0xBD0
T093C 003:735.621 JLINK_WriteMem(0x2025FA50, 0xBE0 Bytes, ...)
T093C 003:735.652   Data:  FF 38 00 00 00 00 57 FF 40 00 01 E9 A9 00 00 00 ...
T093C 003:735.690   completely In flash
T093C 003:735.726 - 0.105ms returns 0xBE0
T093C 003:736.087 JLINK_WriteMem(0x20260630, 0xBD0 Bytes, ...)
T093C 003:736.155   Data:  D8 1E 00 00 00 00 00 00 68 82 44 40 00 00 00 00 ...
T093C 003:736.222   completely In flash
T093C 003:736.280 - 0.193ms returns 0xBD0
T093C 003:736.676 JLINK_WriteMem(0x20261200, 0xBE0 Bytes, ...)
T093C 003:736.731   Data:  78 88 44 40 00 00 00 00 E0 3A 26 40 00 00 00 00 ...
T093C 003:736.783   completely In flash
T093C 003:736.842 - 0.167ms returns 0xBE0
T093C 003:737.304 JLINK_WriteMem(0x20261DE0, 0xBE0 Bytes, ...)
T093C 003:737.339   Data:  20 00 00 00 B0 00 00 00 01 00 00 00 01 00 00 00 ...
T093C 003:737.376   completely In flash
T093C 003:737.413 - 0.109ms returns 0xBE0
T093C 003:737.879 JLINK_WriteMem(0x202629C0, 0xBE0 Bytes, ...)
T093C 003:737.974   Data:  28 5E 20 40 00 00 00 00 00 00 00 00 00 00 00 00 ...
T093C 003:738.052   completely In flash
T093C 003:738.125 - 0.247ms returns 0xBE0
T093C 003:738.631 JLINK_WriteMem(0x202635A0, 0xBE0 Bytes, ...)
T093C 003:738.709   Data:  14 00 14 00 D0 00 31 00 C8 33 44 40 00 00 00 00 ...
T093C 003:738.793   completely In flash
T093C 003:738.879 - 0.247ms returns 0xBE0
T093C 003:739.423 JLINK_WriteMem(0x20264180, 0xBE0 Bytes, ...)
T093C 003:739.498   Data:  58 65 44 40 00 00 00 00 0D 00 02 00 09 00 08 0F ...
T093C 003:739.586   completely In flash
T093C 003:739.669 - 0.246ms returns 0xBE0
T093C 003:740.305 JLINK_WriteMem(0x20264D60, 0xBD0 Bytes, ...)
T093C 003:740.392   Data:  88 F0 19 E7 9E 00 00 00 88 F3 C4 F2 E8 0F 00 00 ...
T093C 003:740.489   completely In flash
T093C 003:740.585 - 0.280ms returns 0xBD0
T093C 003:741.189 JLINK_WriteMem(0x20265930, 0xBE0 Bytes, ...)
T093C 003:741.276   Data:  00 F4 78 60 FF 00 00 5E FF 6B 00 00 F4 78 60 FF ...
T093C 003:741.387   completely In flash
T093C 003:741.480 - 0.291ms returns 0xBE0
T093C 003:742.050 JLINK_WriteMem(0x20266510, 0xBD0 Bytes, ...)
T093C 003:742.136   Data:  09 CD 35 00 00 00 00 00 00 00 00 0E 84 08 00 00 ...
T093C 003:742.240   completely In flash
T093C 003:742.339 - 0.289ms returns 0xBD0
T093C 003:743.516 JLINK_WriteMem(0x202670E0, 0xBD0 Bytes, ...)
T093C 003:743.612   Data:  87 88 89 8A 8B 8C 8D 8E 8F 90 90 91 92 93 94 95 ...
T093C 003:743.706   completely In flash
T093C 003:743.803 - 0.287ms returns 0xBD0
T093C 003:744.479 JLINK_WriteMem(0x20267CB0, 0xBE0 Bytes, ...)
T093C 003:744.571   Data:  02 02 6D 02 02 6E 02 02 6F 02 02 70 02 02 71 02 ...
T093C 003:744.672   completely In flash
T093C 003:744.768 - 0.289ms returns 0xBE0
T093C 003:745.383 JLINK_WriteMem(0x20268890, 0xBE0 Bytes, ...)
T093C 003:745.482   Data:  00 00 00 00 00 00 00 00 06 00 00 00 00 00 00 00 ...
T093C 003:745.584   completely In flash
T093C 003:745.683 - 0.300ms returns 0xBE0
T093C 003:746.259 JLINK_WriteMem(0x20269470, 0xBE0 Bytes, ...)
T093C 003:746.344   Data:  00 00 00 00 00 00 00 00 00 00 00 00 00 00 00 00 ...
T093C 003:746.445   completely In flash
T093C 003:746.540 - 0.280ms returns 0xBE0
T093C 003:747.084 JLINK_WriteMem(0x2026A050, 0xBE0 Bytes, ...)
T093C 003:747.168   Data:  40 9E 44 40 00 00 00 00 40 9E 44 40 00 00 00 00 ...
T093C 003:747.264   completely In flash
T093C 003:747.356 - 0.272ms returns 0xBE0
T093C 003:747.955 JLINK_WriteMem(0x2026AC30, 0xBE0 Bytes, ...)
T093C 003:748.042   Data:  90 6C 25 40 00 00 00 00 90 6C 25 40 00 00 00 00 ...
T093C 003:748.146   completely In flash
T093C 003:748.238 - 0.282ms returns 0xBE0
T093C 003:748.857 JLINK_WriteMem(0x2026B810, 0xBE0 Bytes, ...)
T093C 003:748.942   Data:  00 00 00 00 00 00 00 00 00 00 00 00 00 00 00 00 ...
T093C 003:749.039   completely In flash
T093C 003:749.135 - 0.278ms returns 0xBE0
T093C 003:749.747 JLINK_WriteMem(0x2026C3F0, 0xBE0 Bytes, ...)
T093C 003:749.835   Data:  00 00 00 00 00 00 00 00 00 00 00 00 00 00 00 00 ...
T093C 003:749.931   completely In flash
T093C 003:750.024 - 0.278ms returns 0xBE0
T093C 003:750.633 JLINK_WriteMem(0x2026CFD0, 0xBA8 Bytes, ...)
T093C 003:750.720   Data:  00 00 00 00 00 00 00 00 00 00 00 00 00 00 00 00 ...
T093C 003:750.822   completely In flash
T093C 003:750.914 - 0.281ms returns 0xBA8
T093C 003:776.297 JLINK_EndDownload()
T093C 003:776.718    -- --------------------------------------
T093C 003:776.803    -- Flash bank @ 0x20000000: Default: L2 verify disabled because algorithm performs L1 verify
T093C 003:776.845    -- Start of determining dirty areas in flash cache
T093C 003:776.906    -- Filling invalid ranges in sector buffer (flash cache) for sector @ 0x20000000 if necessary
T093C 003:776.970    -- Filling invalid ranges in sector buffer (flash cache) for sector @ 0x20020000 if necessary
T093C 003:777.011    -- Filling invalid ranges in sector buffer (flash cache) for sector @ 0x20030000 if necessary
T093C 003:777.048    -- Filling invalid ranges in sector buffer (flash cache) for sector @ 0x20040000 if necessary
T093C 003:777.086    -- Filling invalid ranges in sector buffer (flash cache) for sector @ 0x20050000 if necessary
T093C 003:777.124    -- Filling invalid ranges in sector buffer (flash cache) for sector @ 0x20060000 if necessary
T093C 003:777.162    -- Filling invalid ranges in sector buffer (flash cache) for sector @ 0x20070000 if necessary
T093C 003:777.202    -- Filling invalid ranges in sector buffer (flash cache) for sector @ 0x20080000 if necessary
T093C 003:777.238    -- Filling invalid ranges in sector buffer (flash cache) for sector @ 0x20090000 if necessary
T093C 003:777.273    -- Filling invalid ranges in sector buffer (flash cache) for sector @ 0x200A0000 if necessary
T093C 003:777.308    -- Filling invalid ranges in sector buffer (flash cache) for sector @ 0x200B0000 if necessary
T093C 003:777.344    -- Filling invalid ranges in sector buffer (flash cache) for sector @ 0x200C0000 if necessary
T093C 003:777.380    -- Filling invalid ranges in sector buffer (flash cache) for sector @ 0x200D0000 if necessary
T093C 003:777.417    -- Filling invalid ranges in sector buffer (flash cache) for sector @ 0x200E0000 if necessary
T093C 003:777.463    -- Filling invalid ranges in sector buffer (flash cache) for sector @ 0x200F0000 if necessary
T093C 003:777.521    -- Filling invalid ranges in sector buffer (flash cache) for sector @ 0x20100000 if necessary
T093C 003:777.572    -- Filling invalid ranges in sector buffer (flash cache) for sector @ 0x20110000 if necessary
T093C 003:777.612    -- Filling invalid ranges in sector buffer (flash cache) for sector @ 0x20120000 if necessary
T093C 003:777.653    -- Filling invalid ranges in sector buffer (flash cache) for sector @ 0x20130000 if necessary
T093C 003:777.701    -- Filling invalid ranges in sector buffer (flash cache) for sector @ 0x20140000 if necessary
T093C 003:777.749    -- Filling invalid ranges in sector buffer (flash cache) for sector @ 0x20150000 if necessary
T093C 003:777.798    -- Filling invalid ranges in sector buffer (flash cache) for sector @ 0x20160000 if necessary
T093C 003:777.844    -- Filling invalid ranges in sector buffer (flash cache) for sector @ 0x20170000 if necessary
T093C 003:777.898    -- Filling invalid ranges in sector buffer (flash cache) for sector @ 0x20180000 if necessary
T093C 003:777.946    -- Filling invalid ranges in sector buffer (flash cache) for sector @ 0x20190000 if necessary
T093C 003:777.988    -- Filling invalid ranges in sector buffer (flash cache) for sector @ 0x201A0000 if necessary
T093C 003:778.027    -- Filling invalid ranges in sector buffer (flash cache) for sector @ 0x201B0000 if necessary
T093C 003:778.066    -- Filling invalid ranges in sector buffer (flash cache) for sector @ 0x201C0000 if necessary
T093C 003:778.106    -- Filling invalid ranges in sector buffer (flash cache) for sector @ 0x201D0000 if necessary
T093C 003:778.149    -- Filling invalid ranges in sector buffer (flash cache) for sector @ 0x201E0000 if necessary
T093C 003:778.202    -- Filling invalid ranges in sector buffer (flash cache) for sector @ 0x201F0000 if necessary
T093C 003:778.267    -- Filling invalid ranges in sector buffer (flash cache) for sector @ 0x20200000 if necessary
T093C 003:778.320    -- Filling invalid ranges in sector buffer (flash cache) for sector @ 0x20210000 if necessary
T093C 003:778.372    -- Filling invalid ranges in sector buffer (flash cache) for sector @ 0x20220000 if necessary
T093C 003:778.439    -- Filling invalid ranges in sector buffer (flash cache) for sector @ 0x20230000 if necessary
T093C 003:778.492    -- Filling invalid ranges in sector buffer (flash cache) for sector @ 0x20240000 if necessary
T093C 003:778.546    -- Filling invalid ranges in sector buffer (flash cache) for sector @ 0x20250000 if necessary
T093C 003:778.598    -- Filling invalid ranges in sector buffer (flash cache) for sector @ 0x20260000 if necessary
T093C 003:782.948    -- End of determining dirty areas
T093C 003:783.033    -- Start of preparing flash programming
T093C 003:783.097    -- Calculating RAM usage
T093C 003:783.327    -- RAM usage = 20656 Bytes
T093C 003:783.384    -- Preserving CPU registers
T093C 003:783.483    -- Preparing target
T093C 003:783.540    -- Preserving target RAM temporarily used for programming
T093C 004:208.633    -- Downloading RAMCode
T093C 004:292.639    -- Preparing RAMCode
T093C 004:306.436    -- End of preparing flash programming
T093C 004:306.497    -- CPU speed could not be measured.
T093C 004:306.524    -- Start of comparing flash
T093C 004:306.551    -- CRC check was estimated as fastest method
T093C 004:306.579    -- Comparing range 0x20000000 - 0x2000FFFF (1 Sector, 64 KB), using single-block CRC calculation
T093C 004:412.697    -- CRC matches
T093C 004:412.801    -- Comparing range 0x20020000 - 0x2003FFFF (2 Sectors, 128 KB), using single-block CRC calculation
T093C 004:615.816    -- CRC does not match, checking individual sectors
T093C 004:722.142    -- CRC does not match for sector 2
T093C 004:828.322    -- CRC does not match for sector 3
T093C 004:828.409    -- Comparing range 0x20040000 - 0x2005FFFF (2 Sectors, 128 KB), using single-block CRC calculation
T093C 005:031.035    -- CRC does not match, checking individual sectors
T093C 005:137.351    -- CRC does not match for sector 4
T093C 005:243.712    -- CRC does not match for sector 5
T093C 005:243.896    -- Comparing range 0x20060000 - 0x2007FFFF (2 Sectors, 128 KB), using single-block CRC calculation
T093C 005:446.594    -- CRC does not match, checking individual sectors
T093C 005:552.551    -- CRC does not match for sector 6
T093C 005:658.980    -- CRC does not match for sector 7
T093C 005:659.127    -- Comparing range 0x20080000 - 0x2009FFFF (2 Sectors, 128 KB), using single-block CRC calculation
T093C 005:861.951    -- CRC does not match, checking individual sectors
T093C 005:968.115    -- CRC does not match for sector 8
T093C 006:074.718    -- CRC matches for sector 9
T093C 006:074.811    -- Comparing range 0x200A0000 - 0x200BFFFF (2 Sectors, 128 KB), using single-block CRC calculation
T093C 006:277.766    -- CRC matches
T093C 006:277.825    -- Comparing range 0x200C0000 - 0x200DFFFF (2 Sectors, 128 KB), using single-block CRC calculation
T093C 006:480.833    -- CRC matches
T093C 006:480.919    -- Comparing range 0x200E0000 - 0x200FFFFF (2 Sectors, 128 KB), using single-block CRC calculation
T093C 006:683.449    -- CRC matches
T093C 006:683.511    -- Comparing range 0x20100000 - 0x2011FFFF (2 Sectors, 128 KB), using single-block CRC calculation
T093C 006:886.064    -- CRC matches
T093C 006:886.133    -- Comparing range 0x20120000 - 0x2013FFFF (2 Sectors, 128 KB), using single-block CRC calculation
T093C 007:088.686    -- CRC matches
T093C 007:088.761    -- Comparing range 0x20140000 - 0x2015FFFF (2 Sectors, 128 KB), using single-block CRC calculation
T093C 007:291.781    -- CRC matches
T093C 007:291.905    -- Comparing range 0x20160000 - 0x2017FFFF (2 Sectors, 128 KB), using single-block CRC calculation
T093C 007:494.582    -- CRC matches
T093C 007:494.653    -- Comparing range 0x20180000 - 0x2019FFFF (2 Sectors, 128 KB), using single-block CRC calculation
T093C 007:697.864    -- CRC matches
T093C 007:697.986    -- Comparing range 0x201A0000 - 0x201BFFFF (2 Sectors, 128 KB), using single-block CRC calculation
T093C 007:900.785    -- CRC matches
T093C 007:900.852    -- Comparing range 0x201C0000 - 0x201DFFFF (2 Sectors, 128 KB), using single-block CRC calculation
T093C 008:103.843    -- CRC matches
T093C 008:103.930    -- Comparing range 0x201E0000 - 0x201FFFFF (2 Sectors, 128 KB), using single-block CRC calculation
T093C 008:307.023    -- CRC matches
T093C 008:307.098    -- Comparing range 0x20200000 - 0x2021FFFF (2 Sectors, 128 KB), using single-block CRC calculation
T093C 008:510.059    -- CRC matches
T093C 008:510.172    -- Comparing range 0x20220000 - 0x2023FFFF (2 Sectors, 128 KB), using single-block CRC calculation
T093C 008:712.905    -- CRC matches
T093C 008:712.999    -- Comparing range 0x20240000 - 0x2025FFFF (2 Sectors, 128 KB), using single-block CRC calculation
T093C 008:915.999    -- CRC matches
T093C 008:916.313    -- Comparing range 0x20260000 - 0x2026FFFF (1 Sector, 64 KB), using single-block CRC calculation
T093C 009:022.753    -- CRC does not match for sector 38
T093C 009:022.889    -- Comparing range 0x20000000 - 0x2000FFFF (1 Sector, 64 KB), using alternative single-block CRC calculation
T093C 009:129.112    -- CRC matches
T093C 009:129.263    -- Comparing range 0x20090000 - 0x200AFFFF (2 Sectors, 128 KB), using alternative single-block CRC calculation
T093C 009:332.091    -- CRC matches
T093C 009:332.177    -- Comparing range 0x200B0000 - 0x200CFFFF (2 Sectors, 128 KB), using alternative single-block CRC calculation
T093C 009:534.958    -- CRC matches
T093C 009:535.043    -- Comparing range 0x200D0000 - 0x200EFFFF (2 Sectors, 128 KB), using alternative single-block CRC calculation
T093C 009:737.880    -- CRC matches
T093C 009:737.969    -- Comparing range 0x200F0000 - 0x2010FFFF (2 Sectors, 128 KB), using alternative single-block CRC calculation
T093C 009:940.810    -- CRC matches
T093C 009:940.882    -- Comparing range 0x20110000 - 0x2012FFFF (2 Sectors, 128 KB), using alternative single-block CRC calculation
T093C 010:143.560    -- CRC matches
T093C 010:143.639    -- Comparing range 0x20130000 - 0x2014FFFF (2 Sectors, 128 KB), using alternative single-block CRC calculation
T093C 010:346.514    -- CRC matches
T093C 010:346.598    -- Comparing range 0x20150000 - 0x2016FFFF (2 Sectors, 128 KB), using alternative single-block CRC calculation
T093C 010:576.272    -- CRC matches
T093C 010:576.371    -- Comparing range 0x20170000 - 0x2018FFFF (2 Sectors, 128 KB), using alternative single-block CRC calculation
T093C 010:779.150    -- CRC matches
T093C 010:779.244    -- Comparing range 0x20190000 - 0x201AFFFF (2 Sectors, 128 KB), using alternative single-block CRC calculation
T093C 010:982.066    -- CRC matches
T093C 010:982.164    -- Comparing range 0x201B0000 - 0x201CFFFF (2 Sectors, 128 KB), using alternative single-block CRC calculation
T093C 011:185.678    -- CRC matches
T093C 011:185.844    -- Comparing range 0x201D0000 - 0x201EFFFF (2 Sectors, 128 KB), using alternative single-block CRC calculation
T093C 011:389.290    -- CRC matches
T093C 011:389.433    -- Comparing range 0x201F0000 - 0x2020FFFF (2 Sectors, 128 KB), using alternative single-block CRC calculation
T093C 011:592.578    -- CRC matches
T093C 011:592.724    -- Comparing range 0x20210000 - 0x2022FFFF (2 Sectors, 128 KB), using alternative single-block CRC calculation
T093C 011:796.104    -- CRC matches
T093C 011:796.486    -- Comparing range 0x20230000 - 0x2024FFFF (2 Sectors, 128 KB), using alternative single-block CRC calculation
T093C 012:000.459    -- CRC matches
T093C 012:000.574    -- Comparing range 0x20250000 - 0x2025FFFF (1 Sector, 64 KB), using alternative single-block CRC calculation
T093C 012:107.059    -- CRC matches
T093C 012:107.179    -- End of comparing flash
T093C 012:107.249    -- Start of erasing sectors
T093C 012:107.319    -- Erasing range 0x20020000 - 0x2003FFFF (  2 Sectors, 128 KB)
T093C 012:703.250    -- Erasing range 0x20040000 - 0x2005FFFF (  2 Sectors, 128 KB)
T093C 013:288.425    -- Erasing range 0x20060000 - 0x2007FFFF (  2 Sectors, 128 KB)
T093C 013:866.078    -- Erasing range 0x20080000 - 0x2008FFFF (  1 Sector, 64 KB)
T093C 014:165.658    -- Erasing range 0x20260000 - 0x2026FFFF (  1 Sector, 64 KB)
T093C 014:468.221    -- End of erasing sectors
T093C 014:468.370    -- Start of flash programming
T093C 014:468.466    -- Programming range 0x20020000 - 0x2002FFFF (  1 Sector, 64 KB)
T093C 015:070.590    -- Programming range 0x20030000 - 0x2003FFFF (  1 Sector, 64 KB)
T093C 015:671.382    -- Programming range 0x20040000 - 0x2004FFFF (  1 Sector, 64 KB)
T093C 016:272.310    -- Programming range 0x20050000 - 0x2005FFFF (  1 Sector, 64 KB)
T093C 016:873.162    -- Programming range 0x20060000 - 0x2006FFFF (  1 Sector, 64 KB)
T093C 017:474.294    -- Programming range 0x20070000 - 0x2007FFFF (  1 Sector, 64 KB)
T093C 018:074.578    -- Programming range 0x20080000 - 0x2008FFFF (  1 Sector, 64 KB)
T093C 018:675.720    -- Programming range 0x20260000 - 0x2026FFFF (  1 Sector, 64 KB)
T093C 019:272.628    -- End of flash programming
T093C 019:272.740    -- 0x20020000 - 0x2008FFFF (  7 Sectors, 448 KB)
T093C 019:272.796    -- 0x20260000 - 0x2026FFFF (  1 Sector, 64 KB)
T093C 019:272.854    -- Start of restoring
T093C 019:272.908    -- Restoring RAMCode
T093C 019:282.554    -- Restoring target memory
T093C 019:377.940    -- Restore target
T093C 019:378.124    -- Restoring CPU registers
T093C 019:378.292    -- End of restoring
T093C 019:378.406    -- Bank 0 @ 0x20000000: 2 ranges affected (524288 bytes)
T093C 019:378.526    -- Total: 15.595s (Prepare: 0.523s, Compare: 7.800s, Erase: 2.361s, Program & Verify: 4.804s, Restore: 0.105s)
T093C 019:378.636    -- Program & Verify speed: 106 KB/s
T093C 019:379.164 - 15602.866ms returns 524288 (0x80000)
T093C 019:381.206 JLINK_WriteRegs_64(NumRegs = 1, Indexes: 
T093C 019:381.260   33)
T093C 019:381.292    -- PC=0x20000000
T093C 019:381.318 - 0.111ms returns 0
T093C 019:381.344 JLINK_WriteRegs_64(NumRegs = 1, Indexes: 
T093C 019:381.364   33)
T093C 019:381.388    -- PC=0x20020000
T093C 019:381.412 - 0.070ms returns 0
T093C 019:399.564 JLINK_ReadMem(0x20020000, 0x40 Bytes, ...)
T093C 019:399.630    -- Read from flash cache (64 bytes @ 0x20020000)
T093C 019:399.660   Data:  00 00 20 40 00 00 00 00 FF FF DF BF FF FF FF FF ...
T093C 019:399.690 - 0.126ms returns 0
T093C 019:428.982 JLINK_ReadMem(0x20020000, 0x40 Bytes, ...)
T093C 019:429.078    -- Read from flash cache (64 bytes @ 0x20020000)
T093C 019:429.122   Data:  00 00 20 40 00 00 00 00 FF FF DF BF FF FF FF FF ...
T093C 019:429.166 - 0.186ms returns 0
T093C 019:955.182 JLINK_GetNumBPUnits(Type = 0xFFFFFF00)
T093C 019:955.260 - 0.079ms returns 0x06
T093C 019:955.284 JLINK_GetNumWPUnits()
T093C 019:955.308 - 0.021ms returns 4
T093C 019:955.330 JLINK_GetNumWPUnits()
T093C 019:955.356 - 0.026ms returns 4
T093C 019:955.414 JLINK_GetNumBPUnits(Type = 0xFFFFFF00)
T093C 019:955.440 - 0.026ms returns 0x06
T093C 019:955.466 JLINK_GetNumWPUnits()
T093C 019:955.490 - 0.024ms returns 4
T093C 019:955.510 JLINK_GetNumWPUnits()
T093C 019:955.532 - 0.022ms returns 4
T093C 019:955.562 JLINK_GetNumBPUnits(Type = 0xFFFFFF00)
T093C 019:955.586 - 0.023ms returns 0x06
T093C 019:955.612 JLINK_GetNumWPUnits()
T093C 019:955.634 - 0.023ms returns 4
T093C 019:955.660 JLINK_GetNumWPUnits()
T093C 019:955.684 - 0.025ms returns 4
T093C 019:955.772 JLINK_SetBPEx(Addr = 0x40208240, Type = 0xFFFFFF00)
T093C 019:955.812 - 0.039ms returns 0x00000001
T093C 019:955.846 JLINK_ClrBPEx(BPHandle = 0x00000001)
T093C 019:956.292 - 0.444ms returns 0x00
T093C 020:781.280 JLINK_ReadMem(0x40208240, 0x4 Bytes, ...)
T093C 020:781.378   CPU_ReadMem(4 bytes @ 0x40208240)
T093C 020:811.580   failed
T093C 020:811.674 - 30.394ms returns 1
T093C 020:812.716 JLINK_SetBPEx(Addr = 0x40208240, Type = 0xFFFFFF00)
T093C 020:812.888 - 0.173ms returns 0x00000002
T093C 020:826.012 JLINK_ResetPullsRESET(ON)
T093C 020:826.110 - 0.099ms
T093C 020:826.146 JLINK_Halt()
T093C 020:826.558 - 0.411ms returns 0x00
T093C 020:826.608 JLINK_IsHalted()
T093C 020:826.646 - 0.036ms returns TRUE
T093C 020:826.680 JLINK_Reset()
T093C 020:826.724   JLINK_GetResetTypeDesc
T093C 020:826.758   - 0.034ms
T093C 020:826.800   Reset type: NORMAL (https://wiki.segger.com/J-Link_Reset_Strategies)
T093C 020:950.668   Reset confused the core.
T093C 020:951.536   Disabled core power domain detected.
T093C 020:952.808   
  ***** Warning: 
T093C 020:952.848   CPU not halted after Reset, halting using Halt request
T093C 020:970.580 - 143.899ms
T093C 020:970.714 JLINK_SetEndian(ARM_ENDIAN_LITTLE)
T093C 020:970.744 - 0.031ms returns 0
T093C 021:089.624 JLINK_ReadRegs_64(NumRegs = 49, Indexes: 
T093C 021:089.734   0, 
T093C 021:089.780   1, 
T093C 021:089.820   2, 
T093C 021:089.858   3, 
T093C 021:089.898   4, 
T093C 021:089.938   5, 
T093C 021:089.982   6, 
T093C 021:090.028   7, 
T093C 021:090.076   8, 
T093C 021:090.116   9, 
T093C 021:090.156   10, 
T093C 021:090.202   11, 
T093C 021:090.248   12, 
T093C 021:090.294   13, 
T093C 021:090.342   14, 
T093C 021:090.390   15, 
T093C 021:090.430   16, 
T093C 021:090.476   17, 
T093C 021:090.518   18, 
T093C 021:090.560   19, 
T093C 021:090.602   20, 
T093C 021:090.646   21, 
T093C 021:090.692   22, 
T093C 021:090.742   23, 
T093C 021:090.788   24, 
T093C 021:090.832   25, 
T093C 021:090.872   26, 
T093C 021:090.914   27, 
T093C 021:090.958   28, 
T093C 021:091.010   29, 
T093C 021:091.054   30, 
T093C 021:091.100   31, 
T093C 021:091.146   32, 
T093C 021:091.192   33, 
T093C 021:091.236   34, 
T093C 021:091.280   35, 
T093C 021:091.324   36, 
T093C 021:091.370   37, 
T093C 021:091.418   38, 
T093C 021:091.462   39, 
T093C 021:091.508   40, 
T093C 021:091.554   41, 
T093C 021:091.604   42, 
T093C 021:091.650   43, 
T093C 021:091.694   44, 
T093C 021:091.740   45, 
T093C 021:091.786   46, 
T093C 021:091.832   47, 
T093C 021:091.876   48)
T093C 021:091.956   
 -- R0=0xFEDFFFFF, R1=0x00, R2=0x00, R3=0x00, R4=0xA21711, R5=0x204, R6=0x3FFFFFFF, R7=0x03, R8=0x01, R9=0x01, R10=0x1006000C, R11=0x00, R12=0x2000, R13=0x00, R14=0x00, R15=0x00, R16=0x00, R17=0x00, R18=0x00, R19=0x04, R20=0x00, R21=0x00, R22=0x00, R23=0x00, R24=0x00, R25=0x00, R26=0x00, R27=0x00, R28=0x00, R29=0x00, R30=0x11EC, R31=0x00, SP=0x2FFC0, PC=0x12028, ELR_EL1=0x00, ELR_EL2=0x00, ELR_EL3=0x00, SP_EL0=0x00, SP_EL1=0x00, SP_EL2=0x00, SP_EL3=0x2FFC0, CPSR=0x800003CD, SPSR_abt=0xFEDFDFFF, SPSR_EL1=0xFEFFFFFF, SPSR_EL2=0xEEFFFFFE, SPSR_EL3=0x1CD, SPSR_fiq=0xFEDFFBFF, SPSR_irq=0xE6DFFFFF, SPSR_und=0xFEDFFFFF

T093C 021:092.036 - 2.411ms returns 0
T093C 021:093.716 JLINK_ReadMem(0x00012028, 0x4 Bytes, ...)
T093C 021:093.812   CPU_ReadMem(64 bytes @ 0x00012000)
T093C 021:095.960    -- Updating C cache (64 bytes @ 0x00012000)
T093C 021:096.050    -- Read from C cache (4 bytes @ 0x00012028)
T093C 021:096.102   Data:  64 00 00 B4
T093C 021:096.150 - 2.435ms returns 0
T093C 021:102.132 JLINK_ReadMem(0x00012028, 0x4 Bytes, ...)
T093C 021:102.226    -- Read from C cache (4 bytes @ 0x00012028)
T093C 021:102.274   Data:  64 00 00 B4
T093C 021:102.318 - 0.186ms returns 0
T5308 021:126.194 JLINK_GetNumBPUnits(Type = 0xFFFFFF00)
T5308 021:126.262 - 0.070ms returns 0x06
T5308 021:126.286 JLINK_GetNumWPUnits()
T5308 021:126.308 - 0.021ms returns 4
T5308 021:126.330 JLINK_GetNumWPUnits()
T5308 021:126.354 - 0.023ms returns 4
T5308 021:126.622 JLINK_GetNumBPUnits(Type = 0xFFFFFF00)
T5308 021:126.696 - 0.073ms returns 0x06
T5308 021:126.740 JLINK_GetNumWPUnits()
T5308 021:126.780 - 0.041ms returns 4
T5308 021:126.814 JLINK_GetNumWPUnits()
T5308 021:126.846 - 0.031ms returns 4
T5308 021:127.516 JLINK_GetNumBPUnits(Type = 0xFFFFFF00)
T5308 021:127.578 - 0.063ms returns 0x06
T5308 021:127.602 JLINK_GetNumWPUnits()
T5308 021:127.624 - 0.022ms returns 4
T5308 021:127.644 JLINK_GetNumWPUnits()
T5308 021:127.668 - 0.022ms returns 4
T5308 021:128.502 JLINK_GetNumBPUnits(Type = 0xFFFFFF00)
T5308 021:128.570 - 0.068ms returns 0x06
T5308 021:128.604 JLINK_GetNumWPUnits()
T5308 021:128.636 - 0.032ms returns 4
T5308 021:128.670 JLINK_GetNumWPUnits()
T5308 021:128.700 - 0.030ms returns 4
T5308 021:129.104 JLINK_GetNumBPUnits(Type = 0xFFFFFF00)
T5308 021:129.148 - 0.045ms returns 0x06
T5308 021:129.228 JLINK_GetNumWPUnits()
T5308 021:129.260 - 0.032ms returns 4
T5308 021:129.292 JLINK_GetNumWPUnits()
T5308 021:129.324 - 0.030ms returns 4
T5308 021:129.576 JLINK_GetNumBPUnits(Type = 0xFFFFFF00)
T5308 021:129.622 - 0.045ms returns 0x06
T5308 021:129.652 JLINK_GetNumWPUnits()
T5308 021:129.686 - 0.032ms returns 4
T5308 021:129.718 JLINK_GetNumWPUnits()
T5308 021:129.748 - 0.031ms returns 4
T5308 021:130.002 JLINK_GetNumBPUnits(Type = 0xFFFFFF00)
T5308 021:130.060 - 0.059ms returns 0x06
T5308 021:130.094 JLINK_GetNumWPUnits()
T5308 021:130.130 - 0.034ms returns 4
T5308 021:130.164 JLINK_GetNumWPUnits()
T5308 021:130.196 - 0.031ms returns 4
T5308 021:130.402 JLINK_GetNumBPUnits(Type = 0xFFFFFF00)
T5308 021:130.448 - 0.047ms returns 0x06
T5308 021:130.484 JLINK_GetNumWPUnits()
T5308 021:130.514 - 0.031ms returns 4
T5308 021:130.546 JLINK_GetNumWPUnits()
T5308 021:130.578 - 0.030ms returns 4
T093C 021:167.506 JLINK_ReadMem(0x00012028, 0x4 Bytes, ...)
T093C 021:168.002    -- Read from C cache (4 bytes @ 0x00012028)
T093C 021:168.060   Data:  64 00 00 B4
T093C 021:168.116 - 0.616ms returns 0
T093C 024:522.116 JLINK_STRACE_Read(..., NumItems = 0x10000)
T093C 024:522.230   Initializing trace type buffer with configured Coresight trace components (* indicates set/detected address):
T093C 024:522.260    *TF:   0x10C40000
T093C 024:522.284    *TMC:  0x10C20000
T093C 024:522.308    *ETB:  0x10C30000
T093C 024:522.332     MTB:  0x00000000
T093C 024:522.356     TPIU: 0x00000000
T093C 024:522.380     ETM:  0x00000000
T093C 024:522.404     STM:  0x00000000
T093C 024:522.428     PTM:  0x00000000
T093C 024:522.452   
  ***** Warning: 
T093C 024:522.504   Required trace components for buffer trace not found!
Details see https://wiki.segger.com/Arm_trace_technical_specification#Required_trace_components
T093C 024:522.912   Looking for J-Link GUI Server exe at: C:\Users\a5134593\.eclipse\com.renesas.platform_301333723\DebugComp\RZ\ARM\Segger_v8.10.1\JLinkGUIServer.exe
T093C 024:523.054   Looking for J-Link GUI Server exe at: C:\Program Files (x86)\SEGGER\JLink\\JLinkGUIServer.exe
T093C 024:826.332   Failed to connect to J-Link GUI Server.
T093C 024:826.394 - 304.278ms NumItemsRead = 0xFFFFFFFF
T093C 024:827.222 JLINK_IsHalted()
T093C 024:827.636 - 0.412ms returns TRUE
T093C 024:828.270 JLINK_STRACE_Read(..., NumItems = 0x10000)
T093C 024:828.322 - 0.050ms NumItemsRead = 0x00
T093C 024:828.344 JLINK_GoEx(MaxEmulInsts = 0, Flags = 0x01)
T093C 024:832.436   Memory map 'after startup completion point' is active
T093C 024:832.492 - 4.146ms
T093C 024:940.792 JLINK_IsHalted()
T093C 024:941.300 - 0.506ms returns FALSE
T093C 024:941.348 JLINK_IsHalted()
T093C 024:941.724 - 0.373ms returns FALSE
T093C 025:049.976 JLINK_IsHalted()
T093C 025:050.452 - 0.474ms returns FALSE
T093C 025:050.516 JLINK_IsHalted()
T093C 025:050.882 - 0.364ms returns FALSE
T093C 025:159.082 JLINK_IsHalted()
T093C 025:167.564 - 8.479ms returns TRUE
T093C 025:167.692 JLINK_ReadRegs_64(NumRegs = 1, Indexes: 
T093C 025:167.740   33)
T093C 025:167.804    -- PC=0x40208240
T093C 025:167.864 - 0.170ms returns 0
T093C 025:167.912 JLINK_ReadRegs_64(NumRegs = 1, Indexes: 
T093C 025:167.950   41)
T093C 025:168.010    -- CPSR=0x6000000D
T093C 025:168.066 - 0.153ms returns 0
T093C 025:168.108 JLINK_ReadRegs_64(NumRegs = 1, Indexes: 
T093C 025:168.148   33)
T093C 025:168.212    -- PC=0x40208240
T093C 025:168.286 - 0.179ms returns 0
T093C 025:168.336 JLINK_ReadRegs_64(NumRegs = 1, Indexes: 
T093C 025:168.380   41)
T093C 025:168.456    -- CPSR=0x6000000D
T093C 025:168.524 - 0.187ms returns 0
T093C 025:168.572 JLINK_IsHalted()
T093C 025:168.614 - 0.043ms returns TRUE
T093C 025:168.644 JLINK_ReadRegs_64(NumRegs = 1, Indexes: 
T093C 025:168.664   41)
T093C 025:168.688    -- CPSR=0x6000000D
T093C 025:168.712 - 0.067ms returns 0
T093C 025:168.728 JLINK_ReadRegs_64(NumRegs = 1, Indexes: 
T093C 025:168.746   33)
T093C 025:168.770    -- PC=0x40208240
T093C 025:168.794 - 0.064ms returns 0
T093C 025:168.818 JLINK_ReadRegs_64(NumRegs = 1, Indexes: 
T093C 025:168.836   41)
T093C 025:168.860    -- CPSR=0x6000000D
T093C 025:168.884 - 0.065ms returns 0
T093C 025:169.520 JLINK_IsHalted()
T093C 025:169.562 - 0.040ms returns TRUE
T093C 025:169.578 JLINK_ReadRegs_64(NumRegs = 1, Indexes: 
T093C 025:169.592   33)
T093C 025:169.614    -- PC=0x40208240
T093C 025:169.636 - 0.059ms returns 0
T093C 025:169.652 JLINK_ReadRegs_64(NumRegs = 1, Indexes: 
T093C 025:169.668   41)
T093C 025:169.690    -- CPSR=0x6000000D
T093C 025:169.710 - 0.057ms returns 0
T093C 025:169.738 JLINK_ReadRegs_64(NumRegs = 1, Indexes: 
T093C 025:169.780   33)
T093C 025:169.836    -- PC=0x40208240
T093C 025:169.898 - 0.159ms returns 0
T093C 025:169.938 JLINK_ReadRegs_64(NumRegs = 1, Indexes: 
T093C 025:169.978   41)
T093C 025:170.036    -- CPSR=0x6000000D
T093C 025:170.092 - 0.154ms returns 0
T093C 025:170.132 JLINK_IsHalted()
T093C 025:170.174 - 0.040ms returns TRUE
T093C 025:170.214 JLINK_ReadRegs_64(NumRegs = 1, Indexes: 
T093C 025:170.252   41)
T093C 025:170.308    -- CPSR=0x6000000D
T093C 025:170.362 - 0.146ms returns 0
T093C 025:170.380 JLINK_ReadRegs_64(NumRegs = 1, Indexes: 
T093C 025:170.394   33)
T093C 025:170.416    -- PC=0x40208240
T093C 025:170.436 - 0.056ms returns 0
T093C 025:170.452 JLINK_ReadRegs_64(NumRegs = 1, Indexes: 
T093C 025:170.468   41)
T093C 025:170.492    -- CPSR=0x6000000D
T093C 025:170.516 - 0.065ms returns 0
T093C 025:171.548 JLINK_ReadRegs_64(NumRegs = 49, Indexes: 
T093C 025:171.652   0, 
T093C 025:171.706   1, 
T093C 025:171.758   2, 
T093C 025:171.806   3, 
T093C 025:171.826   4, 
T093C 025:171.846   5, 
T093C 025:171.866   6, 
T093C 025:171.886   7, 
T093C 025:171.906   8, 
T093C 025:171.926   9, 
T093C 025:171.946   10, 
T093C 025:171.966   11, 
T093C 025:171.986   12, 
T093C 025:172.006   13, 
T093C 025:172.028   14, 
T093C 025:172.046   15, 
T093C 025:172.068   16, 
T093C 025:172.088   17, 
T093C 025:172.108   18, 
T093C 025:172.128   19, 
T093C 025:172.148   20, 
T093C 025:172.168   21, 
T093C 025:172.188   22, 
T093C 025:172.208   23, 
T093C 025:172.228   24, 
T093C 025:172.250   25, 
T093C 025:172.268   26, 
T093C 025:172.290   27, 
T093C 025:172.310   28, 
T093C 025:172.332   29, 
T093C 025:172.352   30, 
T093C 025:172.372   31, 
T093C 025:172.394   32, 
T093C 025:172.414   33, 
T093C 025:172.436   34, 
T093C 025:172.454   35, 
T093C 025:172.476   36, 
T093C 025:172.496   37, 
T093C 025:172.518   38, 
T093C 025:172.540   39, 
T093C 025:172.560   40, 
T093C 025:172.580   41, 
T093C 025:172.602   42, 
T093C 025:172.622   43, 
T093C 025:172.676   44, 
T093C 025:172.726   45, 
T093C 025:172.778   46, 
T093C 025:172.828   47, 
T093C 025:172.878   48)
T093C 025:172.964   
 -- R0=0x401815, R1=0x01, R2=0x00, R3=0xFFFFFFFFFFFFFFFF, R4=0x06, R5=0x200, R6=0x200000, R7=0xFFFFFFC0, R8=0x01, R9=0xFFFFFFFFF0000000, R10=0x04, R11=0x02, R12=0xB8, R13=0x80000014, R14=0x1006007C, R15=0x04, R16=0x10000000, R17=0x40, R18=0x1B618, R19=0x12064, R20=0x1A030, R21=0x00, R22=0x00, R23=0x00, R24=0x00, R25=0x00, R26=0x00, R27=0x00, R28=0x00, R29=0x00, R30=0x40202CD0, R31=0x00, SP=0x4044F940, PC=0x40208240, ELR_EL1=0x00, ELR_EL2=0x00, ELR_EL3=0x40200000, SP_EL0=0x1B680, SP_EL1=0x00, SP_EL2=0x00, SP_EL3=0x4044F940, CPSR=0x6000000D, SPSR_abt=0xFEDFDFFF, SPSR_EL1=0xFEFFFFFF, SPSR_EL2=0xEEFFFFFE, SPSR_EL3=0x3CD, SPSR_fiq=0xFEDFFBFF, SPSR_irq=0xE6DFFFFF, SPSR_und=0xFEDFFFFF

T093C 025:173.052 - 1.502ms returns 0
T093C 025:174.832 JLINK_ReadMem(0x40208240, 0x4 Bytes, ...)
T093C 025:174.924   CPU_ReadMem(64 bytes @ 0x40208240)
T093C 025:177.086    -- Updating DA cache (64 bytes @ 0x40208240)
T093C 025:177.148    -- Read from DA cache (4 bytes @ 0x40208240)
T093C 025:177.184   Data:  FD 7B BF A9
T093C 025:177.214 - 2.383ms returns 0
T093C 025:178.848 JLINK_ClrBPEx(BPHandle = 0x00000002)
T093C 025:178.926 - 0.078ms returns 0x00
T093C 025:192.382 JLINK_ReadMem(0x40208240, 0x4 Bytes, ...)
T093C 025:192.556    -- Read from DA cache (4 bytes @ 0x40208240)
T093C 025:192.654   Data:  FD 7B BF A9
T093C 025:192.734 - 0.353ms returns 0
T093C 025:985.004 JLINK_STRACE_Read(..., NumItems = 0x10000)
T093C 025:985.076 - 0.071ms NumItemsRead = 0x00
T093C 025:985.098 JLINK_IsHalted()
T093C 025:985.548 - 0.449ms returns TRUE
T093C 025:985.604 JLINK_STRACE_Read(..., NumItems = 0x10000)
T093C 025:985.628 - 0.023ms NumItemsRead = 0x00
T093C 025:985.654 JLINK_GoEx(MaxEmulInsts = 0, Flags = 0x01)
T093C 025:989.792 - 4.137ms
T093C 026:096.574 JLINK_IsHalted()
T093C 026:097.060 - 0.483ms returns FALSE
T093C 026:097.100 JLINK_IsHalted()
T093C 026:097.484 - 0.384ms returns FALSE
T093C 026:206.416 JLINK_IsHalted()
T093C 026:206.812 - 0.396ms returns FALSE
T093C 026:206.850 JLINK_IsHalted()
T093C 026:207.234 - 0.382ms returns FALSE
T093C 026:315.776 JLINK_IsHalted()
T093C 026:316.250 - 0.473ms returns FALSE
T093C 026:316.336 JLINK_IsHalted()
T093C 026:316.852 - 0.517ms returns FALSE
T093C 026:424.720 JLINK_IsHalted()
T093C 026:425.280 - 0.559ms returns FALSE
T093C 026:425.318 JLINK_IsHalted()
T093C 026:425.880 - 0.560ms returns FALSE
T093C 026:534.688 JLINK_IsHalted()
T093C 026:535.302 - 0.613ms returns FALSE
T093C 026:535.392 JLINK_IsHalted()
T093C 026:535.868 - 0.473ms returns FALSE
T093C 026:643.758 JLINK_IsHalted()
T093C 026:644.296 - 0.537ms returns FALSE
T093C 026:644.378 JLINK_IsHalted()
T093C 026:644.852 - 0.473ms returns FALSE
T093C 026:752.734 JLINK_IsHalted()
T093C 026:753.244 - 0.510ms returns FALSE
T093C 026:753.308 JLINK_IsHalted()
T093C 026:753.748 - 0.441ms returns FALSE
T093C 026:862.852 JLINK_IsHalted()
T093C 026:863.472 - 0.620ms returns FALSE
T093C 026:863.510 JLINK_IsHalted()
T093C 026:863.974 - 0.464ms returns FALSE
T093C 026:971.744 JLINK_IsHalted()
T093C 026:972.218 - 0.472ms returns FALSE
T093C 026:972.256 JLINK_IsHalted()
T093C 026:972.710 - 0.454ms returns FALSE
T093C 027:081.068 JLINK_IsHalted()
T093C 027:081.756 - 0.686ms returns FALSE
T093C 027:081.808 JLINK_IsHalted()
T093C 027:082.218 - 0.408ms returns FALSE
T5308 027:137.284 JLINK_IsHalted()
T5308 027:137.948 - 0.664ms returns FALSE
T5308 027:138.036 JLINK_IsHalted()
T5308 027:138.496 - 0.458ms returns FALSE
T093C 027:190.298 JLINK_IsHalted()
T093C 027:190.768 - 0.469ms returns FALSE
T093C 027:190.804 JLINK_IsHalted()
T093C 027:191.316 - 0.511ms returns FALSE
T093C 027:299.962 JLINK_IsHalted()
T093C 027:300.416 - 0.452ms returns FALSE
T093C 027:300.454 JLINK_IsHalted()
T093C 027:300.852 - 0.396ms returns FALSE
T093C 027:409.084 JLINK_IsHalted()
T093C 027:409.654 - 0.568ms returns FALSE
T093C 027:409.738 JLINK_IsHalted()
T093C 027:410.202 - 0.461ms returns FALSE
T093C 027:518.592 JLINK_IsHalted()
T093C 027:519.318 - 0.723ms returns FALSE
T093C 027:519.398 JLINK_IsHalted()
T093C 027:519.892 - 0.491ms returns FALSE
T093C 027:628.052 JLINK_IsHalted()
T093C 027:628.598 - 0.546ms returns FALSE
T093C 027:628.656 JLINK_IsHalted()
T093C 027:629.100 - 0.444ms returns FALSE
T093C 027:737.446 JLINK_IsHalted()
T093C 027:737.908 - 0.460ms returns FALSE
T093C 027:737.946 JLINK_IsHalted()
T093C 027:738.432 - 0.485ms returns FALSE
T093C 027:846.388 JLINK_IsHalted()
T093C 027:846.956 - 0.566ms returns FALSE
T093C 027:847.036 JLINK_IsHalted()
T093C 027:847.580 - 0.542ms returns FALSE
T093C 027:956.582 JLINK_IsHalted()
T093C 027:957.124 - 0.540ms returns FALSE
T093C 027:957.146 JLINK_IsHalted()
T093C 027:957.556 - 0.408ms returns FALSE
T093C 028:065.830 JLINK_IsHalted()
T093C 028:066.272 - 0.440ms returns FALSE
T093C 028:066.332 JLINK_IsHalted()
T093C 028:066.848 - 0.517ms returns FALSE
T5308 028:139.046 JLINK_IsHalted()
T5308 028:139.638 - 0.590ms returns FALSE
T5308 028:139.690 JLINK_IsHalted()
T5308 028:140.202 - 0.512ms returns FALSE
T093C 028:174.502 JLINK_IsHalted()
T093C 028:174.964 - 0.460ms returns FALSE
T093C 028:175.014 JLINK_IsHalted()
T093C 028:175.414 - 0.398ms returns FALSE
T093C 028:284.432 JLINK_IsHalted()
T093C 028:284.890 - 0.457ms returns FALSE
T093C 028:284.928 JLINK_IsHalted()
T093C 028:285.418 - 0.490ms returns FALSE
T093C 028:393.878 JLINK_IsHalted()
T093C 028:394.404 - 0.526ms returns FALSE
T093C 028:394.438 JLINK_IsHalted()
T093C 028:394.848 - 0.409ms returns FALSE
T093C 028:502.592 JLINK_IsHalted()
T093C 028:503.098 - 0.505ms returns FALSE
T093C 028:503.136 JLINK_IsHalted()
T093C 028:503.606 - 0.468ms returns FALSE
T093C 028:612.154 JLINK_IsHalted()
T093C 028:612.672 - 0.518ms returns FALSE
T093C 028:612.720 JLINK_IsHalted()
T093C 028:613.180 - 0.460ms returns FALSE
T093C 028:721.468 JLINK_IsHalted()
T093C 028:721.990 - 0.521ms returns FALSE
T093C 028:722.032 JLINK_IsHalted()
T093C 028:722.572 - 0.539ms returns FALSE
T093C 028:830.880 JLINK_IsHalted()
T093C 028:831.436 - 0.558ms returns FALSE
T093C 028:831.532 JLINK_IsHalted()
T093C 028:831.980 - 0.445ms returns FALSE
T093C 028:940.388 JLINK_IsHalted()
T093C 028:940.860 - 0.471ms returns FALSE
T093C 028:940.900 JLINK_IsHalted()
T093C 028:941.414 - 0.514ms returns FALSE
T093C 029:049.492 JLINK_IsHalted()
T093C 029:049.936 - 0.445ms returns FALSE
T093C 029:049.974 JLINK_IsHalted()
T093C 029:050.368 - 0.390ms returns FALSE
T5308 029:140.980 JLINK_IsHalted()
T5308 029:141.434 - 0.453ms returns FALSE
T5308 029:141.472 JLINK_IsHalted()
T5308 029:141.862 - 0.391ms returns FALSE
T093C 029:159.220 JLINK_IsHalted()
T093C 029:159.776 - 0.555ms returns FALSE
T093C 029:159.814 JLINK_IsHalted()
T093C 029:160.230 - 0.414ms returns FALSE
T093C 029:269.184 JLINK_IsHalted()
T093C 029:269.782 - 0.597ms returns FALSE
T093C 029:269.850 JLINK_IsHalted()
T093C 029:270.394 - 0.544ms returns FALSE
T093C 029:378.020 JLINK_IsHalted()
T093C 029:378.548 - 0.527ms returns FALSE
T093C 029:378.614 JLINK_IsHalted()
T093C 029:379.110 - 0.494ms returns FALSE
T093C 029:487.680 JLINK_IsHalted()
T093C 029:488.374 - 0.693ms returns FALSE
T093C 029:488.410 JLINK_IsHalted()
T093C 029:488.852 - 0.440ms returns FALSE
T093C 029:596.602 JLINK_IsHalted()
T093C 029:597.100 - 0.500ms returns FALSE
T093C 029:597.190 JLINK_IsHalted()
T093C 029:597.696 - 0.505ms returns FALSE
T093C 029:706.212 JLINK_IsHalted()
T093C 029:706.812 - 0.600ms returns FALSE
T093C 029:706.854 JLINK_IsHalted()
T093C 029:707.296 - 0.443ms returns FALSE
T093C 029:815.724 JLINK_IsHalted()
T093C 029:816.288 - 0.563ms returns FALSE
T093C 029:816.330 JLINK_IsHalted()
T093C 029:816.764 - 0.434ms returns FALSE
T093C 029:925.270 JLINK_IsHalted()
T093C 029:925.812 - 0.537ms returns FALSE
T093C 029:925.876 JLINK_IsHalted()
T093C 029:926.380 - 0.505ms returns FALSE
T093C 030:034.276 JLINK_IsHalted()
T093C 030:034.832 - 0.557ms returns FALSE
T093C 030:034.876 JLINK_IsHalted()
T093C 030:035.396 - 0.517ms returns FALSE
T5308 030:142.084 JLINK_IsHalted()
T5308 030:142.602 - 0.517ms returns FALSE
T5308 030:142.640 JLINK_IsHalted()
T5308 030:143.018 - 0.376ms returns FALSE
T093C 030:143.930 JLINK_IsHalted()
T093C 030:144.406 - 0.475ms returns FALSE
T093C 030:144.448 JLINK_IsHalted()
T093C 030:144.848 - 0.400ms returns FALSE
T093C 030:253.324 JLINK_IsHalted()
T093C 030:253.866 - 0.539ms returns FALSE
T093C 030:253.914 JLINK_IsHalted()
T093C 030:254.320 - 0.406ms returns FALSE
T093C 030:362.708 JLINK_IsHalted()
T093C 030:363.242 - 0.534ms returns FALSE
T093C 030:363.302 JLINK_IsHalted()
T093C 030:363.798 - 0.493ms returns FALSE
T093C 030:472.828 JLINK_IsHalted()
T093C 030:473.382 - 0.552ms returns FALSE
T093C 030:473.430 JLINK_IsHalted()
T093C 030:473.956 - 0.526ms returns FALSE
T093C 030:581.146 JLINK_IsHalted()
T093C 030:581.722 - 0.575ms returns FALSE
T093C 030:581.756 JLINK_IsHalted()
T093C 030:582.202 - 0.443ms returns FALSE
T093C 030:690.474 JLINK_IsHalted()
T093C 030:691.036 - 0.563ms returns FALSE
T093C 030:691.098 JLINK_IsHalted()
T093C 030:691.612 - 0.515ms returns FALSE
T093C 030:800.372 JLINK_IsHalted()
T093C 030:800.832 - 0.460ms returns FALSE
T093C 030:800.874 JLINK_IsHalted()
T093C 030:801.290 - 0.414ms returns FALSE
T093C 030:909.594 JLINK_IsHalted()
T093C 030:910.138 - 0.542ms returns FALSE
T093C 030:910.218 JLINK_IsHalted()
T093C 030:910.672 - 0.450ms returns FALSE
T093C 031:018.742 JLINK_IsHalted()
T093C 031:019.204 - 0.461ms returns FALSE
T093C 031:019.242 JLINK_IsHalted()
T093C 031:019.622 - 0.381ms returns FALSE
T093C 031:128.586 JLINK_IsHalted()
T093C 031:129.164 - 0.575ms returns FALSE
T093C 031:129.274 JLINK_IsHalted()
T093C 031:129.754 - 0.477ms returns FALSE
T5308 031:143.622 JLINK_IsHalted()
T5308 031:144.134 - 0.509ms returns FALSE
T5308 031:144.176 JLINK_IsHalted()
T5308 031:144.550 - 0.375ms returns FALSE
T093C 031:237.190 JLINK_IsHalted()
T093C 031:237.654 - 0.464ms returns FALSE
T093C 031:237.706 JLINK_IsHalted()
T093C 031:238.090 - 0.382ms returns FALSE
T093C 031:347.050 JLINK_IsHalted()
T093C 031:347.604 - 0.551ms returns FALSE
T093C 031:347.644 JLINK_IsHalted()
T093C 031:348.028 - 0.381ms returns FALSE
T093C 031:455.962 JLINK_IsHalted()
T093C 031:456.492 - 0.529ms returns FALSE
T093C 031:456.538 JLINK_IsHalted()
T093C 031:457.014 - 0.474ms returns FALSE
T093C 031:565.974 JLINK_IsHalted()
T093C 031:566.468 - 0.493ms returns FALSE
T093C 031:566.540 JLINK_IsHalted()
T093C 031:566.906 - 0.365ms returns FALSE
T093C 031:674.598 JLINK_IsHalted()
T093C 031:675.098 - 0.499ms returns FALSE
T093C 031:675.140 JLINK_IsHalted()
T093C 031:675.616 - 0.476ms returns FALSE
T093C 031:784.084 JLINK_IsHalted()
T093C 031:784.656 - 0.573ms returns FALSE
T093C 031:784.694 JLINK_IsHalted()
T093C 031:785.210 - 0.515ms returns FALSE
T093C 031:893.910 JLINK_IsHalted()
T093C 031:894.730 - 0.816ms returns FALSE
T093C 031:894.858 JLINK_IsHalted()
T093C 031:895.478 - 0.618ms returns FALSE
T093C 032:003.116 JLINK_IsHalted()
T093C 032:003.834 - 0.715ms returns FALSE
T093C 032:003.978 JLINK_IsHalted()
T093C 032:004.544 - 0.565ms returns FALSE
T093C 032:111.964 JLINK_IsHalted()
T093C 032:112.676 - 0.707ms returns FALSE
T093C 032:112.794 JLINK_IsHalted()
T093C 032:113.510 - 0.715ms returns FALSE
T5308 032:145.296 JLINK_IsHalted()
T5308 032:145.980 - 0.683ms returns FALSE
T5308 032:146.116 JLINK_IsHalted()
T5308 032:146.666 - 0.548ms returns FALSE
T093C 032:221.344 JLINK_IsHalted()
T093C 032:221.978 - 0.634ms returns FALSE
T093C 032:222.028 JLINK_IsHalted()
T093C 032:222.548 - 0.518ms returns FALSE
T093C 032:331.360 JLINK_IsHalted()
T093C 032:332.144 - 0.781ms returns FALSE
T093C 032:332.244 JLINK_IsHalted()
T093C 032:332.748 - 0.503ms returns FALSE
T093C 032:440.452 JLINK_IsHalted()
T093C 032:441.236 - 0.783ms returns FALSE
T093C 032:441.360 JLINK_IsHalted()
T093C 032:442.012 - 0.651ms returns FALSE
T093C 032:550.262 JLINK_IsHalted()
T093C 032:550.800 - 0.536ms returns FALSE
T093C 032:550.842 JLINK_IsHalted()
T093C 032:551.242 - 0.401ms returns FALSE
T093C 032:658.928 JLINK_IsHalted()
T093C 032:659.402 - 0.471ms returns FALSE
T093C 032:659.436 JLINK_IsHalted()
T093C 032:659.836 - 0.399ms returns FALSE
T093C 032:768.716 JLINK_IsHalted()
T093C 032:769.398 - 0.682ms returns FALSE
T093C 032:769.462 JLINK_IsHalted()
T093C 032:770.048 - 0.583ms returns FALSE
T093C 032:878.068 JLINK_IsHalted()
T093C 032:878.868 - 0.800ms returns FALSE
T093C 032:878.988 JLINK_IsHalted()
T093C 032:879.594 - 0.604ms returns FALSE
T093C 032:987.926 JLINK_IsHalted()
T093C 032:988.468 - 0.542ms returns FALSE
T093C 032:988.534 JLINK_IsHalted()
T093C 032:988.954 - 0.418ms returns FALSE
T093C 033:096.924 JLINK_IsHalted()
T093C 033:097.696 - 0.769ms returns FALSE
T093C 033:099.206 JLINK_IsHalted()
T093C 033:099.798 - 0.591ms returns FALSE
T5308 033:148.060 JLINK_IsHalted()
T5308 033:148.516 - 0.455ms returns FALSE
T5308 033:148.554 JLINK_IsHalted()
T5308 033:148.950 - 0.398ms returns FALSE
T093C 033:205.898 JLINK_IsHalted()
T093C 033:206.532 - 0.633ms returns FALSE
T093C 033:206.598 JLINK_IsHalted()
T093C 033:207.226 - 0.628ms returns FALSE
T093C 033:315.600 JLINK_IsHalted()
T093C 033:316.166 - 0.565ms returns FALSE
T093C 033:316.320 JLINK_IsHalted()
T093C 033:316.752 - 0.432ms returns FALSE
T093C 033:424.460 JLINK_IsHalted()
T093C 033:425.260 - 0.799ms returns FALSE
T093C 033:425.380 JLINK_IsHalted()
T093C 033:425.968 - 0.589ms returns FALSE
T093C 033:534.716 JLINK_IsHalted()
T093C 033:535.372 - 0.654ms returns FALSE
T093C 033:535.408 JLINK_IsHalted()
T093C 033:535.872 - 0.461ms returns FALSE
T4FA8 034:134.232 JLINK_Halt()
T4FA8 034:142.964 - 8.726ms returns 0x00
T4FA8 034:143.096 JLINK_ReadRegs_64(NumRegs = 1, Indexes: 
T4FA8 034:143.140   41)
T4FA8 034:143.180    -- CPSR=0x6000000C
T4FA8 034:143.216 - 0.123ms returns 0
T4FA8 034:144.328 JLINK_Close()
T4FA8 034:160.760 - 16.432ms
T4FA8 034:160.916   
T4FA8 034:160.936   Closed
