T1E24 000:001.325   SEGGER J-Link V8.10a Log File
T1E24 000:001.548   DLL Compiled: Oct  2 2024 14:12:12
T1E24 000:001.571   Logging started @ 2025-05-26 08:32
T1E24 000:001.591   Process: C:\Users\a5134593\.eclipse\com.renesas.platform_301333723\DebugComp\RZ\e2-server-gdb.exe
T1E24 000:001.615 - 1.613ms
T1E24 000:001.646 JLINK_GetDLLVersion()
T1E24 000:001.667 - 0.022ms returns 81001
T1E24 000:002.384 JLINK_OpenEx(...)
T1E24 000:013.316   Firmware: J-Link OB-RA4M2-Full compiled Feb 20 2025 16:35:05
T1E24 000:014.486   Firmware: J-Link OB-RA4M2-Full compiled Feb 20 2025 16:35:05
T1E24 000:028.076   Hardware: V1.00
T1E24 000:028.170   S/N: 1120001286
T1E24 000:028.194   OEM: SEGGER
T1E24 000:028.216   Feature(s): None
T1E24 000:030.900   Bootloader: 2023 Apr 26
T1E24 000:031.559   USB speed mode: Full speed (12 MBit/s)
T1E24 000:032.107   TELNET listener socket opened on port 19021
T1E24 000:032.414   WEBSRV WEBSRV_Init(): Starting webserver thread(s)
T1E24 000:032.708   WEBSRV Webserver running on local port 19080
T1E24 000:032.973   Looking for J-Link GUI Server exe at: C:\Users\a5134593\.eclipse\com.renesas.platform_301333723\DebugComp\RZ\ARM\Segger_v8.10.1\JLinkGUIServer.exe
T1E24 000:033.217   Looking for J-Link GUI Server exe at: C:\Program Files (x86)\SEGGER\JLink\\JLinkGUIServer.exe
T1E24 000:333.990   Failed to connect to J-Link GUI Server.
T1E24 000:334.058 - 331.665ms returns "O.K."
T1E24 000:334.342 JLINK_ExecCommand("ProjectFile=C:\work_rza3m\ek-rza3m\guix_demo_home_automation_ek_rza3m/guix_demo_home_automation_ek_rza3m Debug_Flat.jlink", ...). 
T1E24 000:366.664 - 32.323ms returns 0x00
T1E24 000:367.181 JLINK_ExecCommand("device=R9A07G066M04", ...). 
T1E24 000:369.401   Device "R9A07G066M04" selected.
T1E24 000:371.278 - 4.070ms returns 0x00
T1E24 000:371.340 JLINK_ExecCommand("SetCPUConnectIDCODE = FFFFFFFFFFFFFFFFFFFFFFFFFFFFFFFF", ...). 
T1E24 000:371.368 - 0.004ms returns 0x00
T1E24 000:371.393 JLINK_TIF_GetAvailable(...)
T1E24 000:371.597 - 0.205ms
T1E24 000:371.635 JLINK_TIF_Select(JLINKARM_TIF_JTAG)
T1E24 000:372.437 - 0.802ms returns 0x00
T1E24 000:372.477 JLINK_SetSpeed(4000)
T1E24 000:372.599 - 0.124ms
T1E24 000:372.638 JLINK_SetEndian(ARM_ENDIAN_LITTLE)
T1E24 000:372.655 - 0.016ms returns 0
T1E24 000:372.675 JLINK_SetInitRegsOnReset(OFF)
T1E24 000:372.695 - 0.019ms returns 1
T1E24 000:372.712 JLINK_SetResetType(JLINKARM_RESET_TYPE_NORMAL)
T1E24 000:372.732 - 0.020ms returns JLINKARM_RESET_TYPE_NORMAL
T1E24 000:372.750 JLINK_ExecCommand("EnableFlashBPs", ...). 
T1E24 000:372.771 - 0.004ms returns 0x00
T1E24 000:372.789 JLINK_ExecCommand("SetAllowFlashCache = 1", ...). 
T1E24 000:372.810 - 0.000ms returns 0x01
T1E24 000:372.830 JLINK_ExecCommand("SetRestartOnClose = 0", ...). 
T1E24 000:372.851 - 0.001ms returns 0x01
T1E24 000:372.874 JLINK_EnableSoftBPs(ON)
T1E24 000:372.890 - 0.015ms
T1E24 000:372.907 JLINK_Connect()
T1E24 000:374.925   TotalIRLen = 4, IRPrint = 0x01
T1E24 000:375.447   JTAG chain detection found 1 devices:
T1E24 000:375.494    #0 Id: 0x6BA00477, IRLen: 04, CoreSight JTAG-DP
T1E24 000:376.883   DPv0 detected
T1E24 000:376.941   Scanning AP map to find all available APs
T1E24 000:378.139   AP[4]: Stopped AP scan as end of AP map has been reached
T1E24 000:378.166   AP[0]: APB-AP (IDR: 0x54770002, ADDR: 0x00000000)
T1E24 000:378.190   AP[1]: AXI-AP (IDR: 0x44770004, ADDR: 0x01000000)
T1E24 000:378.213   AP[2]: AHB-AP (IDR: 0x84770001, ADDR: 0x02000000)
T1E24 000:378.236   AP[3]: AHB-AP (IDR: 0x84770001, ADDR: 0x03000000)
T1E24 000:378.259   Iterating through AP map to find APB-AP to use
T1E24 000:378.281   AP[0]: APB-AP found
T1E24 000:378.305   No AP map specified by user. Setting auto-detected AP map.
T1E24 000:378.327   Core base address and CTI core base address are both not set. Performing autodetection as fallback.
T1E24 000:378.767   Scanning ROMTbl @ 0x10C00000
T1E24 000:382.640   [0]Comp[0] @ 0x10C10000: TSG
T1E24 000:384.051   [0]Comp[1] @ 0x10C20000: TMC
T1E24 000:385.543   [0]Comp[2] @ 0x10C30000: ETB
T1E24 000:386.816   [0]Comp[3] @ 0x10C40000: CSTF
T1E24 000:388.194   [0]Comp[4] @ 0x10C50000: CTI (?)
T1E24 000:389.591   [0]Comp[5] @ 0x10C60000: CTI (?)
T1E24 000:390.892   [0]Comp[6] @ 0x10E00000: ROM Table
T1E24 000:390.940   Scanning ROMTbl @ 0x10E00000
T1E24 000:395.302   [1]Comp[0] @ 0x10E10000: Cortex-A55
T1E24 000:396.661   [1]Comp[1] @ 0x10E20000: CSS600-CTI
T1E24 000:396.703   Core found. Stopped ROM table scan: https://wiki.segger.com/ROMTableScan
T1E24 000:396.748   Cortex-A55 @ 0x10E10000 (detected)
T1E24 000:396.773   CoreCTI @ 0x10E20000 (detected)
T1E24 000:398.132   Debug architecture: ARMv8.2
T1E24 000:398.173   6 code breakpoints, 4 data breakpoints
T1E24 000:398.627   Processor features:
T1E24 000:398.669     EL0 support: AArch64 + AArch32
T1E24 000:398.692     EL1 support: AArch64 + AArch32
T1E24 000:398.715     EL2 support: AArch64 + AArch32
T1E24 000:398.738     EL3 support: AArch64 + AArch32
T1E24 000:398.761     FPU support: Single + Double + Conversion + single arithmetic
T1E24 000:399.074   -- Max. mem block: 0x0001D7B0
T1E24 000:408.010   Current exception level: EL3
T1E24 000:408.077   Exception level AArch usage:
T1E24 000:408.105     EL0: AArch64
T1E24 000:408.137     EL1: AArch64
T1E24 000:408.168     EL2: AArch64
T1E24 000:408.191     EL3: AArch64
T1E24 000:408.215   Non-secure status: Secure
T1E24 000:408.806   Cache info:
T1E24 000:408.861     Inner cache boundary: L2
T1E24 000:408.884     LoU Uniprocessor: 0
T1E24 000:408.908     LoC: 2
T1E24 000:408.931     LoU Inner Shareable: 0
T1E24 000:411.583   I-Cache L1: 32 KB, 128 Sets, 64 Bytes/Line, 4-Way
T1E24 000:411.644   D-Cache L1: 32 KB, 128 Sets, 64 Bytes/Line, 4-Way
T1E24 000:411.666   Unified-Cache L2: 256 KB, 256 Sets, 64 Bytes/Line, 16-Way
T1E24 000:412.542   VMSAv8-64: Supports 48-bit VAs
T1E24 000:412.611 - 39.703ms returns 0x00
T1E24 000:412.635 JLINK_Halt()
T1E24 000:412.653 - 0.017ms returns 0x00
T1E24 000:412.669 JLINK_IsHalted()
T1E24 000:412.694 - 0.025ms returns TRUE
T1E24 000:412.713 JLINK_ResetPullsRESET(ON)
T1E24 000:412.729 - 0.016ms
T1E24 000:412.746 JLINK_Reset()
T1E24 000:412.770   JLINK_GetResetTypeDesc
T1E24 000:412.788   - 0.017ms
T1E24 000:412.805   Reset type: NORMAL (https://wiki.segger.com/J-Link_Reset_Strategies)
T1E24 000:535.348   Reset confused the core.
T1E24 000:536.526   Disabled core power domain detected.
T1E24 000:538.402   
  ***** Warning: 
T1E24 000:538.446   CPU not halted after Reset, halting using Halt request
T1E24 000:556.394 - 143.646ms
T1E24 000:556.474 JLINK_IsHalted()
T1E24 000:556.496 - 0.021ms returns TRUE
T1E24 000:557.580 JLINK_MeasureCPUSpeed(RAMAddr = 0xFFFFFFFF)
T1E24 000:557.625 - 0.045ms returns 0
T1E24 000:557.774 JLINK_ReadRegs_64(NumRegs = 1, Indexes: 
T1E24 000:557.794   41)
T1E24 000:557.822    -- CPSR=0x800003CD
T1E24 000:557.846 - 0.072ms returns 0
T2110 003:007.075 JLINK_BeginDownload(Flags = 0x00000000)
T2110 003:007.165 - 0.092ms
T2110 003:026.236 JLINK_WriteMem(0x20000000, 0xBD0 Bytes, ...)
T2110 003:026.317   Data:  00 88 00 00 FF FF FF FF FF FF FF FF FF FF FF FF ...
T2110 003:026.607   completely In flash
T2110 003:026.667 - 0.431ms returns 0xBD0
T2110 003:027.424 JLINK_WriteMem(0x20000BD0, 0xBC0 Bytes, ...)
T2110 003:027.497   Data:  A1 FF FF 97 F5 FF FF 17 63 01 80 12 F3 FF FF 17 ...
T2110 003:027.552   completely In flash
T2110 003:027.586 - 0.163ms returns 0xBC0
T2110 003:028.093 JLINK_WriteMem(0x20001790, 0xBB0 Bytes, ...)
T2110 003:028.173   Data:  E0 13 40 F9 01 00 80 D2 42 00 00 90 42 20 27 91 ...
T2110 003:028.241   completely In flash
T2110 003:028.297 - 0.204ms returns 0xBB0
T2110 003:028.661 JLINK_WriteMem(0x20002340, 0xBB0 Bytes, ...)
T2110 003:028.704   Data:  01 00 80 52 03 04 40 B9 21 04 00 11 02 84 40 B8 ...
T2110 003:028.744   completely In flash
T2110 003:028.777 - 0.116ms returns 0xBB0
T2110 003:029.062 JLINK_WriteMem(0x20002EF0, 0xBB0 Bytes, ...)
T2110 003:029.098   Data:  01 00 00 B9 20 00 80 52 35 F6 FF 97 81 24 80 D2 ...
T2110 003:029.133   completely In flash
T2110 003:029.164 - 0.102ms returns 0xBB0
T2110 003:029.568 JLINK_WriteMem(0x20003AA0, 0xBB0 Bytes, ...)
T2110 003:029.616   Data:  E1 3F 1F 32 20 20 A2 F2 01 00 00 B9 81 4E 81 D2 ...
T2110 003:029.642   completely In flash
T2110 003:029.664 - 0.096ms returns 0xBB0
T2110 003:029.996 JLINK_WriteMem(0x20004650, 0xBB0 Bytes, ...)
T2110 003:030.016   Data:  20 00 80 52 5E F0 FF 97 74 01 00 36 33 FF FF 35 ...
T2110 003:030.044   completely In flash
T2110 003:030.067 - 0.070ms returns 0xBB0
T2110 003:030.398 JLINK_WriteMem(0x20005200, 0xBB0 Bytes, ...)
T2110 003:030.418   Data:  BF 2A 00 71 40 01 00 54 62 0A 40 F9 E1 03 13 AA ...
T2110 003:030.444   completely In flash
T2110 003:030.467 - 0.069ms returns 0xBB0
T2110 003:030.746 JLINK_WriteMem(0x20005DB0, 0xBE0 Bytes, ...)
T2110 003:030.767   Data:  00 00 00 00 00 00 00 00 00 BA 01 00 00 00 00 00 ...
T2110 003:030.791   completely In flash
T2110 003:030.815 - 0.069ms returns 0xBE0
T2110 003:031.124 JLINK_WriteMem(0x20006990, 0xBE0 Bytes, ...)
T2110 003:031.154   Data:  0C 05 00 00 00 00 00 00 10 05 00 00 FF FF 0F 03 ...
T2110 003:031.180   completely In flash
T2110 003:031.206 - 0.082ms returns 0xBE0
T2110 003:031.510 JLINK_WriteMem(0x20007570, 0xBE0 Bytes, ...)
T2110 003:031.545   Data:  20 74 6F 20 70 75 6C 6C 20 75 70 20 57 50 23 53 ...
T2110 003:031.572   completely In flash
T2110 003:031.598 - 0.089ms returns 0xBE0
T2110 003:031.855 JLINK_WriteMem(0x20008150, 0x8B0 Bytes, ...)
T2110 003:031.888   Data:  00 00 00 00 00 00 00 00 00 00 00 00 00 00 00 00 ...
T2110 003:031.915   completely In flash
T2110 003:031.940 - 0.085ms returns 0x8B0
T2110 003:069.481 JLINK_WriteMem(0x20020000, 0xBE0 Bytes, ...)
T2110 003:069.578   Data:  00 00 20 40 00 00 00 00 FF FF DF BF FF FF FF FF ...
T2110 003:069.624   completely In flash
T2110 003:069.662 - 0.183ms returns 0xBE0
T2110 003:070.080 JLINK_WriteMem(0x20020BE0, 0xBE0 Bytes, ...)
T2110 003:070.121   Data:  00 00 00 00 00 00 00 00 00 00 00 00 00 00 00 00 ...
T2110 003:070.152   completely In flash
T2110 003:070.177 - 0.098ms returns 0xBE0
T2110 003:070.529 JLINK_WriteMem(0x200217C0, 0xBE0 Bytes, ...)
T2110 003:070.576   Data:  1F 20 03 D5 1F 20 03 D5 1F 20 03 D5 1F 20 03 D5 ...
T2110 003:070.620   completely In flash
T2110 003:070.660 - 0.131ms returns 0xBE0
T2110 003:071.026 JLINK_WriteMem(0x200223A0, 0xBE0 Bytes, ...)
T2110 003:071.070   Data:  1F 20 03 D5 1F 20 03 D5 1F 20 03 D5 1F 20 03 D5 ...
T2110 003:071.112   completely In flash
T2110 003:071.150 - 0.123ms returns 0xBE0
T2110 003:071.677 JLINK_WriteMem(0x20022F80, 0xBC0 Bytes, ...)
T2110 003:071.825   Data:  E4 17 BF A9 E6 1F BF A9 E4 03 00 AA E1 8F 1F F8 ...
T2110 003:071.870   completely In flash
T2110 003:071.897 - 0.219ms returns 0xBC0
T2110 003:072.299 JLINK_WriteMem(0x20023B40, 0xBC0 Bytes, ...)
T2110 003:072.334   Data:  C0 01 00 54 1F 0C 00 71 80 02 00 54 1F 04 00 71 ...
T2110 003:072.362   completely In flash
T2110 003:072.389 - 0.090ms returns 0xBC0
T2110 003:072.740 JLINK_WriteMem(0x20024700, 0xBB0 Bytes, ...)
T2110 003:072.767   Data:  EE FF FF 97 FD 7B C1 A8 C0 03 5F D6 1F 20 03 D5 ...
T2110 003:072.802   completely In flash
T2110 003:072.838 - 0.098ms returns 0xBB0
T2110 003:073.190 JLINK_WriteMem(0x200252B0, 0xBC0 Bytes, ...)
T2110 003:073.222   Data:  E0 03 13 2A AE BD 00 94 F3 53 41 A9 F5 13 40 F9 ...
T2110 003:073.253   completely In flash
T2110 003:073.292 - 0.101ms returns 0xBC0
T2110 003:073.734 JLINK_WriteMem(0x20025E70, 0xBC0 Bytes, ...)
T2110 003:073.786   Data:  FD 7B B7 A9 FD 03 00 91 F3 0B 00 F9 F3 03 00 AA ...
T2110 003:073.816   completely In flash
T2110 003:073.843 - 0.108ms returns 0xBC0
T2110 003:074.151 JLINK_WriteMem(0x20026A30, 0xBC0 Bytes, ...)
T2110 003:074.209   Data:  01 00 00 B9 F8 FF FF 17 00 13 3E 40 00 00 00 00 ...
T2110 003:074.247   completely In flash
T2110 003:074.282 - 0.132ms returns 0xBC0
T2110 003:075.118 JLINK_WriteMem(0x200275F0, 0xBD0 Bytes, ...)
T2110 003:075.184   Data:  E0 D3 40 79 00 00 17 0B E0 D3 00 79 73 06 00 11 ...
T2110 003:075.255   completely In flash
T2110 003:075.296 - 0.179ms returns 0xBD0
T2110 003:075.702 JLINK_WriteMem(0x200281C0, 0xBD0 Bytes, ...)
T2110 003:075.775   Data:  01 1C 00 B9 61 62 05 91 E0 03 13 AA 43 B2 00 94 ...
T2110 003:075.807   completely In flash
T2110 003:075.833 - 0.132ms returns 0xBD0
T2110 003:076.238 JLINK_WriteMem(0x20028D90, 0xBC0 Bytes, ...)
T2110 003:076.295   Data:  00 10 46 F9 00 00 40 B9 60 00 00 34 00 00 80 52 ...
T2110 003:076.339   completely In flash
T2110 003:076.376 - 0.139ms returns 0xBC0
T2110 003:076.825 JLINK_WriteMem(0x20029950, 0xBB0 Bytes, ...)
T2110 003:076.861   Data:  26 00 80 52 E6 0B 00 B9 E6 03 00 B9 E7 03 06 2A ...
T2110 003:076.893   completely In flash
T2110 003:076.919 - 0.094ms returns 0xBB0
T2110 003:077.297 JLINK_WriteMem(0x2002A500, 0xBB0 Bytes, ...)
T2110 003:077.351   Data:  04 00 00 90 84 F0 41 F9 BF 00 04 EB 80 00 00 54 ...
T2110 003:077.393   completely In flash
T2110 003:077.434 - 0.137ms returns 0xBB0
T2110 003:077.895 JLINK_WriteMem(0x2002B0B0, 0xBB0 Bytes, ...)
T2110 003:077.975   Data:  40 05 00 B4 A1 61 00 F9 3F 60 00 F9 ED 03 01 AA ...
T2110 003:078.011   completely In flash
T2110 003:078.038 - 0.143ms returns 0xBB0
T2110 003:078.457 JLINK_WriteMem(0x2002BC60, 0xBC0 Bytes, ...)
T2110 003:078.496   Data:  A0 02 00 B9 E2 03 02 2A 22 42 1B D5 E0 03 13 AA ...
T2110 003:078.529   completely In flash
T2110 003:078.560 - 0.103ms returns 0xBC0
T2110 003:078.949 JLINK_WriteMem(0x2002C820, 0xBD0 Bytes, ...)
T2110 003:078.989   Data:  42 7C 40 92 22 42 1B D5 A0 01 80 52 C0 03 5F D6 ...
T2110 003:079.019   completely In flash
T2110 003:079.048 - 0.099ms returns 0xBD0
T2110 003:079.457 JLINK_WriteMem(0x2002D3F0, 0xBD0 Bytes, ...)
T2110 003:079.520   Data:  00 00 00 90 00 2C 41 F9 00 00 40 F9 00 18 40 F9 ...
T2110 003:079.555   completely In flash
T2110 003:079.585 - 0.129ms returns 0xBD0
T2110 003:080.169 JLINK_WriteMem(0x2002DFC0, 0xBD0 Bytes, ...)
T2110 003:080.259   Data:  22 2C 47 F9 41 00 40 B9 21 04 00 51 41 00 00 B9 ...
T2110 003:080.313   completely In flash
T2110 003:080.354 - 0.186ms returns 0xBD0
T2110 003:080.765 JLINK_WriteMem(0x2002EB90, 0xBD0 Bytes, ...)
T2110 003:080.815   Data:  63 46 40 79 43 00 03 4B 63 3C 00 12 00 00 03 2A ...
T2110 003:080.855   completely In flash
T2110 003:080.897 - 0.131ms returns 0xBD0
T2110 003:081.480 JLINK_WriteMem(0x2002F760, 0xBC0 Bytes, ...)
T2110 003:081.586   Data:  23 00 80 52 E2 03 1A 2A E1 03 19 2A E0 03 16 AA ...
T2110 003:081.636   completely In flash
T2110 003:081.675 - 0.196ms returns 0xBC0
T2110 003:082.155 JLINK_WriteMem(0x20030320, 0xBD0 Bytes, ...)
T2110 003:082.199   Data:  02 00 80 52 21 03 80 52 E0 03 13 AA C6 83 00 94 ...
T2110 003:082.279   completely In flash
T2110 003:082.312 - 0.157ms returns 0xBD0
T2110 003:082.705 JLINK_WriteMem(0x20030EF0, 0xBB0 Bytes, ...)
T2110 003:082.732   Data:  5C 00 00 14 42 0C 40 F9 E2 00 00 B4 40 0C 40 79 ...
T2110 003:082.762   completely In flash
T2110 003:082.789 - 0.083ms returns 0xBB0
T2110 003:083.199 JLINK_WriteMem(0x20031AA0, 0xBC0 Bytes, ...)
T2110 003:083.248   Data:  E2 03 17 2A E1 03 16 2A E0 03 01 91 B3 78 00 94 ...
T2110 003:083.283   completely In flash
T2110 003:083.321 - 0.122ms returns 0xBC0
T2110 003:083.795 JLINK_WriteMem(0x20032660, 0xBB0 Bytes, ...)
T2110 003:083.874   Data:  61 00 00 B4 33 0C 00 F9 61 0A 00 F9 01 00 00 90 ...
T2110 003:083.922   completely In flash
T2110 003:083.967 - 0.172ms returns 0xBB0
T2110 003:084.436 JLINK_WriteMem(0x20033210, 0xBB0 Bytes, ...)
T2110 003:084.499   Data:  BF 50 00 71 60 00 00 54 BF 58 00 71 41 01 00 54 ...
T2110 003:084.543   completely In flash
T2110 003:084.582 - 0.146ms returns 0xBB0
T2110 003:085.146 JLINK_WriteMem(0x20033DC0, 0xBC0 Bytes, ...)
T2110 003:085.216   Data:  01 00 00 90 21 D4 46 F9 01 04 01 F9 01 00 00 90 ...
T2110 003:085.272   completely In flash
T2110 003:085.309 - 0.163ms returns 0xBC0
T2110 003:085.939 JLINK_WriteMem(0x20034980, 0xBA0 Bytes, ...)
T2110 003:085.992   Data:  86 24 40 B9 65 51 C0 79 CC 0C C5 1A 8C 99 05 1B ...
T2110 003:086.033   completely In flash
T2110 003:086.146 - 0.207ms returns 0xBA0
T2110 003:086.576 JLINK_WriteMem(0x20035520, 0xB80 Bytes, ...)
T2110 003:086.623   Data:  02 28 40 F9 0A D0 C0 79 4A 7D 0B 1B 21 7C 40 93 ...
T2110 003:086.659   completely In flash
T2110 003:086.694 - 0.118ms returns 0xB80
T2110 003:086.983 JLINK_WriteMem(0x200360A0, 0xB90 Bytes, ...)
T2110 003:087.017   Data:  1F 00 13 6B CB FE FF 54 E4 03 19 2A E3 03 17 2A ...
T2110 003:087.121   completely In flash
T2110 003:087.164 - 0.182ms returns 0xB90
T2110 003:087.547 JLINK_WriteMem(0x20036C30, 0xBB0 Bytes, ...)
T2110 003:087.590   Data:  64 16 40 38 80 26 40 78 44 FF FF 34 01 7C 08 53 ...
T2110 003:087.616   completely In flash
T2110 003:087.640 - 0.093ms returns 0xBB0
T2110 003:087.977 JLINK_WriteMem(0x200377E0, 0xBC0 Bytes, ...)
T2110 003:087.999   Data:  1F 00 16 6B 8B 00 00 54 F3 02 C0 79 73 02 18 4B ...
T2110 003:088.032   completely In flash
T2110 003:088.295 - 0.317ms returns 0xBC0
T2110 003:088.920 JLINK_WriteMem(0x200383A0, 0xBB0 Bytes, ...)
T2110 003:088.995   Data:  5F 00 14 6B 8C FD FF 54 62 0F C0 79 5F 00 14 6B ...
T2110 003:089.031   completely In flash
T2110 003:089.062 - 0.142ms returns 0xBB0
T2110 003:089.420 JLINK_WriteMem(0x20038F50, 0xB90 Bytes, ...)
T2110 003:089.483   Data:  C0 FC FF 35 E1 03 13 2A E0 63 03 91 D3 5B 00 94 ...
T2110 003:089.512   completely In flash
T2110 003:089.538 - 0.118ms returns 0xB90
T2110 003:089.928 JLINK_WriteMem(0x20039AE0, 0xBA0 Bytes, ...)
T2110 003:089.960   Data:  6C F9 FF 54 A0 06 C0 79 DF 02 00 6B 0B F9 FF 54 ...
T2110 003:089.995   completely In flash
T2110 003:090.020 - 0.091ms returns 0xBA0
T2110 003:090.408 JLINK_WriteMem(0x2003A680, 0xB90 Bytes, ...)
T2110 003:090.451   Data:  F3 53 41 A9 7C 01 00 14 E1 7F 40 B9 E0 03 16 AA ...
T2110 003:090.490   completely In flash
T2110 003:090.523 - 0.115ms returns 0xB90
T2110 003:090.919 JLINK_WriteMem(0x2003B210, 0xB80 Bytes, ...)
T2110 003:090.956   Data:  9B 3E 00 33 E1 03 1B 2A E0 83 04 91 23 53 00 94 ...
T2110 003:090.982   completely In flash
T2110 003:091.007 - 0.088ms returns 0xB80
T2110 003:091.398 JLINK_WriteMem(0x2003BD90, 0xB90 Bytes, ...)
T2110 003:091.435   Data:  42 58 17 53 43 5B 17 53 63 7C 40 93 42 7C 40 93 ...
T2110 003:091.468   completely In flash
T2110 003:091.500 - 0.102ms returns 0xB90
T2110 003:091.928 JLINK_WriteMem(0x2003C920, 0xBA0 Bytes, ...)
T2110 003:091.986   Data:  E0 AB 00 B9 E0 A7 40 B9 00 7C 00 1B E0 7B 00 B9 ...
T2110 003:092.026   completely In flash
T2110 003:092.066 - 0.138ms returns 0xBA0
T2110 003:092.478 JLINK_WriteMem(0x2003D4C0, 0xBB0 Bytes, ...)
T2110 003:092.523   Data:  40 00 00 0B E0 8F 00 B9 20 04 00 51 E0 73 00 B9 ...
T2110 003:092.561   completely In flash
T2110 003:092.598 - 0.120ms returns 0xBB0
T2110 003:093.002 JLINK_WriteMem(0x2003E070, 0xBB0 Bytes, ...)
T2110 003:093.047   Data:  C0 00 3F D6 E0 FF FF 17 F7 63 44 A9 F9 6B 45 A9 ...
T2110 003:093.090   completely In flash
T2110 003:093.130 - 0.128ms returns 0xBB0
T2110 003:093.565 JLINK_WriteMem(0x2003EC20, 0xBB0 Bytes, ...)
T2110 003:093.615   Data:  C1 06 00 11 E1 6B 00 B9 C0 02 00 1B 81 02 14 0B ...
T2110 003:093.655   completely In flash
T2110 003:093.694 - 0.129ms returns 0xBB0
T2110 003:094.119 JLINK_WriteMem(0x2003F7D0, 0xBB0 Bytes, ...)
T2110 003:094.167   Data:  04 10 B0 72 04 7C 24 9B 84 FC 60 D3 04 00 04 0B ...
T2110 003:094.208   completely In flash
T2110 003:094.246 - 0.127ms returns 0xBB0
T2110 003:094.652 JLINK_WriteMem(0x20040380, 0xBA0 Bytes, ...)
T2110 003:094.698   Data:  29 3C 00 13 0C 00 00 14 44 00 40 B9 46 0C 40 B9 ...
T2110 003:094.736   completely In flash
T2110 003:094.773 - 0.121ms returns 0xBA0
T2110 003:095.139 JLINK_WriteMem(0x20040F20, 0xB90 Bytes, ...)
T2110 003:095.184   Data:  22 78 60 B8 DF 02 02 6B 4A 00 00 54 36 78 20 B8 ...
T2110 003:095.224   completely In flash
T2110 003:095.261 - 0.121ms returns 0xB90
T2110 003:095.626 JLINK_WriteMem(0x20041AB0, 0xB70 Bytes, ...)
T2110 003:095.674   Data:  22 78 60 B8 BF 02 02 6B 4A 00 00 54 35 78 20 B8 ...
T2110 003:095.716   completely In flash
T2110 003:095.769 - 0.142ms returns 0xB70
T2110 003:096.081 JLINK_WriteMem(0x20042620, 0xB90 Bytes, ...)
T2110 003:096.119   Data:  1A 00 80 52 E5 FF FF 17 B9 9A 00 39 F3 53 41 A9 ...
T2110 003:096.155   completely In flash
T2110 003:096.189 - 0.108ms returns 0xB90
T2110 003:096.592 JLINK_WriteMem(0x200431B0, 0xBA0 Bytes, ...)
T2110 003:096.635   Data:  44 00 80 D2 80 7C 40 B3 64 00 80 D2 80 7C 60 B3 ...
T2110 003:096.661   completely In flash
T2110 003:096.685 - 0.093ms returns 0xBA0
T2110 003:096.978 JLINK_WriteMem(0x20043D50, 0xBD0 Bytes, ...)
T2110 003:097.025   Data:  F7 FF FF 17 00 00 80 52 F5 FF FF 17 FD 7B BC A9 ...
T2110 003:097.062   completely In flash
T2110 003:097.099 - 0.121ms returns 0xBD0
T2110 003:097.484 JLINK_WriteMem(0x20044920, 0xBB0 Bytes, ...)
T2110 003:097.516   Data:  A1 04 7A D3 21 C0 23 8B 21 10 00 91 C1 08 01 8B ...
T2110 003:097.541   completely In flash
T2110 003:097.566 - 0.081ms returns 0xBB0
T2110 003:097.810 JLINK_WriteMem(0x200454D0, 0xBC0 Bytes, ...)
T2110 003:097.835   Data:  21 08 00 91 01 88 04 F9 C0 03 5F D6 FD 7B BA A9 ...
T2110 003:097.858   completely In flash
T2110 003:097.884 - 0.074ms returns 0xBC0
T2110 003:098.189 JLINK_WriteMem(0x20046090, 0xBC0 Bytes, ...)
T2110 003:098.225   Data:  F3 03 00 AA C0 05 00 B4 34 06 00 B4 02 23 81 D2 ...
T2110 003:098.251   completely In flash
T2110 003:098.276 - 0.087ms returns 0xBC0
T2110 003:098.556 JLINK_WriteMem(0x20046C50, 0xBA0 Bytes, ...)
T2110 003:098.597   Data:  22 20 40 B9 42 7C 02 53 02 80 00 B9 02 00 00 90 ...
T2110 003:098.640   completely In flash
T2110 003:098.681 - 0.125ms returns 0xBA0
T2110 003:099.069 JLINK_WriteMem(0x200477F0, 0xBD0 Bytes, ...)
T2110 003:099.111   Data:  01 0B 00 94 61 56 41 39 E0 FF 40 39 3F 00 00 6B ...
T2110 003:099.148   completely In flash
T2110 003:099.188 - 0.120ms returns 0xBD0
T2110 003:099.590 JLINK_WriteMem(0x200483C0, 0xBC0 Bytes, ...)
T2110 003:099.640   Data:  62 0E 40 B9 40 04 00 11 60 0E 00 B9 63 0A 41 F9 ...
T2110 003:099.666   completely In flash
T2110 003:099.690 - 0.100ms returns 0xBC0
T2110 003:100.036 JLINK_WriteMem(0x20048F80, 0xBC0 Bytes, ...)
T2110 003:100.056   Data:  02 0C 00 12 00 1C 44 D3 00 20 00 11 41 00 80 52 ...
T2110 003:100.081   completely In flash
T2110 003:100.104 - 0.068ms returns 0xBC0
T2110 003:100.935 JLINK_WriteMem(0x20049B40, 0xBB0 Bytes, ...)
T2110 003:100.994   Data:  A0 0E 00 39 72 FF FF 17 33 03 80 52 03 00 00 14 ...
T2110 003:101.033   completely In flash
T2110 003:101.071 - 0.137ms returns 0xBB0
T2110 003:101.390 JLINK_WriteMem(0x2004A6F0, 0xBC0 Bytes, ...)
T2110 003:101.428   Data:  E0 07 02 AD A0 0A C0 3D E0 1B 80 3D E1 C3 01 91 ...
T2110 003:101.461   completely In flash
T2110 003:101.486 - 0.096ms returns 0xBC0
T2110 003:101.878 JLINK_WriteMem(0x2004B2B0, 0xBD0 Bytes, ...)
T2110 003:101.907   Data:  01 60 40 B9 61 00 00 37 00 00 80 52 C0 03 5F D6 ...
T2110 003:101.932   completely In flash
T2110 003:101.957 - 0.078ms returns 0xBD0
T2110 003:102.359 JLINK_WriteMem(0x2004BE80, 0xBD0 Bytes, ...)
T2110 003:102.410   Data:  E4 9F C0 79 E3 C3 00 91 62 96 40 B9 E1 03 15 2A ...
T2110 003:102.455   completely In flash
T2110 003:102.496 - 0.137ms returns 0xBD0
T2110 003:102.972 JLINK_WriteMem(0x2004CA50, 0xBD0 Bytes, ...)
T2110 003:103.051   Data:  21 18 40 F9 1C 00 00 14 24 04 40 F9 03 04 40 F9 ...
T2110 003:103.109   completely In flash
T2110 003:103.161 - 0.190ms returns 0xBD0
T2110 003:103.616 JLINK_WriteMem(0x2004D620, 0xBD0 Bytes, ...)
T2110 003:103.660   Data:  02 78 21 F8 73 06 00 11 7F 02 14 6B 0B FF FF 54 ...
T2110 003:103.696   completely In flash
T2110 003:103.730 - 0.114ms returns 0xBD0
T2110 003:104.149 JLINK_WriteMem(0x2004E1F0, 0xBB0 Bytes, ...)
T2110 003:104.195   Data:  E2 03 03 AA E2 01 00 B4 43 0C 40 F9 44 08 40 F9 ...
T2110 003:104.229   completely In flash
T2110 003:104.262 - 0.113ms returns 0xBB0
T2110 003:104.659 JLINK_WriteMem(0x2004EDA0, 0xBD0 Bytes, ...)
T2110 003:104.692   Data:  FD 7B BB A9 FD 03 00 91 F3 53 01 A9 F5 5B 02 A9 ...
T2110 003:104.921   completely In flash
T2110 003:104.977 - 0.317ms returns 0xBD0
T2110 003:105.768 JLINK_WriteMem(0x2004F970, 0xBC0 Bytes, ...)
T2110 003:105.842   Data:  5F FC 03 B1 E3 00 00 54 E2 03 02 CB 00 00 00 90 ...
T2110 003:105.875   completely In flash
T2110 003:105.902 - 0.136ms returns 0xBC0
T2110 003:106.230 JLINK_WriteMem(0x20050530, 0xBB0 Bytes, ...)
T2110 003:106.262   Data:  41 7C 42 0B 61 04 81 0B 63 66 40 B9 C3 04 18 37 ...
T2110 003:106.287   completely In flash
T2110 003:106.310 - 0.080ms returns 0xBB0
T2110 003:106.567 JLINK_WriteMem(0x200510E0, 0xBD0 Bytes, ...)
T2110 003:106.589   Data:  F3 0B 00 F9 F3 03 00 AA 61 02 80 52 E1 23 00 B9 ...
T2110 003:106.614   completely In flash
T2110 003:106.638 - 0.071ms returns 0xBD0
T2110 003:106.885 JLINK_WriteMem(0x20051CB0, 0xBB0 Bytes, ...)
T2110 003:106.906   Data:  FD 03 00 91 F3 53 01 A9 F5 5B 02 A9 F3 03 00 AA ...
T2110 003:106.931   completely In flash
T2110 003:106.954 - 0.070ms returns 0xBB0
T2110 003:107.174 JLINK_WriteMem(0x20052860, 0xBC0 Bytes, ...)
T2110 003:107.196   Data:  E0 03 13 AA BE F8 FF 97 62 EA 01 91 E1 7F 40 79 ...
T2110 003:107.263   completely In flash
T2110 003:107.288 - 0.113ms returns 0xBC0
T2110 003:107.565 JLINK_WriteMem(0x20053420, 0xBD0 Bytes, ...)
T2110 003:107.607   Data:  C2 01 00 34 02 E8 40 79 C2 01 00 34 FD 7B BF A9 ...
T2110 003:107.633   completely In flash
T2110 003:107.657 - 0.093ms returns 0xBD0
T2110 003:107.902 JLINK_WriteMem(0x20053FF0, 0xBD0 Bytes, ...)
T2110 003:107.923   Data:  08 31 47 F9 09 01 40 B9 E8 CF 04 32 3F 01 08 6B ...
T2110 003:107.948   completely In flash
T2110 003:107.972 - 0.070ms returns 0xBD0
T2110 003:108.208 JLINK_WriteMem(0x20054BC0, 0xBD0 Bytes, ...)
T2110 003:108.228   Data:  01 00 00 90 21 1C 45 F9 22 00 40 B9 E1 CF 04 32 ...
T2110 003:108.254   completely In flash
T2110 003:108.278 - 0.070ms returns 0xBD0
T2110 003:108.544 JLINK_WriteMem(0x20055790, 0xBD0 Bytes, ...)
T2110 003:108.571   Data:  F9 6B BF A9 FB 73 BF A9 45 02 00 58 A6 00 40 F9 ...
T2110 003:108.596   completely In flash
T2110 003:108.620 - 0.076ms returns 0xBD0
T2110 003:108.848 JLINK_WriteMem(0x20056360, 0xBC0 Bytes, ...)
T2110 003:108.870   Data:  62 16 40 B9 61 42 40 39 E0 03 14 AA E1 FF FF 97 ...
T2110 003:108.893   completely In flash
T2110 003:108.917 - 0.069ms returns 0xBC0
T2110 003:109.143 JLINK_WriteMem(0x20056F20, 0xBD0 Bytes, ...)
T2110 003:109.163   Data:  F5 5B 42 A9 FD 7B C3 A8 C0 03 5F D6 FD 7B BE A9 ...
T2110 003:109.187   completely In flash
T2110 003:109.211 - 0.068ms returns 0xBD0
T2110 003:109.494 JLINK_WriteMem(0x20057AF0, 0xBC0 Bytes, ...)
T2110 003:109.517   Data:  00 04 40 B2 40 08 00 F9 06 00 82 52 45 0C 40 B9 ...
T2110 003:109.541   completely In flash
T2110 003:109.566 - 0.072ms returns 0xBC0
T2110 003:109.878 JLINK_WriteMem(0x200586B0, 0xBC0 Bytes, ...)
T2110 003:109.909   Data:  21 0C 43 D3 62 54 40 39 3F 00 02 6B 61 FF FF 54 ...
T2110 003:109.935   completely In flash
T2110 003:109.958 - 0.080ms returns 0xBC0
T2110 003:110.259 JLINK_WriteMem(0x20059270, 0xBD0 Bytes, ...)
T2110 003:110.316   Data:  01 14 20 B9 02 3C 60 B9 41 14 00 32 01 3C 20 B9 ...
T2110 003:110.361   completely In flash
T2110 003:110.400 - 0.142ms returns 0xBD0
T2110 003:110.792 JLINK_WriteMem(0x20059E40, 0xB80 Bytes, ...)
T2110 003:110.828   Data:  00 00 00 32 60 02 00 B9 E1 10 A2 D2 21 7C 40 B9 ...
T2110 003:110.855   completely In flash
T2110 003:110.879 - 0.087ms returns 0xB80
T2110 003:111.183 JLINK_WriteMem(0x2005A9C0, 0xBC0 Bytes, ...)
T2110 003:111.205   Data:  F3 53 41 A9 F5 5B 42 A9 F7 63 43 A9 F9 6B 44 A9 ...
T2110 003:111.230   completely In flash
T2110 003:111.254 - 0.070ms returns 0xBC0
T2110 003:111.598 JLINK_WriteMem(0x2005B580, 0xBD0 Bytes, ...)
T2110 003:111.620   Data:  21 B8 46 B9 C1 FF 07 37 E0 03 13 AA 98 02 00 94 ...
T2110 003:111.645   completely In flash
T2110 003:111.668 - 0.070ms returns 0xBD0
T2110 003:112.034 JLINK_WriteMem(0x2005C150, 0xBB0 Bytes, ...)
T2110 003:112.059   Data:  9F FE 07 71 C8 00 00 54 00 00 00 90 00 CC 47 F9 ...
T2110 003:112.083   completely In flash
T2110 003:112.121 - 0.086ms returns 0xBB0
T2110 003:112.464 JLINK_WriteMem(0x2005CD00, 0xBB0 Bytes, ...)
T2110 003:112.490   Data:  21 24 C0 79 27 00 00 94 61 22 C0 79 1F 04 00 B1 ...
T2110 003:112.514   completely In flash
T2110 003:112.540 - 0.075ms returns 0xBB0
T2110 003:112.910 JLINK_WriteMem(0x2005D8B0, 0xBC0 Bytes, ...)
T2110 003:112.935   Data:  81 08 40 F9 3F 00 05 EB A0 0E 00 54 85 0C 40 F9 ...
T2110 003:112.959   completely In flash
T2110 003:112.983 - 0.072ms returns 0xBC0
T2110 003:113.316 JLINK_WriteMem(0x2005E470, 0xBC0 Bytes, ...)
T2110 003:113.341   Data:  E0 F7 00 34 E2 C3 40 F9 61 7F 40 93 E0 7B 41 B9 ...
T2110 003:113.366   completely In flash
T2110 003:113.390 - 0.073ms returns 0xBC0
T2110 003:113.730 JLINK_WriteMem(0x2005F030, 0xB90 Bytes, ...)
T2110 003:113.754   Data:  62 7F 40 93 00 00 02 8B 88 0B 00 A9 21 04 00 11 ...
T2110 003:113.778   completely In flash
T2110 003:113.802 - 0.071ms returns 0xB90
T2110 003:114.255 JLINK_WriteMem(0x2005FBC0, 0xBC0 Bytes, ...)
T2110 003:114.288   Data:  FA 27 01 B9 FA 83 40 F9 EA 97 00 F9 28 00 00 14 ...
T2110 003:114.319   completely In flash
T2110 003:114.347 - 0.092ms returns 0xBC0
T2110 003:114.911 JLINK_WriteMem(0x20060780, 0xBC0 Bytes, ...)
T2110 003:115.077   Data:  EB BB 40 B9 00 6D 00 54 FB B7 00 F9 81 FE FF 17 ...
T2110 003:115.110   completely In flash
T2110 003:115.135 - 0.225ms returns 0xBC0
T2110 003:115.636 JLINK_WriteMem(0x20061340, 0xBD0 Bytes, ...)
T2110 003:115.696   Data:  9B F8 FF 17 F3 4F 40 F9 E1 5F 40 F9 40 F6 FF 17 ...
T2110 003:115.735   completely In flash
T2110 003:115.773 - 0.138ms returns 0xBD0
T2110 003:116.176 JLINK_WriteMem(0x20061F10, 0xBB0 Bytes, ...)
T2110 003:116.208   Data:  E8 C3 40 B9 EB CB 40 B9 E7 D3 40 B9 63 FE FF 17 ...
T2110 003:116.347   completely In flash
T2110 003:116.376 - 0.200ms returns 0xBB0
T2110 003:116.767 JLINK_WriteMem(0x20062AC0, 0xBB0 Bytes, ...)
T2110 003:116.791   Data:  49 D9 27 37 89 6B 30 37 A9 BB 48 36 E0 D6 F8 37 ...
T2110 003:116.818   completely In flash
T2110 003:116.843 - 0.076ms returns 0xBB0
T2110 003:117.194 JLINK_WriteMem(0x20063670, 0xBC0 Bytes, ...)
T2110 003:117.218   Data:  AD 99 99 52 E4 03 0C AA 8D 99 B9 72 02 7C AD 9B ...
T2110 003:117.243   completely In flash
T2110 003:117.268 - 0.074ms returns 0xBC0
T2110 003:117.627 JLINK_WriteMem(0x20064230, 0xBC0 Bytes, ...)
T2110 003:117.671   Data:  A0 22 00 79 A1 DA FE B5 D6 F6 FF 17 20 1A F8 37 ...
T2110 003:117.708   completely In flash
T2110 003:117.745 - 0.118ms returns 0xBC0
T2110 003:118.152 JLINK_WriteMem(0x20064DF0, 0xBC0 Bytes, ...)
T2110 003:118.193   Data:  E0 03 15 2A F5 13 40 F9 FD 7B C3 A8 C0 03 5F D6 ...
T2110 003:118.222   completely In flash
T2110 003:118.246 - 0.094ms returns 0xBC0
T2110 003:118.592 JLINK_WriteMem(0x200659B0, 0xBC0 Bytes, ...)
T2110 003:118.612   Data:  F3 53 41 A9 00 00 80 52 F7 63 43 A9 FD 7B C4 A8 ...
T2110 003:118.638   completely In flash
T2110 003:118.662 - 0.069ms returns 0xBC0
T2110 003:118.997 JLINK_WriteMem(0x20066570, 0xBD0 Bytes, ...)
T2110 003:119.018   Data:  20 7C 60 B3 02 90 62 1E 00 00 67 9E 21 38 62 1E ...
T2110 003:119.043   completely In flash
T2110 003:119.068 - 0.071ms returns 0xBD0
T2110 003:119.403 JLINK_WriteMem(0x20067140, 0xBD0 Bytes, ...)
T2110 003:119.424   Data:  A0 D2 FF 97 00 00 00 00 00 00 00 00 00 00 00 00 ...
T2110 003:119.447   completely In flash
T2110 003:119.470 - 0.067ms returns 0xBD0
T2110 003:119.806 JLINK_WriteMem(0x20067D10, 0xBD0 Bytes, ...)
T2110 003:119.829   Data:  80 00 3F D6 E1 03 00 2A 20 7C 40 93 3F 04 00 31 ...
T2110 003:119.858   completely In flash
T2110 003:119.881 - 0.075ms returns 0xBD0
T2110 003:120.164 JLINK_WriteMem(0x200688E0, 0xBE0 Bytes, ...)
T2110 003:120.220   Data:  02 00 80 D2 22 CC 40 B3 62 2A 4C B3 C2 00 41 B3 ...
T2110 003:120.263   completely In flash
T2110 003:120.300 - 0.136ms returns 0xBE0
T2110 003:120.628 JLINK_WriteMem(0x200694C0, 0xBE0 Bytes, ...)
T2110 003:120.668   Data:  74 00 00 00 00 00 00 00 6C 6F 77 65 72 5F 64 6F ...
T2110 003:120.696   completely In flash
T2110 003:120.788 - 0.160ms returns 0xBE0
T2110 003:121.145 JLINK_WriteMem(0x2006A0A0, 0xB80 Bytes, ...)
T2110 003:121.168   Data:  0A 00 00 00 00 00 00 00 B8 A8 24 40 00 00 00 00 ...
T2110 003:121.194   completely In flash
T2110 003:121.220 - 0.074ms returns 0xB80
T2110 003:121.653 JLINK_WriteMem(0x2006AC20, 0xBD0 Bytes, ...)
T2110 003:121.711   Data:  17 FC 17 82 82 17 FC 17 82 19 FE 19 19 FE 19 19 ...
T2110 003:121.962   completely In flash
T2110 003:122.000 - 0.347ms returns 0xBD0
T2110 003:122.559 JLINK_WriteMem(0x2006B7F0, 0xBD0 Bytes, ...)
T2110 003:122.650   Data:  96 B3 B3 FF 98 B4 B4 FF 99 B6 B6 FF 9A B8 B8 FF ...
T2110 003:122.684   completely In flash
T2110 003:122.710 - 0.151ms returns 0xBD0
T2110 003:123.018 JLINK_WriteMem(0x2006C3C0, 0xBE0 Bytes, ...)
T2110 003:123.075   Data:  5B 70 6F FF 5D 71 70 FF 5E 73 72 FF 5F 74 73 FF ...
T2110 003:123.116   completely In flash
T2110 003:123.151 - 0.133ms returns 0xBE0
T2110 003:123.492 JLINK_WriteMem(0x2006CFA0, 0xBE0 Bytes, ...)
T2110 003:123.531   Data:  3A 4A 49 FF 3B 4B 4A FF 3C 4C 4B FF 3D 4D 4C FF ...
T2110 003:123.560   completely In flash
T2110 003:123.584 - 0.093ms returns 0xBE0
T2110 003:123.953 JLINK_WriteMem(0x2006DB80, 0xBD0 Bytes, ...)
T2110 003:123.975   Data:  BF E1 E1 FF C0 E3 E3 FF C2 E5 E5 FF C3 E6 E6 FF ...
T2110 003:124.002   completely In flash
T2110 003:124.026 - 0.073ms returns 0xBD0
T2110 003:124.371 JLINK_WriteMem(0x2006E750, 0xB90 Bytes, ...)
T2110 003:124.393   Data:  CA EE EE FF CC F0 F0 FF CD F1 F1 FF CE F3 F3 FF ...
T2110 003:124.419   completely In flash
T2110 003:124.443 - 0.073ms returns 0xB90
T2110 003:124.780 JLINK_WriteMem(0x2006F2E0, 0xB70 Bytes, ...)
T2110 003:124.802   Data:  20 2C 2B FF 21 2D 2C FF 22 2E 2D FF 23 2F 2E FF ...
T2110 003:124.829   completely In flash
T2110 003:124.855 - 0.075ms returns 0xB70
T2110 003:125.197 JLINK_WriteMem(0x2006FE50, 0xB90 Bytes, ...)
T2110 003:125.222   Data:  1B 26 25 FF 1C 27 26 FF 1D 28 26 FF 1E 29 27 FF ...
T2110 003:125.249   completely In flash
T2110 003:125.273 - 0.075ms returns 0xB90
T2110 003:125.568 JLINK_WriteMem(0x200709E0, 0xBB0 Bytes, ...)
T2110 003:125.593   Data:  00 00 00 00 00 00 00 00 B3 D4 D4 40 B4 D5 D5 FF ...
T2110 003:125.619   completely In flash
T2110 003:125.643 - 0.075ms returns 0xBB0
T2110 003:125.950 JLINK_WriteMem(0x20071590, 0xBB0 Bytes, ...)
T2110 003:126.020   Data:  BE E0 E0 FF BF E2 E2 FF C1 E3 E3 FF C2 E5 E5 FF ...
T2110 003:126.070   completely In flash
T2110 003:126.109 - 0.159ms returns 0xBB0
T2110 003:126.865 JLINK_WriteMem(0x20072140, 0xBB0 Bytes, ...)
T2110 003:126.907   Data:  0E 17 15 FF 0E 18 16 FF 0F 18 16 FF 0F 19 17 FF ...
T2110 003:126.935   completely In flash
T2110 003:126.959 - 0.094ms returns 0xBB0
T2110 003:127.324 JLINK_WriteMem(0x20072CF0, 0xBA0 Bytes, ...)
T2110 003:127.352   Data:  89 A4 A4 30 8A A5 A5 EF 8B A6 A6 FF 8C A8 A7 FF ...
T2110 003:127.376   completely In flash
T2110 003:127.400 - 0.076ms returns 0xBA0
T2110 003:127.749 JLINK_WriteMem(0x20073890, 0xB80 Bytes, ...)
T2110 003:127.772   Data:  12 1C 1A FF 13 1C 1A FF 13 1D 1B FF 14 1E 1C FF ...
T2110 003:127.800   completely In flash
T2110 003:127.824 - 0.075ms returns 0xB80
T2110 003:128.118 JLINK_WriteMem(0x20074410, 0xBC0 Bytes, ...)
T2110 003:128.163   Data:  75 8E 8D FF 77 8F 8E FF 78 90 90 FF 79 92 91 FF ...
T2110 003:128.191   completely In flash
T2110 003:128.215 - 0.097ms returns 0xBC0
T2110 003:128.513 JLINK_WriteMem(0x20074FD0, 0xBD0 Bytes, ...)
T2110 003:128.547   Data:  BA B8 B8 FF BB BA B9 FF BD BB BA FF BE BC BC FF ...
T2110 003:128.725   completely In flash
T2110 003:128.755 - 0.242ms returns 0xBD0
T2110 003:129.118 JLINK_WriteMem(0x20075BA0, 0xBD0 Bytes, ...)
T2110 003:129.147   Data:  64 60 5F 50 65 62 61 EF 66 63 62 FF 68 64 63 FF ...
T2110 003:129.194   completely In flash
T2110 003:129.218 - 0.100ms returns 0xBD0
T2110 003:129.551 JLINK_WriteMem(0x20076770, 0xBE0 Bytes, ...)
T2110 003:129.594   Data:  BE BD BC FF C0 BE BE FF C1 C0 BF FF C2 C1 C0 FF ...
T2110 003:129.693   completely In flash
T2110 003:129.718 - 0.167ms returns 0xBE0
T2110 003:129.963 JLINK_WriteMem(0x20077350, 0xBE0 Bytes, ...)
T2110 003:129.993   Data:  5E 5A 59 FF 5F 5B 5A FF 60 5D 5C FF 62 5E 5D FF ...
T2110 003:130.020   completely In flash
T2110 003:130.044 - 0.081ms returns 0xBE0
T2110 003:130.387 JLINK_WriteMem(0x20077F30, 0xBE0 Bytes, ...)
T2110 003:130.451   Data:  D8 D8 D7 FF DA D9 D9 FF DB DA DA FF DD DC DB FF ...
T2110 003:130.495   completely In flash
T2110 003:130.532 - 0.145ms returns 0xBE0
T2110 003:130.999 JLINK_WriteMem(0x20078B10, 0xBB0 Bytes, ...)
T2110 003:131.041   Data:  F1 F1 F0 FF F2 F2 F2 FF F4 F3 F3 FF F5 F5 F5 FF ...
T2110 003:131.069   completely In flash
T2110 003:131.094 - 0.095ms returns 0xBB0
T2110 003:131.358 JLINK_WriteMem(0x200796C0, 0xB60 Bytes, ...)
T2110 003:131.385   Data:  28 23 21 FF 29 24 22 FF 2A 25 23 FF 2B 26 24 FF ...
T2110 003:131.410   completely In flash
T2110 003:131.434 - 0.076ms returns 0xB60
T2110 003:131.671 JLINK_WriteMem(0x2007A220, 0xB50 Bytes, ...)
T2110 003:131.695   Data:  DF DE DE FF E0 E0 DF FF E2 E1 E1 FF E3 E3 E2 FF ...
T2110 003:131.721   completely In flash
T2110 003:131.745 - 0.074ms returns 0xB50
T2110 003:131.987 JLINK_WriteMem(0x2007AD70, 0xB70 Bytes, ...)
T2110 003:132.011   Data:  DA D9 D9 FF DB DB DA FF DD DC DC FF DE DD DD FF ...
T2110 003:132.040   completely In flash
T2110 003:132.064 - 0.077ms returns 0xB70
T2110 003:132.292 JLINK_WriteMem(0x2007B8E0, 0xB70 Bytes, ...)
T2110 003:132.318   Data:  E3 E2 E2 FF E4 E4 E4 FF E5 E5 E5 AF 00 00 00 00 ...
T2110 003:132.342   completely In flash
T2110 003:132.367 - 0.075ms returns 0xB70
T2110 003:132.710 JLINK_WriteMem(0x2007C450, 0xB70 Bytes, ...)
T2110 003:132.741   Data:  BB BA B9 FF BD BB BA FF BE BC BC FF BF BE BD FF ...
T2110 003:132.775   completely In flash
T2110 003:132.804 - 0.094ms returns 0xB70
T2110 003:133.218 JLINK_WriteMem(0x2007CFC0, 0xB80 Bytes, ...)
T2110 003:133.280   Data:  B8 B6 B5 FF B9 B8 B7 FF BA B9 B8 FF BC BA BA FF ...
T2110 003:133.324   completely In flash
T2110 003:133.361 - 0.144ms returns 0xB80
T2110 003:133.659 JLINK_WriteMem(0x2007DB40, 0xB80 Bytes, ...)
T2110 003:133.704   Data:  21 1B 19 FF 22 1C 1A FF 23 1D 1B FF 23 1E 1C FF ...
T2110 003:133.732   completely In flash
T2110 003:133.757 - 0.098ms returns 0xB80
T2110 003:134.109 JLINK_WriteMem(0x2007E6C0, 0xBE0 Bytes, ...)
T2110 003:134.135   Data:  01 82 82 82 82 00 83 83 02 85 85 84 00 82 00 F8 ...
T2110 003:134.160   completely In flash
T2110 003:134.184 - 0.074ms returns 0xBE0
T2110 003:134.580 JLINK_WriteMem(0x2007F2A0, 0xBD0 Bytes, ...)
T2110 003:134.608   Data:  35 3E EC FF 34 3D EB FF 34 3C EA FF 33 3C E9 FF ...
T2110 003:134.635   completely In flash
T2110 003:134.661 - 0.081ms returns 0xBD0
T2110 003:134.961 JLINK_WriteMem(0x2007FE70, 0xBC0 Bytes, ...)
T2110 003:135.036   Data:  37 96 D6 FF 37 93 D7 FF 37 91 D8 FF 37 8E D9 FF ...
T2110 003:135.063   completely In flash
T2110 003:135.086 - 0.126ms returns 0xBC0
T2110 003:135.534 JLINK_WriteMem(0x20080A30, 0xB80 Bytes, ...)
T2110 003:135.564   Data:  6E C8 7E FF 6A C9 82 FF 66 CA 86 FF 62 CB 8A FF ...
T2110 003:135.665   completely In flash
T2110 003:135.700 - 0.165ms returns 0xB80
T2110 003:136.080 JLINK_WriteMem(0x200815B0, 0xB50 Bytes, ...)
T2110 003:136.108   Data:  62 CB 8A FF 5E CB 8E FF 59 CC 92 FF 55 CD 96 FF ...
T2110 003:136.135   completely In flash
T2110 003:136.160 - 0.080ms returns 0xB50
T2110 003:136.490 JLINK_WriteMem(0x20082100, 0xB50 Bytes, ...)
T2110 003:136.514   Data:  BA B9 34 FF B6 BA 38 FF B2 BA 3C FF AD BB 40 FF ...
T2110 003:136.537   completely In flash
T2110 003:136.560 - 0.069ms returns 0xB50
T2110 003:136.884 JLINK_WriteMem(0x20082C50, 0xB60 Bytes, ...)
T2110 003:136.905   Data:  C2 B7 2C FF BF B8 2F 8F 00 00 00 00 27 24 CE 9F ...
T2110 003:136.931   completely In flash
T2110 003:136.955 - 0.071ms returns 0xB60
T2110 003:137.246 JLINK_WriteMem(0x200837B0, 0xBE0 Bytes, ...)
T2110 003:137.272   Data:  3B 1E C1 FF 3B 1E C1 FF 3A 1E C1 FF 39 1E C1 FF ...
T2110 003:137.370   completely In flash
T2110 003:137.395 - 0.149ms returns 0xBE0
T2110 003:137.692 JLINK_WriteMem(0x20084390, 0xBE0 Bytes, ...)
T2110 003:137.721   Data:  DF 9B 00 FF DE 9B 00 FF DE 9A 00 FF DE 9A 00 FF ...
T2110 003:137.745   completely In flash
T2110 003:137.768 - 0.076ms returns 0xBE0
T2110 003:138.329 JLINK_WriteMem(0x20084F70, 0xBD0 Bytes, ...)
T2110 003:138.441   Data:  CD 86 00 FF CC 86 00 FF CC 86 00 FF CC 85 00 FF ...
T2110 003:138.499   completely In flash
T2110 003:138.537 - 0.208ms returns 0xBD0
T2110 003:138.890 JLINK_WriteMem(0x20085B40, 0xBE0 Bytes, ...)
T2110 003:138.931   Data:  AE 5F 00 FF AD 5F 00 FF AD 5E 00 FF AC 5E 00 FF ...
T2110 003:138.960   completely In flash
T2110 003:138.985 - 0.095ms returns 0xBE0
T2110 003:139.276 JLINK_WriteMem(0x20086720, 0xBE0 Bytes, ...)
T2110 003:139.297   Data:  3E 00 A9 FF 3F 00 AA FF 3F 00 AA FF 3F 00 AB FF ...
T2110 003:139.323   completely In flash
T2110 003:139.346 - 0.069ms returns 0xBE0
T2110 003:139.621 JLINK_WriteMem(0x20087300, 0xBE0 Bytes, ...)
T2110 003:139.641   Data:  44 00 B8 FF 45 00 B8 FF 45 00 B9 FF 45 00 BA FF ...
T2110 003:139.664   completely In flash
T2110 003:139.687 - 0.066ms returns 0xBE0
T2110 003:140.006 JLINK_WriteMem(0x20087EE0, 0xBD0 Bytes, ...)
T2110 003:140.028   Data:  00 00 00 00 43 00 B5 30 44 00 B6 60 44 00 B7 8F ...
T2110 003:140.053   completely In flash
T2110 003:140.076 - 0.070ms returns 0xBD0
T2110 003:140.393 JLINK_WriteMem(0x20088AB0, 0xBB0 Bytes, ...)
T2110 003:140.415   Data:  2C 00 79 FF 2D 00 7A FF 2D 00 7B FF 2D 00 7B FF ...
T2110 003:140.442   completely In flash
T2110 003:140.466 - 0.072ms returns 0xBB0
T2110 003:140.782 JLINK_WriteMem(0x20089660, 0xB80 Bytes, ...)
T2110 003:140.804   Data:  4B 00 CA FF 4C 00 CA FF 4C 00 CB FF 4C 00 CB FF ...
T2110 003:140.828   completely In flash
T2110 003:140.852 - 0.071ms returns 0xB80
T2110 003:141.180 JLINK_WriteMem(0x2008A1E0, 0xBC0 Bytes, ...)
T2110 003:141.204   Data:  00 00 00 00 1D 00 52 20 1E 00 52 FF 1E 00 53 FF ...
T2110 003:141.229   completely In flash
T2110 003:141.253 - 0.073ms returns 0xBC0
T2110 003:141.537 JLINK_WriteMem(0x2008ADA0, 0xBE0 Bytes, ...)
T2110 003:141.561   Data:  20 00 57 FF 20 00 58 FF 20 00 59 8F 00 00 00 00 ...
T2110 003:141.588   completely In flash
T2110 003:141.611 - 0.074ms returns 0xBE0
T2110 003:141.908 JLINK_WriteMem(0x2008B980, 0xBE0 Bytes, ...)
T2110 003:141.938   Data:  47 00 BF FF 48 00 C0 FF 48 00 C1 FF 48 00 C1 FF ...
T2110 003:141.969   completely In flash
T2110 003:141.995 - 0.087ms returns 0xBE0
T2110 003:142.266 JLINK_WriteMem(0x2008C560, 0xBE0 Bytes, ...)
T2110 003:142.310   Data:  11 00 32 FF 12 00 33 FF 12 00 34 FF 12 00 35 FF ...
T2110 003:142.336   completely In flash
T2110 003:142.360 - 0.094ms returns 0xBE0
T2110 003:142.582 JLINK_WriteMem(0x2008D140, 0xBE0 Bytes, ...)
T2110 003:142.614   Data:  3E 00 A8 FF 3E 00 A9 FF 3F 00 AA FF 3F 00 AA FF ...
T2110 003:142.639   completely In flash
T2110 003:142.663 - 0.081ms returns 0xBE0
T2110 003:142.889 JLINK_WriteMem(0x2008DD20, 0xBE0 Bytes, ...)
T2110 003:142.917   Data:  3E 00 A8 FF 3E 00 A9 FF 3F 00 A9 FF 3F 00 AA FF ...
T2110 003:142.949   completely In flash
T2110 003:142.973 - 0.084ms returns 0xBE0
T2110 003:143.349 JLINK_WriteMem(0x2008E900, 0xBE0 Bytes, ...)
T2110 003:143.386   Data:  32 00 89 50 33 00 89 FF 33 00 8A FF 33 00 8B FF ...
T2110 003:143.425   completely In flash
T2110 003:143.461 - 0.112ms returns 0xBE0
T2110 003:143.809 JLINK_WriteMem(0x2008F4E0, 0xBE0 Bytes, ...)
T2110 003:143.850   Data:  B2 4C B2 B0 50 B0 AE 54 AE AC 58 AC AA 5C AA A9 ...
T2110 003:143.879   completely In flash
T2110 003:143.903 - 0.095ms returns 0xBE0
T2110 003:144.212 JLINK_WriteMem(0x200900C0, 0xBE0 Bytes, ...)
T2110 003:144.235   Data:  00 00 00 00 00 00 00 00 7D 00 9E 40 7E 00 9F DF ...
T2110 003:144.259   completely In flash
T2110 003:144.283 - 0.071ms returns 0xBE0
T2110 003:144.577 JLINK_WriteMem(0x20090CA0, 0xBE0 Bytes, ...)
T2110 003:144.599   Data:  AC 00 D8 FF AD 00 D9 FF AE 00 DA FF AE 00 DB FF ...
T2110 003:144.634   completely In flash
T2110 003:144.658 - 0.081ms returns 0xBE0
T2110 003:144.954 JLINK_WriteMem(0x20091880, 0xBE0 Bytes, ...)
T2110 003:144.978   Data:  87 00 AA FF 87 00 AB FF 88 00 AB EF 89 00 AC AF ...
T2110 003:145.008   completely In flash
T2110 003:145.036 - 0.082ms returns 0xBE0
T2110 003:145.330 JLINK_WriteMem(0x20092460, 0xBE0 Bytes, ...)
T2110 003:145.351   Data:  BF 00 EF FF C0 00 EF FF C0 00 F0 FF C1 00 F1 FF ...
T2110 003:145.377   completely In flash
T2110 003:145.401 - 0.070ms returns 0xBE0
T2110 003:145.686 JLINK_WriteMem(0x20093040, 0xBE0 Bytes, ...)
T2110 003:145.708   Data:  BD 00 EC FF BD 00 EC FF BE 00 ED FF BE 00 EE FF ...
T2110 003:145.734   completely In flash
T2110 003:145.758 - 0.072ms returns 0xBE0
T2110 003:146.161 JLINK_WriteMem(0x20093C20, 0xBE0 Bytes, ...)
T2110 003:146.228   Data:  4F 00 65 FF 50 00 67 FF 51 00 68 40 00 00 00 00 ...
T2110 003:146.270   completely In flash
T2110 003:146.305 - 0.145ms returns 0xBE0
T2110 003:146.697 JLINK_WriteMem(0x20094800, 0xBE0 Bytes, ...)
T2110 003:146.731   Data:  2F 00 3E AF 30 00 3F FF 31 00 40 FF 32 00 41 FF ...
T2110 003:146.759   completely In flash
T2110 003:146.783 - 0.087ms returns 0xBE0
T2110 003:147.207 JLINK_WriteMem(0x200953E0, 0xBB0 Bytes, ...)
T2110 003:147.265   Data:  AC 00 D7 FF AC 00 D8 FF AD 00 D9 FF AE 00 DA FF ...
T2110 003:147.305   completely In flash
T2110 003:147.366 - 0.159ms returns 0xBB0
T2110 003:147.768 JLINK_WriteMem(0x20095F90, 0xB90 Bytes, ...)
T2110 003:147.799   Data:  00 00 00 00 00 00 00 00 1C 00 26 70 1D 00 27 FF ...
T2110 003:147.829   completely In flash
T2110 003:147.855 - 0.087ms returns 0xB90
T2110 003:148.210 JLINK_WriteMem(0x20096B20, 0xB90 Bytes, ...)
T2110 003:148.245   Data:  1D 00 27 FF 1E 00 28 FF 1F 00 29 FF 1F 00 2A FF ...
T2110 003:148.280   completely In flash
T2110 003:148.310 - 0.099ms returns 0xB90
T2110 003:148.698 JLINK_WriteMem(0x200976B0, 0xBA0 Bytes, ...)
T2110 003:148.736   Data:  27 00 34 FF 28 00 35 FF 29 00 36 FF 2A 00 38 FF ...
T2110 003:148.766   completely In flash
T2110 003:148.796 - 0.097ms returns 0xBA0
T2110 003:149.180 JLINK_WriteMem(0x20098250, 0xB90 Bytes, ...)
T2110 003:149.219   Data:  15 00 1D FF 16 00 1F FF 17 00 20 FF 18 00 21 FF ...
T2110 003:149.245   completely In flash
T2110 003:149.269 - 0.090ms returns 0xB90
T2110 003:149.584 JLINK_WriteMem(0x20098DE0, 0xBC0 Bytes, ...)
T2110 003:149.629   Data:  72 00 90 FF 73 00 91 FF 73 00 92 FF 74 00 93 FF ...
T2110 003:149.659   completely In flash
T2110 003:149.683 - 0.099ms returns 0xBC0
T2110 003:150.035 JLINK_WriteMem(0x200999A0, 0xBE0 Bytes, ...)
T2110 003:150.100   Data:  00 94 10 FF 00 94 10 FF 00 95 11 FF 00 96 11 FF ...
T2110 003:150.145   completely In flash
T2110 003:150.178 - 0.144ms returns 0xBE0
T2110 003:150.526 JLINK_WriteMem(0x2009A580, 0xBE0 Bytes, ...)
T2110 003:150.568   Data:  00 5D 08 10 00 5E 08 8F 00 5F 09 FF 00 5F 09 FF ...
T2110 003:150.597   completely In flash
T2110 003:150.622 - 0.096ms returns 0xBE0
T2110 003:150.940 JLINK_WriteMem(0x2009B160, 0xBE0 Bytes, ...)
T2110 003:150.964   Data:  00 97 11 FF 00 98 11 FF 00 99 11 FF 00 99 11 FF ...
T2110 003:150.989   completely In flash
T2110 003:151.013 - 0.073ms returns 0xBE0
T2110 003:151.309 JLINK_WriteMem(0x2009BD40, 0xBE0 Bytes, ...)
T2110 003:151.352   Data:  00 5C 08 FF 00 5D 08 FF 00 5E 08 FF 00 5F 09 FF ...
T2110 003:151.655   completely In flash
T2110 003:151.721 - 0.412ms returns 0xBE0
T2110 003:152.530 JLINK_WriteMem(0x2009C920, 0xBE0 Bytes, ...)
T2110 003:152.572   Data:  00 AA 14 FF 00 AB 14 FF 00 AC 14 FF 00 AC 14 FF ...
T2110 003:152.598   completely In flash
T2110 003:152.623 - 0.093ms returns 0xBE0
T2110 003:152.994 JLINK_WriteMem(0x2009D500, 0xBE0 Bytes, ...)
T2110 003:153.023   Data:  00 B8 16 FF 00 B9 16 FF 00 B9 16 FF 00 BA 17 FF ...
T2110 003:153.047   completely In flash
T2110 003:153.071 - 0.077ms returns 0xBE0
T2110 003:153.384 JLINK_WriteMem(0x2009E0E0, 0xBE0 Bytes, ...)
T2110 003:153.417   Data:  00 3C 04 FF 00 3D 04 FF 00 3E 04 FF 00 3F 04 FF ...
T2110 003:153.451   completely In flash
T2110 003:153.476 - 0.091ms returns 0xBE0
T2110 003:153.799 JLINK_WriteMem(0x2009ECC0, 0xBD0 Bytes, ...)
T2110 003:153.861   Data:  00 AC 14 FF 00 AD 14 FF 00 AE 15 FF 00 AE 15 FF ...
T2110 003:153.899   completely In flash
T2110 003:153.937 - 0.139ms returns 0xBD0
T2110 003:154.342 JLINK_WriteMem(0x2009F890, 0xBD0 Bytes, ...)
T2110 003:154.381   Data:  00 33 02 FF 00 34 02 FF 00 34 02 FF 00 35 03 FF ...
T2110 003:154.407   completely In flash
T2110 003:154.432 - 0.090ms returns 0xBD0
T2110 003:154.766 JLINK_WriteMem(0x200A0460, 0xBC0 Bytes, ...)
T2110 003:154.842   Data:  00 00 00 00 00 24 00 8F 00 25 00 FF 00 26 00 FF ...
T2110 003:154.879   completely In flash
T2110 003:154.914 - 0.148ms returns 0xBC0
T2110 003:155.232 JLINK_WriteMem(0x200A1020, 0xBE0 Bytes, ...)
T2110 003:155.271   Data:  00 9C 12 FF 00 9D 12 FF 00 9D 12 FF 00 9E 12 FF ...
T2110 003:155.303   completely In flash
T2110 003:155.336 - 0.104ms returns 0xBE0
T2110 003:155.665 JLINK_WriteMem(0x200A1C00, 0xBD0 Bytes, ...)
T2110 003:155.730   Data:  00 2A 01 FF 00 2A 01 FF 00 2B 01 FF 00 2C 01 FF ...
T2110 003:155.758   completely In flash
T2110 003:155.789 - 0.125ms returns 0xBD0
T2110 003:156.150 JLINK_WriteMem(0x200A27D0, 0xBE0 Bytes, ...)
T2110 003:156.180   Data:  00 31 02 FF 00 32 02 FF 00 33 02 FF 00 33 02 FF ...
T2110 003:156.204   completely In flash
T2110 003:156.228 - 0.078ms returns 0xBE0
T2110 003:156.523 JLINK_WriteMem(0x200A33B0, 0xBE0 Bytes, ...)
T2110 003:156.549   Data:  D6 98 00 FF D6 98 00 FF D7 99 00 FF D8 99 00 FF ...
T2110 003:156.574   completely In flash
T2110 003:156.598 - 0.075ms returns 0xBE0
T2110 003:156.879 JLINK_WriteMem(0x200A3F90, 0xBE0 Bytes, ...)
T2110 003:156.901   Data:  D5 97 00 FF D6 98 00 FF D7 99 00 FF D7 99 00 FF ...
T2110 003:156.925   completely In flash
T2110 003:156.948 - 0.069ms returns 0xBE0
T2110 003:157.232 JLINK_WriteMem(0x200A4B70, 0xBE0 Bytes, ...)
T2110 003:157.258   Data:  CF 92 00 FF D0 92 00 FF D0 93 00 FF D1 94 00 FF ...
T2110 003:157.340   completely In flash
T2110 003:157.379 - 0.146ms returns 0xBE0
T2110 003:157.777 JLINK_WriteMem(0x200A5750, 0xBE0 Bytes, ...)
T2110 003:157.834   Data:  E0 A1 00 FF E1 A1 00 FF E1 A2 00 FF E2 A2 00 FF ...
T2110 003:157.875   completely In flash
T2110 003:157.913 - 0.136ms returns 0xBE0
T2110 003:158.243 JLINK_WriteMem(0x200A6330, 0xBE0 Bytes, ...)
T2110 003:158.271   Data:  EC AB 00 FF ED AC 00 FF ED AC 00 FF ED AD 00 FF ...
T2110 003:158.296   completely In flash
T2110 003:158.319 - 0.076ms returns 0xBE0
T2110 003:158.664 JLINK_WriteMem(0x200A6F10, 0xBE0 Bytes, ...)
T2110 003:158.706   Data:  79 46 00 FF 7A 47 00 FF 7B 48 00 FF 7C 48 00 FF ...
T2110 003:158.743   completely In flash
T2110 003:158.780 - 0.116ms returns 0xBE0
T2110 003:159.199 JLINK_WriteMem(0x200A7AF0, 0xBC0 Bytes, ...)
T2110 003:159.235   Data:  EB AA 00 FF EB AA 00 40 00 00 00 00 00 00 00 00 ...
T2110 003:159.264   completely In flash
T2110 003:159.288 - 0.090ms returns 0xBC0
T2110 003:159.665 JLINK_WriteMem(0x200A86B0, 0xBC0 Bytes, ...)
T2110 003:159.685   Data:  5A 2A 00 FF 5B 2B 00 FF 5C 2C 00 FF 5D 2D 00 FF ...
T2110 003:159.709   completely In flash
T2110 003:159.732 - 0.067ms returns 0xBC0
T2110 003:160.063 JLINK_WriteMem(0x200A9270, 0xBD0 Bytes, ...)
T2110 003:160.082   Data:  E2 A3 00 40 3E 11 00 40 3F 12 00 FF 40 13 00 FF ...
T2110 003:160.106   completely In flash
T2110 003:160.130 - 0.067ms returns 0xBD0
T2110 003:160.437 JLINK_WriteMem(0x200A9E40, 0xBE0 Bytes, ...)
T2110 003:160.473   Data:  D0 92 00 FF D0 93 00 FF D1 93 00 FF D1 94 00 FF ...
T2110 003:160.507   completely In flash
T2110 003:160.531 - 0.095ms returns 0xBE0
T2110 003:160.901 JLINK_WriteMem(0x200AAA20, 0xBD0 Bytes, ...)
T2110 003:160.922   Data:  C1 85 00 FF C2 86 00 FF C3 87 00 FF C4 88 00 FF ...
T2110 003:160.949   completely In flash
T2110 003:160.973 - 0.071ms returns 0xBD0
T2110 003:161.377 JLINK_WriteMem(0x200AB5F0, 0xBD0 Bytes, ...)
T2110 003:161.426   Data:  00 00 00 00 00 00 00 00 30 05 00 10 30 05 00 EF ...
T2110 003:161.468   completely In flash
T2110 003:161.493 - 0.116ms returns 0xBD0
T2110 003:161.832 JLINK_WriteMem(0x200AC1C0, 0xBE0 Bytes, ...)
T2110 003:161.862   Data:  B1 77 00 FF B2 78 00 FF B3 79 00 FF B4 79 00 60 ...
T2110 003:162.129   completely In flash
T2110 003:162.177 - 0.345ms returns 0xBE0
T2110 003:162.556 JLINK_WriteMem(0x200ACDA0, 0xBE0 Bytes, ...)
T2110 003:162.587   Data:  BD 11 00 FF BE 11 00 FF BF 11 00 FF C0 11 00 AF ...
T2110 003:162.612   completely In flash
T2110 003:162.635 - 0.079ms returns 0xBE0
T2110 003:162.938 JLINK_WriteMem(0x200AD980, 0xBE0 Bytes, ...)
T2110 003:162.965   Data:  74 09 00 FF 75 09 00 FF 76 09 00 FF 77 0A 00 FF ...
T2110 003:162.989   completely In flash
T2110 003:163.012 - 0.074ms returns 0xBE0
T2110 003:163.305 JLINK_WriteMem(0x200AE560, 0xBE0 Bytes, ...)
T2110 003:163.328   Data:  62 07 00 FF 63 07 00 FF 64 07 00 FF 65 08 00 FF ...
T2110 003:163.352   completely In flash
T2110 003:163.377 - 0.072ms returns 0xBE0
T2110 003:163.650 JLINK_WriteMem(0x200AF140, 0xBE0 Bytes, ...)
T2110 003:163.683   Data:  D2 13 00 FF D3 13 00 FF D5 13 00 FF D6 13 00 FF ...
T2110 003:163.707   completely In flash
T2110 003:163.731 - 0.081ms returns 0xBE0
T2110 003:164.066 JLINK_WriteMem(0x200AFD20, 0xBE0 Bytes, ...)
T2110 003:164.108   Data:  CD 12 00 FF CE 12 00 FF CF 13 00 FF D0 13 00 FF ...
T2110 003:164.148   completely In flash
T2110 003:164.187 - 0.122ms returns 0xBE0
T2110 003:164.568 JLINK_WriteMem(0x200B0900, 0xBE0 Bytes, ...)
T2110 003:164.614   Data:  00 00 00 00 CC 12 00 40 CD 12 00 FF CE 12 00 FF ...
T2110 003:164.653   completely In flash
T2110 003:164.692 - 0.124ms returns 0xBE0
T2110 003:165.039 JLINK_WriteMem(0x200B14E0, 0xBE0 Bytes, ...)
T2110 003:165.079   Data:  DF 14 00 FF E0 14 00 FF E1 14 00 FF E2 14 00 FF ...
T2110 003:165.104   completely In flash
T2110 003:165.128 - 0.090ms returns 0xBE0
T2110 003:165.483 JLINK_WriteMem(0x200B20C0, 0xBD0 Bytes, ...)
T2110 003:165.508   Data:  DB 14 00 FF DB 14 00 FF DD 14 00 FF DE 14 00 FF ...
T2110 003:165.533   completely In flash
T2110 003:165.558 - 0.075ms returns 0xBD0
T2110 003:165.955 JLINK_WriteMem(0x200B2C90, 0xBC0 Bytes, ...)
T2110 003:165.988   Data:  C7 12 00 FF C8 12 00 FF C9 12 00 FF CA 12 00 FF ...
T2110 003:166.012   completely In flash
T2110 003:166.036 - 0.082ms returns 0xBC0
T2110 003:166.386 JLINK_WriteMem(0x200B3850, 0xBC0 Bytes, ...)
T2110 003:166.412   Data:  2D 02 01 FF 2E 02 01 FF 2F 02 01 FF 30 02 01 FF ...
T2110 003:166.440   completely In flash
T2110 003:166.465 - 0.078ms returns 0xBC0
T2110 003:166.885 JLINK_WriteMem(0x200B4410, 0xBC0 Bytes, ...)
T2110 003:166.948   Data:  31 02 01 FF 32 02 01 FF 34 02 01 FF 35 02 01 FF ...
T2110 003:166.987   completely In flash
T2110 003:167.025 - 0.140ms returns 0xBC0
T2110 003:167.448 JLINK_WriteMem(0x200B4FD0, 0xBD0 Bytes, ...)
T2110 003:167.488   Data:  B9 10 00 FF BA 10 00 FF BC 11 00 EF BC 11 00 10 ...
T2110 003:167.514   completely In flash
T2110 003:167.539 - 0.091ms returns 0xBD0
T2110 003:167.840 JLINK_WriteMem(0x200B5BA0, 0xBE0 Bytes, ...)
T2110 003:167.862   Data:  42 04 01 FF 42 04 01 40 00 00 00 00 90 0C 00 FF ...
T2110 003:167.887   completely In flash
T2110 003:167.911 - 0.071ms returns 0xBE0
T2110 003:168.252 JLINK_WriteMem(0x200B6780, 0xBE0 Bytes, ...)
T2110 003:168.302   Data:  FF E5 98 AC FF E5 98 E6 FF E5 98 D8 FF E5 98 57 ...
T2110 003:168.342   completely In flash
T2110 003:168.382 - 0.130ms returns 0xBE0
T2110 003:168.719 JLINK_WriteMem(0x200B7360, 0xBE0 Bytes, ...)
T2110 003:168.754   Data:  FF FF FF 00 FF FF FF 00 FF FF FF 00 FF FF FF 00 ...
T2110 003:168.780   completely In flash
T2110 003:168.805 - 0.085ms returns 0xBE0
T2110 003:169.163 JLINK_WriteMem(0x200B7F40, 0xBE0 Bytes, ...)
T2110 003:169.209   Data:  D3 D2 D1 FF D3 D2 D1 50 00 00 00 00 00 00 00 00 ...
T2110 003:169.249   completely In flash
T2110 003:169.287 - 0.123ms returns 0xBE0
T2110 003:169.618 JLINK_WriteMem(0x200B8B20, 0xBE0 Bytes, ...)
T2110 003:169.653   Data:  FF BC 20 00 FF FF FF 00 FF BC 20 0E FF BC 20 D8 ...
T2110 003:169.690   completely In flash
T2110 003:169.714 - 0.096ms returns 0xBE0
T2110 003:170.020 JLINK_WriteMem(0x200B9700, 0xBE0 Bytes, ...)
T2110 003:170.041   Data:  FF FF FF 00 00 D8 FF 00 00 D8 FF 7C 00 D8 FF FF ...
T2110 003:170.066   completely In flash
T2110 003:170.090 - 0.070ms returns 0xBE0
T2110 003:170.400 JLINK_WriteMem(0x200BA2E0, 0xBE0 Bytes, ...)
T2110 003:170.423   Data:  FF FF FF 48 FF FF FF B8 FF FF FF FF FF FF FF FF ...
T2110 003:170.451   completely In flash
T2110 003:170.475 - 0.075ms returns 0xBE0
T2110 003:170.776 JLINK_WriteMem(0x200BAEC0, 0xBE0 Bytes, ...)
T2110 003:170.810   Data:  FF FF FF 00 FF FF FF 00 FF FF FF 00 00 00 00 00 ...
T2110 003:170.852   completely In flash
T2110 003:170.891 - 0.115ms returns 0xBE0
T2110 003:171.251 JLINK_WriteMem(0x200BBAA0, 0xBE0 Bytes, ...)
T2110 003:171.311   Data:  8E 8E 00 85 00 FF D7 00 86 8E 8E 00 FF DF 86 8E ...
T2110 003:171.360   completely In flash
T2110 003:171.397 - 0.146ms returns 0xBE0
T2110 003:171.874 JLINK_WriteMem(0x200BC680, 0xBD0 Bytes, ...)
T2110 003:171.916   Data:  FF FF FF 00 00 00 00 00 D4 D4 D4 00 D0 D0 D0 6E ...
T2110 003:171.946   completely In flash
T2110 003:171.972 - 0.098ms returns 0xBD0
T2110 003:172.306 JLINK_WriteMem(0x200BD250, 0xBE0 Bytes, ...)
T2110 003:172.362   Data:  FF FF FF 00 FF FF FF 00 00 00 00 00 D4 D4 D4 00 ...
T2110 003:172.403   completely In flash
T2110 003:172.440 - 0.135ms returns 0xBE0
T2110 003:172.818 JLINK_WriteMem(0x200BDE30, 0xBD0 Bytes, ...)
T2110 003:172.853   Data:  00 00 00 00 D4 D4 D4 00 D4 D4 D4 00 00 00 00 00 ...
T2110 003:172.883   completely In flash
T2110 003:172.908 - 0.090ms returns 0xBD0
T2110 003:173.205 JLINK_WriteMem(0x200BEA00, 0xBD0 Bytes, ...)
T2110 003:173.246   Data:  FF D7 07 83 8A 8A 83 06 FF D9 06 83 8A 8A 84 FF ...
T2110 003:173.580   completely In flash
T2110 003:173.637 - 0.432ms returns 0xBD0
T2110 003:174.087 JLINK_WriteMem(0x200BF5D0, 0xBE0 Bytes, ...)
T2110 003:174.136   Data:  00 00 00 28 D4 D4 D4 00 00 00 00 00 FF FF FF 00 ...
T2110 003:174.176   completely In flash
T2110 003:174.214 - 0.128ms returns 0xBE0
T2110 003:174.617 JLINK_WriteMem(0x200C01B0, 0xBD0 Bytes, ...)
T2110 003:174.658   Data:  D4 D4 D4 19 D4 D4 D4 4B D4 D4 D4 32 D4 D4 D4 00 ...
T2110 003:174.684   completely In flash
T2110 003:174.711 - 0.093ms returns 0xBD0
T2110 003:175.096 JLINK_WriteMem(0x200C0D80, 0xBD0 Bytes, ...)
T2110 003:175.119   Data:  B1 B1 B1 9F 92 92 92 84 5E 5E 5E 5F 00 00 00 37 ...
T2110 003:175.144   completely In flash
T2110 003:175.169 - 0.073ms returns 0xBD0
T2110 003:175.513 JLINK_WriteMem(0x200C1950, 0xBC0 Bytes, ...)
T2110 003:175.534   Data:  00 00 00 00 00 00 00 00 00 00 00 00 00 00 00 00 ...
T2110 003:175.559   completely In flash
T2110 003:175.584 - 0.070ms returns 0xBC0
T2110 003:175.874 JLINK_WriteMem(0x200C2510, 0x860 Bytes, ...)
T2110 003:175.900   Data:  2A 2A 2A 00 2A 2A 2A 00 2A 2A 2A 00 2A 2A 2A 00 ...
T2110 003:175.927   completely In flash
T2110 003:175.953 - 0.078ms returns 0x860
T2110 003:176.282 JLINK_WriteMem(0x200C2D70, 0x810 Bytes, ...)
T2110 003:176.311   Data:  00 00 00 00 00 00 00 00 00 00 00 00 00 00 00 00 ...
T2110 003:176.338   completely In flash
T2110 003:176.364 - 0.082ms returns 0x810
T2110 003:176.689 JLINK_WriteMem(0x200C3580, 0x800 Bytes, ...)
T2110 003:176.724   Data:  00 00 00 12 00 00 00 0E 00 00 00 0B 00 00 00 08 ...
T2110 003:176.799   completely In flash
T2110 003:176.862 - 0.173ms returns 0x800
T2110 003:177.345 JLINK_WriteMem(0x200C3D80, 0x7F0 Bytes, ...)
T2110 003:177.426   Data:  2A 2A 2A FF 2A 2A 2A FF 2A 2A 2A FF 2A 2A 2A FF ...
T2110 003:177.487   completely In flash
T2110 003:177.532 - 0.187ms returns 0x7F0
T2110 003:178.289 JLINK_WriteMem(0x200C4570, 0x7B0 Bytes, ...)
T2110 003:178.336   Data:  2A 2A 2A 00 2A 2A 2A 00 2A 2A 2A 00 2A 2A 2A 00 ...
T2110 003:178.364   completely In flash
T2110 003:178.389 - 0.100ms returns 0x7B0
T2110 003:178.765 JLINK_WriteMem(0x200C4D20, 0x7F0 Bytes, ...)
T2110 003:178.798   Data:  2A 2A 2A FF 2A 2A 2A FF 2A 2A 2A FF 2A 2A 2A FF ...
T2110 003:178.851   completely In flash
T2110 003:178.877 - 0.112ms returns 0x7F0
T2110 003:179.205 JLINK_WriteMem(0x200C5510, 0x7C0 Bytes, ...)
T2110 003:179.234   Data:  2A 2A 2A FF 2A 2A 2A FF 2A 2A 2A FF 2A 2A 2A FF ...
T2110 003:179.259   completely In flash
T2110 003:179.285 - 0.080ms returns 0x7C0
T2110 003:179.603 JLINK_WriteMem(0x200C5CD0, 0x7B0 Bytes, ...)
T2110 003:179.628   Data:  00 00 00 00 00 00 00 00 00 00 00 00 00 00 00 00 ...
T2110 003:179.654   completely In flash
T2110 003:179.678 - 0.076ms returns 0x7B0
T2110 003:180.002 JLINK_WriteMem(0x200C6480, 0x840 Bytes, ...)
T2110 003:180.032   Data:  2A 2A 2A FF 2A 2A 2A FF 2A 2A 2A FF 2A 2A 2A FF ...
T2110 003:180.058   completely In flash
T2110 003:180.082 - 0.080ms returns 0x840
T2110 003:180.402 JLINK_WriteMem(0x200C6CC0, 0x8D0 Bytes, ...)
T2110 003:180.426   Data:  00 00 00 7C 00 00 00 77 00 00 00 73 00 00 00 70 ...
T2110 003:180.450   completely In flash
T2110 003:180.475 - 0.073ms returns 0x8D0
T2110 003:180.785 JLINK_WriteMem(0x200C7590, 0x930 Bytes, ...)
T2110 003:180.808   Data:  00 00 00 52 00 00 00 4D 00 00 00 48 00 00 00 43 ...
T2110 003:180.838   completely In flash
T2110 003:180.862 - 0.077ms returns 0x930
T2110 003:181.192 JLINK_WriteMem(0x200C7EC0, 0x940 Bytes, ...)
T2110 003:181.227   Data:  00 00 00 07 00 00 00 07 00 00 00 08 00 00 00 08 ...
T2110 003:181.252   completely In flash
T2110 003:181.276 - 0.084ms returns 0x940
T2110 003:181.556 JLINK_WriteMem(0x200C8800, 0x8B0 Bytes, ...)
T2110 003:181.579   Data:  00 00 00 22 00 00 00 28 00 00 00 2F 00 00 00 36 ...
T2110 003:181.604   completely In flash
T2110 003:181.629 - 0.072ms returns 0x8B0
T2110 003:181.970 JLINK_WriteMem(0x200C90B0, 0x880 Bytes, ...)
T2110 003:181.998   Data:  2A 2A 2A 00 2A 2A 2A 00 2A 2A 2A 00 2A 2A 2A 00 ...
T2110 003:182.022   completely In flash
T2110 003:182.046 - 0.076ms returns 0x880
T2110 003:182.362 JLINK_WriteMem(0x200C9930, 0x840 Bytes, ...)
T2110 003:182.386   Data:  2A 2A 2A 00 2A 2A 2A 00 2A 2A 2A 00 2A 2A 2A 00 ...
T2110 003:182.410   completely In flash
T2110 003:182.434 - 0.072ms returns 0x840
T2110 003:182.742 JLINK_WriteMem(0x200CA170, 0x820 Bytes, ...)
T2110 003:182.766   Data:  00 00 00 61 00 00 00 53 00 00 00 46 00 00 00 3A ...
T2110 003:182.790   completely In flash
T2110 003:182.814 - 0.072ms returns 0x820
T2110 003:183.126 JLINK_WriteMem(0x200CA990, 0x7E0 Bytes, ...)
T2110 003:183.149   Data:  00 00 00 00 00 00 00 00 00 00 00 00 00 00 00 00 ...
T2110 003:183.174   completely In flash
T2110 003:183.198 - 0.072ms returns 0x7E0
T2110 003:183.508 JLINK_WriteMem(0x200CB170, 0x800 Bytes, ...)
T2110 003:183.532   Data:  2A 2A 2A 00 2A 2A 2A 00 2A 2A 2A 00 2A 2A 2A 00 ...
T2110 003:183.558   completely In flash
T2110 003:183.582 - 0.074ms returns 0x800
T2110 003:183.941 JLINK_WriteMem(0x200CB970, 0x7C0 Bytes, ...)
T2110 003:183.970   Data:  2A 2A 2A 00 2A 2A 2A 00 2A 2A 2A 00 2A 2A 2A 00 ...
T2110 003:183.995   completely In flash
T2110 003:184.019 - 0.079ms returns 0x7C0
T2110 003:184.307 JLINK_WriteMem(0x200CC130, 0x7B0 Bytes, ...)
T2110 003:184.331   Data:  00 00 00 00 00 00 00 00 00 00 00 00 00 00 00 01 ...
T2110 003:184.355   completely In flash
T2110 003:184.383 - 0.075ms returns 0x7B0
T2110 003:184.687 JLINK_WriteMem(0x200CC8E0, 0x7D0 Bytes, ...)
T2110 003:184.711   Data:  2A 2A 2A 00 2A 2A 2A 00 2A 2A 2A 00 2A 2A 2A 00 ...
T2110 003:184.736   completely In flash
T2110 003:184.760 - 0.072ms returns 0x7D0
T2110 003:185.036 JLINK_WriteMem(0x200CD0B0, 0x770 Bytes, ...)
T2110 003:185.066   Data:  2A 2A 2A 00 2A 2A 2A 00 2A 2A 2A 00 2A 2A 2A 00 ...
T2110 003:185.094   completely In flash
T2110 003:185.120 - 0.084ms returns 0x770
T2110 003:185.433 JLINK_WriteMem(0x200CD820, 0x7A0 Bytes, ...)
T2110 003:185.456   Data:  00 00 00 06 00 00 00 0A 00 00 00 11 00 00 00 19 ...
T2110 003:185.480   completely In flash
T2110 003:185.504 - 0.070ms returns 0x7A0
T2110 003:185.811 JLINK_WriteMem(0x200CDFC0, 0x770 Bytes, ...)
T2110 003:185.838   Data:  2A 2A 2A 00 2A 2A 2A 00 2A 2A 2A 00 2A 2A 2A 00 ...
T2110 003:185.874   completely In flash
T2110 003:185.899 - 0.087ms returns 0x770
T2110 003:186.291 JLINK_WriteMem(0x200CE730, 0x780 Bytes, ...)
T2110 003:186.360   Data:  2A 2A 2A FF 2A 2A 2A FF 2A 2A 2A FF 2A 2A 2A FF ...
T2110 003:186.399   completely In flash
T2110 003:186.436 - 0.145ms returns 0x780
T2110 003:186.813 JLINK_WriteMem(0x200CEEB0, 0x760 Bytes, ...)
T2110 003:186.860   Data:  2A 2A 2A 00 2A 2A 2A 00 2A 2A 2A 00 2A 2A 2A 00 ...
T2110 003:186.886   completely In flash
T2110 003:186.910 - 0.098ms returns 0x760
T2110 003:187.240 JLINK_WriteMem(0x200CF610, 0x770 Bytes, ...)
T2110 003:187.262   Data:  2A 2A 2A FF 2A 2A 2A FF 2A 2A 2A FF 2A 2A 2A FF ...
T2110 003:187.287   completely In flash
T2110 003:187.311 - 0.070ms returns 0x770
T2110 003:187.673 JLINK_WriteMem(0x200CFD80, 0x750 Bytes, ...)
T2110 003:187.730   Data:  2A 2A 2A 00 2A 2A 2A 00 2A 2A 2A 00 2A 2A 2A 00 ...
T2110 003:187.769   completely In flash
T2110 003:187.807 - 0.134ms returns 0x750
T2110 003:188.236 JLINK_WriteMem(0x200D04D0, 0x760 Bytes, ...)
T2110 003:188.285   Data:  2A 2A 2A FF 2A 2A 2A FF 2A 2A 2A FF 2A 2A 2A FF ...
T2110 003:188.312   completely In flash
T2110 003:188.358 - 0.122ms returns 0x760
T2110 003:188.755 JLINK_WriteMem(0x200D0C30, 0x750 Bytes, ...)
T2110 003:188.802   Data:  2A 2A 2A 00 2A 2A 2A 00 2A 2A 2A 00 2A 2A 2A 00 ...
T2110 003:188.842   completely In flash
T2110 003:188.878 - 0.123ms returns 0x750
T2110 003:189.159 JLINK_WriteMem(0x200D1380, 0x760 Bytes, ...)
T2110 003:189.194   Data:  2A 2A 2A FF 2A 2A 2A FF 2A 2A 2A FF 2A 2A 2A FF ...
T2110 003:189.220   completely In flash
T2110 003:189.245 - 0.086ms returns 0x760
T2110 003:189.589 JLINK_WriteMem(0x200D1AE0, 0x740 Bytes, ...)
T2110 003:189.619   Data:  2A 2A 2A 00 2A 2A 2A 00 2A 2A 2A 00 2A 2A 2A 00 ...
T2110 003:189.646   completely In flash
T2110 003:189.671 - 0.081ms returns 0x740
T2110 003:189.987 JLINK_WriteMem(0x200D2220, 0x760 Bytes, ...)
T2110 003:190.014   Data:  00 00 00 20 00 00 00 2E 00 00 00 3D 00 00 00 50 ...
T2110 003:190.040   completely In flash
T2110 003:190.065 - 0.078ms returns 0x760
T2110 003:190.315 JLINK_WriteMem(0x200D2980, 0x730 Bytes, ...)
T2110 003:190.354   Data:  2A 2A 2A 00 2A 2A 2A 00 2A 2A 2A 00 2A 2A 2A 00 ...
T2110 003:190.379   completely In flash
T2110 003:190.403 - 0.088ms returns 0x730
T2110 003:190.716 JLINK_WriteMem(0x200D30B0, 0x760 Bytes, ...)
T2110 003:190.736   Data:  2A 2A 2A 00 2A 2A 2A 00 2A 2A 2A 00 2A 2A 2A 00 ...
T2110 003:190.761   completely In flash
T2110 003:190.785 - 0.069ms returns 0x760
T2110 003:191.102 JLINK_WriteMem(0x200D3810, 0x730 Bytes, ...)
T2110 003:191.124   Data:  2A 2A 2A 00 2A 2A 2A 00 2A 2A 2A 00 2A 2A 2A 00 ...
T2110 003:191.437   completely In flash
T2110 003:191.481 - 0.379ms returns 0x730
T2110 003:191.830 JLINK_WriteMem(0x200D3F40, 0x760 Bytes, ...)
T2110 003:191.852   Data:  2A 2A 2A 00 2A 2A 2A 00 2A 2A 2A 00 2A 2A 2A 00 ...
T2110 003:191.877   completely In flash
T2110 003:191.902 - 0.072ms returns 0x760
T2110 003:192.212 JLINK_WriteMem(0x200D46A0, 0x730 Bytes, ...)
T2110 003:192.232   Data:  00 00 00 01 2A 2A 2A 00 2A 2A 2A 00 2A 2A 2A 00 ...
T2110 003:192.257   completely In flash
T2110 003:192.281 - 0.070ms returns 0x730
T2110 003:192.598 JLINK_WriteMem(0x200D4DD0, 0x760 Bytes, ...)
T2110 003:192.625   Data:  2A 2A 2A 00 2A 2A 2A 00 2A 2A 2A 00 2A 2A 2A 00 ...
T2110 003:192.658   completely In flash
T2110 003:192.693 - 0.095ms returns 0x760
T2110 003:193.143 JLINK_WriteMem(0x200D5530, 0x740 Bytes, ...)
T2110 003:193.207   Data:  2A 2A 2A FF 2A 2A 2A FF 2A 2A 2A FF 2A 2A 2A FF ...
T2110 003:193.247   completely In flash
T2110 003:193.284 - 0.141ms returns 0x740
T2110 003:193.543 JLINK_WriteMem(0x200D5C70, 0x770 Bytes, ...)
T2110 003:193.580   Data:  2A 2A 2A 00 2A 2A 2A 00 2A 2A 2A 00 2A 2A 2A 00 ...
T2110 003:193.607   completely In flash
T2110 003:193.631 - 0.088ms returns 0x770
T2110 003:193.989 JLINK_WriteMem(0x200D63E0, 0x750 Bytes, ...)
T2110 003:194.020   Data:  2A 2A 2A FF 2A 2A 2A FF 2A 2A 2A FF 2A 2A 2A FF ...
T2110 003:194.052   completely In flash
T2110 003:194.077 - 0.088ms returns 0x750
T2110 003:194.438 JLINK_WriteMem(0x200D6B30, 0x780 Bytes, ...)
T2110 003:194.476   Data:  2A 2A 2A 00 2A 2A 2A 00 2A 2A 2A 00 2A 2A 2A 00 ...
T2110 003:194.504   completely In flash
T2110 003:194.536 - 0.098ms returns 0x780
T2110 003:194.921 JLINK_WriteMem(0x200D72B0, 0x760 Bytes, ...)
T2110 003:194.963   Data:  2A 2A 2A FF 2A 2A 2A FF 2A 2A 2A FF 2A 2A 2A FF ...
T2110 003:194.998   completely In flash
T2110 003:195.024 - 0.103ms returns 0x760
T2110 003:195.357 JLINK_WriteMem(0x200D7A10, 0x790 Bytes, ...)
T2110 003:195.390   Data:  2A 2A 2A 00 2A 2A 2A 00 2A 2A 2A 00 2A 2A 2A 00 ...
T2110 003:195.418   completely In flash
T2110 003:195.443 - 0.086ms returns 0x790
T2110 003:195.774 JLINK_WriteMem(0x200D81A0, 0x770 Bytes, ...)
T2110 003:195.810   Data:  2A 2A 2A FF 2A 2A 2A FF 28 28 28 EA 00 00 00 46 ...
T2110 003:195.838   completely In flash
T2110 003:195.864 - 0.090ms returns 0x770
T2110 003:196.202 JLINK_WriteMem(0x200D8910, 0x7C0 Bytes, ...)
T2110 003:196.236   Data:  2A 2A 2A 00 2A 2A 2A 00 2A 2A 2A 00 2A 2A 2A 00 ...
T2110 003:196.263   completely In flash
T2110 003:196.290 - 0.087ms returns 0x7C0
T2110 003:196.634 JLINK_WriteMem(0x200D90D0, 0x780 Bytes, ...)
T2110 003:196.676   Data:  2A 2A 2A 00 2A 2A 2A 00 2A 2A 2A 00 2A 2A 2A 00 ...
T2110 003:196.703   completely In flash
T2110 003:196.729 - 0.094ms returns 0x780
T2110 003:197.068 JLINK_WriteMem(0x200D9850, 0x7C0 Bytes, ...)
T2110 003:197.112   Data:  2A 2A 2A FF 2A 2A 2A FF 2A 2A 2A FF 2A 2A 2A FF ...
T2110 003:197.138   completely In flash
T2110 003:197.162 - 0.094ms returns 0x7C0
T2110 003:197.526 JLINK_WriteMem(0x200DA010, 0x7D0 Bytes, ...)
T2110 003:197.556   Data:  2A 2A 2A 00 2A 2A 2A 00 2A 2A 2A 00 2A 2A 2A 00 ...
T2110 003:197.580   completely In flash
T2110 003:197.605 - 0.079ms returns 0x7D0
T2110 003:198.016 JLINK_WriteMem(0x200DA7E0, 0x7C0 Bytes, ...)
T2110 003:198.075   Data:  2A 2A 2A FF 2A 2A 2A FF 2A 2A 2A FF 2A 2A 2A FF ...
T2110 003:198.116   completely In flash
T2110 003:198.154 - 0.138ms returns 0x7C0
T2110 003:198.430 JLINK_WriteMem(0x200DAFA0, 0x800 Bytes, ...)
T2110 003:198.464   Data:  00 00 00 25 00 00 00 31 09 09 09 4A 27 27 27 DD ...
T2110 003:198.490   completely In flash
T2110 003:198.513 - 0.083ms returns 0x800
T2110 003:198.845 JLINK_WriteMem(0x200DB7A0, 0x810 Bytes, ...)
T2110 003:198.869   Data:  2A 2A 2A 00 2A 2A 2A 00 2A 2A 2A 00 2A 2A 2A 00 ...
T2110 003:198.894   completely In flash
T2110 003:198.918 - 0.073ms returns 0x810
T2110 003:199.187 JLINK_WriteMem(0x200DBFB0, 0x7E0 Bytes, ...)
T2110 003:199.222   Data:  2A 2A 2A FF 2A 2A 2A FF 2A 2A 2A FF 2A 2A 2A FF ...
T2110 003:199.252   completely In flash
T2110 003:199.276 - 0.088ms returns 0x7E0
T2110 003:199.606 JLINK_WriteMem(0x200DC790, 0x820 Bytes, ...)
T2110 003:199.638   Data:  2A 2A 2A FF 2A 2A 2A FF 2A 2A 2A FF 2A 2A 2A FF ...
T2110 003:199.663   completely In flash
T2110 003:199.687 - 0.081ms returns 0x820
T2110 003:200.084 JLINK_WriteMem(0x200DCFB0, 0x840 Bytes, ...)
T2110 003:200.152   Data:  2A 2A 2A 00 2A 2A 2A 00 2A 2A 2A 00 2A 2A 2A 00 ...
T2110 003:200.202   completely In flash
T2110 003:200.240 - 0.157ms returns 0x840
T2110 003:200.520 JLINK_WriteMem(0x200DD7F0, 0x840 Bytes, ...)
T2110 003:200.552   Data:  2A 2A 2A 00 2A 2A 2A 00 2A 2A 2A 00 2A 2A 2A 00 ...
T2110 003:200.581   completely In flash
T2110 003:200.606 - 0.086ms returns 0x840
T2110 003:200.962 JLINK_WriteMem(0x200DE030, 0x830 Bytes, ...)
T2110 003:201.006   Data:  2A 2A 2A FF 2A 2A 2A FF 2A 2A 2A FF 2A 2A 2A FF ...
T2110 003:201.032   completely In flash
T2110 003:201.057 - 0.095ms returns 0x830
T2110 003:201.432 JLINK_WriteMem(0x200DE860, 0x870 Bytes, ...)
T2110 003:201.455   Data:  00 00 00 00 00 00 00 00 00 00 00 00 00 00 00 00 ...
T2110 003:201.488   completely In flash
T2110 003:201.514 - 0.081ms returns 0x870
T2110 003:201.842 JLINK_WriteMem(0x200DF0D0, 0x8F0 Bytes, ...)
T2110 003:201.866   Data:  00 00 00 5B 00 00 00 4D 00 00 00 40 00 00 00 34 ...
T2110 003:201.901   completely In flash
T2110 003:201.926 - 0.084ms returns 0x8F0
T2110 003:202.261 JLINK_WriteMem(0x200DF9C0, 0xA60 Bytes, ...)
T2110 003:202.284   Data:  00 00 00 0B 00 00 00 07 00 00 00 04 00 00 00 02 ...
T2110 003:202.312   completely In flash
T2110 003:202.336 - 0.075ms returns 0xA60
T2110 003:202.599 JLINK_WriteMem(0x200E0420, 0xBE0 Bytes, ...)
T2110 003:202.646   Data:  00 00 00 00 00 00 00 00 00 00 00 00 00 00 00 00 ...
T2110 003:202.691   completely In flash
T2110 003:202.728 - 0.129ms returns 0xBE0
T2110 003:203.763 JLINK_WriteMem(0x200E1000, 0xBE0 Bytes, ...)
T2110 003:203.822   Data:  00 00 00 00 00 00 00 00 00 00 00 00 00 00 00 00 ...
T2110 003:203.860   completely In flash
T2110 003:203.895 - 0.132ms returns 0xBE0
T2110 003:204.312 JLINK_WriteMem(0x200E1BE0, 0xBE0 Bytes, ...)
T2110 003:204.339   Data:  00 00 00 FF 00 00 00 FF 00 CF 72 5F 00 CF 72 4A ...
T2110 003:204.366   completely In flash
T2110 003:204.390 - 0.079ms returns 0xBE0
T2110 003:204.808 JLINK_WriteMem(0x200E27C0, 0xBE0 Bytes, ...)
T2110 003:204.870   Data:  00 CF 72 29 00 CF 72 1D 00 CF 72 13 00 CF 72 0C ...
T2110 003:204.946   completely In flash
T2110 003:205.042 - 0.234ms returns 0xBE0
T2110 003:205.410 JLINK_WriteMem(0x200E33A0, 0xBE0 Bytes, ...)
T2110 003:205.477   Data:  FF FF FF 00 FF FF FF 00 FF FF FF 00 FF FF FF 00 ...
T2110 003:205.518   completely In flash
T2110 003:205.554 - 0.144ms returns 0xBE0
T2110 003:205.925 JLINK_WriteMem(0x200E3F80, 0xBE0 Bytes, ...)
T2110 003:205.970   Data:  00 00 00 99 00 00 00 99 00 00 00 99 00 00 00 99 ...
T2110 003:206.034   completely In flash
T2110 003:206.068 - 0.143ms returns 0xBE0
T2110 003:206.346 JLINK_WriteMem(0x200E4B60, 0xBE0 Bytes, ...)
T2110 003:206.378   Data:  00 00 00 99 00 00 00 99 00 00 00 99 00 00 00 99 ...
T2110 003:206.406   completely In flash
T2110 003:206.431 - 0.085ms returns 0xBE0
T2110 003:206.669 JLINK_WriteMem(0x200E5740, 0xBE0 Bytes, ...)
T2110 003:206.702   Data:  00 00 00 99 00 00 00 99 00 00 00 99 00 00 00 99 ...
T2110 003:206.732   completely In flash
T2110 003:206.757 - 0.088ms returns 0xBE0
T2110 003:206.963 JLINK_WriteMem(0x200E6320, 0xBE0 Bytes, ...)
T2110 003:206.987   Data:  00 00 00 99 00 00 00 99 00 00 00 99 00 00 00 99 ...
T2110 003:207.011   completely In flash
T2110 003:207.034 - 0.071ms returns 0xBE0
T2110 003:207.235 JLINK_WriteMem(0x200E6F00, 0xBE0 Bytes, ...)
T2110 003:207.260   Data:  00 00 00 99 00 00 00 99 00 00 00 99 00 00 00 99 ...
T2110 003:207.289   completely In flash
T2110 003:207.314 - 0.079ms returns 0xBE0
T2110 003:207.620 JLINK_WriteMem(0x200E7AE0, 0xBE0 Bytes, ...)
T2110 003:207.648   Data:  00 00 00 99 00 00 00 99 00 00 00 99 00 00 00 99 ...
T2110 003:207.675   completely In flash
T2110 003:207.699 - 0.079ms returns 0xBE0
T2110 003:208.031 JLINK_WriteMem(0x200E86C0, 0xBE0 Bytes, ...)
T2110 003:208.060   Data:  00 00 00 99 00 00 00 99 00 00 00 99 00 00 00 99 ...
T2110 003:208.087   completely In flash
T2110 003:208.112 - 0.080ms returns 0xBE0
T2110 003:208.415 JLINK_WriteMem(0x200E92A0, 0xBE0 Bytes, ...)
T2110 003:208.440   Data:  00 00 00 99 00 00 00 99 00 00 00 99 00 00 00 99 ...
T2110 003:208.465   completely In flash
T2110 003:208.492 - 0.077ms returns 0xBE0
T2110 003:208.772 JLINK_WriteMem(0x200E9E80, 0xBE0 Bytes, ...)
T2110 003:208.834   Data:  00 00 00 99 00 00 00 99 00 00 00 99 00 00 00 99 ...
T2110 003:208.882   completely In flash
T2110 003:208.920 - 0.149ms returns 0xBE0
T2110 003:209.251 JLINK_WriteMem(0x200EAA60, 0xBE0 Bytes, ...)
T2110 003:209.296   Data:  00 00 00 99 00 00 00 99 00 00 00 99 00 00 00 99 ...
T2110 003:209.654   completely In flash
T2110 003:209.693 - 0.442ms returns 0xBE0
T2110 003:210.035 JLINK_WriteMem(0x200EB640, 0xBE0 Bytes, ...)
T2110 003:210.060   Data:  00 00 00 99 00 00 00 99 00 00 00 99 00 00 00 99 ...
T2110 003:210.084   completely In flash
T2110 003:210.107 - 0.073ms returns 0xBE0
T2110 003:210.397 JLINK_WriteMem(0x200EC220, 0xBE0 Bytes, ...)
T2110 003:210.429   Data:  00 00 00 99 00 00 00 99 00 00 00 99 00 00 00 99 ...
T2110 003:210.457   completely In flash
T2110 003:210.483 - 0.087ms returns 0xBE0
T2110 003:210.785 JLINK_WriteMem(0x200ECE00, 0xBE0 Bytes, ...)
T2110 003:210.816   Data:  00 00 00 99 00 00 00 99 00 00 00 99 00 00 00 99 ...
T2110 003:210.841   completely In flash
T2110 003:210.866 - 0.081ms returns 0xBE0
T2110 003:211.166 JLINK_WriteMem(0x200ED9E0, 0xBE0 Bytes, ...)
T2110 003:211.201   Data:  00 00 00 99 00 00 00 99 00 00 00 99 00 00 00 99 ...
T2110 003:211.226   completely In flash
T2110 003:211.250 - 0.084ms returns 0xBE0
T2110 003:211.559 JLINK_WriteMem(0x200EE5C0, 0xBE0 Bytes, ...)
T2110 003:211.585   Data:  00 00 00 99 00 00 00 99 00 00 00 99 00 00 00 99 ...
T2110 003:211.608   completely In flash
T2110 003:211.632 - 0.073ms returns 0xBE0
T2110 003:211.940 JLINK_WriteMem(0x200EF1A0, 0xBE0 Bytes, ...)
T2110 003:211.965   Data:  00 00 00 99 00 00 00 99 00 00 00 99 00 00 00 99 ...
T2110 003:211.993   completely In flash
T2110 003:212.023 - 0.083ms returns 0xBE0
T2110 003:212.315 JLINK_WriteMem(0x200EFD80, 0xBE0 Bytes, ...)
T2110 003:212.337   Data:  00 00 00 99 00 00 00 99 00 00 00 99 00 00 00 99 ...
T2110 003:212.360   completely In flash
T2110 003:212.383 - 0.068ms returns 0xBE0
T2110 003:212.673 JLINK_WriteMem(0x200F0960, 0xBE0 Bytes, ...)
T2110 003:212.695   Data:  00 00 00 99 00 00 00 99 00 00 00 99 00 00 00 99 ...
T2110 003:212.719   completely In flash
T2110 003:212.742 - 0.068ms returns 0xBE0
T2110 003:213.059 JLINK_WriteMem(0x200F1540, 0xBE0 Bytes, ...)
T2110 003:213.084   Data:  00 00 00 99 00 00 00 99 00 00 00 99 00 00 00 99 ...
T2110 003:213.109   completely In flash
T2110 003:213.134 - 0.075ms returns 0xBE0
T2110 003:213.437 JLINK_WriteMem(0x200F2120, 0xBE0 Bytes, ...)
T2110 003:213.462   Data:  00 00 00 99 00 00 00 99 00 00 00 99 00 00 00 99 ...
T2110 003:213.485   completely In flash
T2110 003:213.510 - 0.072ms returns 0xBE0
T2110 003:213.799 JLINK_WriteMem(0x200F2D00, 0xBE0 Bytes, ...)
T2110 003:213.823   Data:  FF FF FF 00 FF FF FF 00 FF FF FF 00 FF FF FF 00 ...
T2110 003:213.846   completely In flash
T2110 003:213.870 - 0.071ms returns 0xBE0
T2110 003:214.169 JLINK_WriteMem(0x200F38E0, 0xBE0 Bytes, ...)
T2110 003:214.213   Data:  02 01 E3 26 02 01 E3 2A 02 01 E3 2C 02 01 E3 2F ...
T2110 003:214.238   completely In flash
T2110 003:214.262 - 0.093ms returns 0xBE0
T2110 003:214.647 JLINK_WriteMem(0x200F44C0, 0xBD0 Bytes, ...)
T2110 003:214.675   Data:  02 01 E3 53 02 01 E3 40 02 01 E3 2F 02 01 E3 20 ...
T2110 003:214.699   completely In flash
T2110 003:214.723 - 0.076ms returns 0xBD0
T2110 003:215.095 JLINK_WriteMem(0x200F5090, 0xBD0 Bytes, ...)
T2110 003:215.126   Data:  02 01 E3 28 02 01 E3 30 02 01 E3 38 02 01 E3 3F ...
T2110 003:215.152   completely In flash
T2110 003:215.178 - 0.082ms returns 0xBD0
T2110 003:215.591 JLINK_WriteMem(0x200F5C60, 0xBD0 Bytes, ...)
T2110 003:215.618   Data:  00 CF 72 05 00 CF 72 03 00 CF 72 01 00 CF 72 00 ...
T2110 003:215.644   completely In flash
T2110 003:215.667 - 0.076ms returns 0xBD0
T2110 003:216.048 JLINK_WriteMem(0x200F6830, 0xBD0 Bytes, ...)
T2110 003:216.072   Data:  0D 0D 0D FF A6 A6 A6 FF A6 A6 A6 FF 0D 0D 0D FF ...
T2110 003:216.095   completely In flash
T2110 003:216.119 - 0.071ms returns 0xBD0
T2110 003:216.488 JLINK_WriteMem(0x200F7400, 0xBD0 Bytes, ...)
T2110 003:216.511   Data:  01 00 06 16 00 00 00 00 C0 73 2D 40 00 00 00 00 ...
T2110 003:216.535   completely In flash
T2110 003:216.558 - 0.069ms returns 0xBD0
T2110 003:216.930 JLINK_WriteMem(0x200F7FD0, 0xBD0 Bytes, ...)
T2110 003:216.952   Data:  05 05 05 9A 00 00 00 99 11 11 11 76 FF FE FD 16 ...
T2110 003:216.984   completely In flash
T2110 003:217.009 - 0.078ms returns 0xBD0
T2110 003:217.304 JLINK_WriteMem(0x200F8BA0, 0xBE0 Bytes, ...)
T2110 003:217.326   Data:  07 07 07 88 00 00 00 99 07 07 07 88 26 26 26 58 ...
T2110 003:217.354   completely In flash
T2110 003:217.378 - 0.074ms returns 0xBE0
T2110 003:217.713 JLINK_WriteMem(0x200F9780, 0xBE0 Bytes, ...)
T2110 003:217.742   Data:  00 00 00 CC 00 00 00 CC 00 00 00 CC 00 00 00 CC ...
T2110 003:217.771   completely In flash
T2110 003:217.794 - 0.081ms returns 0xBE0
T2110 003:218.122 JLINK_WriteMem(0x200FA360, 0xBE0 Bytes, ...)
T2110 003:218.155   Data:  00 00 00 CC 00 00 00 CC 00 00 00 CC 00 00 00 CC ...
T2110 003:218.179   completely In flash
T2110 003:218.204 - 0.081ms returns 0xBE0
T2110 003:218.520 JLINK_WriteMem(0x200FAF40, 0xBE0 Bytes, ...)
T2110 003:218.546   Data:  00 00 00 CC 00 00 00 CC 00 00 00 CC 00 00 00 CC ...
T2110 003:218.572   completely In flash
T2110 003:218.596 - 0.076ms returns 0xBE0
T2110 003:218.892 JLINK_WriteMem(0x200FBB20, 0xBE0 Bytes, ...)
T2110 003:218.914   Data:  00 00 00 CC 00 00 00 CC 00 00 00 CC 00 00 00 CC ...
T2110 003:218.942   completely In flash
T2110 003:218.965 - 0.073ms returns 0xBE0
T2110 003:219.281 JLINK_WriteMem(0x200FC700, 0xBE0 Bytes, ...)
T2110 003:219.304   Data:  00 00 00 CC 00 00 00 CC 00 00 00 CC 00 00 00 CC ...
T2110 003:219.330   completely In flash
T2110 003:219.353 - 0.072ms returns 0xBE0
T2110 003:219.657 JLINK_WriteMem(0x200FD2E0, 0xBE0 Bytes, ...)
T2110 003:219.680   Data:  F1 F0 FF 1D A6 D9 BA 9F 00 B7 76 FF 00 BA 7F FF ...
T2110 003:219.704   completely In flash
T2110 003:219.728 - 0.070ms returns 0xBE0
T2110 003:220.031 JLINK_WriteMem(0x200FDEC0, 0xBE0 Bytes, ...)
T2110 003:220.053   Data:  F3 B3 61 D6 F2 B3 5E D8 F3 B6 69 CE FF F7 EF 18 ...
T2110 003:220.079   completely In flash
T2110 003:220.102 - 0.072ms returns 0xBE0
T2110 003:220.399 JLINK_WriteMem(0x200FEAA0, 0xBE0 Bytes, ...)
T2110 003:220.421   Data:  FF FF FF FF FF FF FF EE FF FF FF C4 FF FF FF C9 ...
T2110 003:220.446   completely In flash
T2110 003:220.470 - 0.070ms returns 0xBE0
T2110 003:220.813 JLINK_WriteMem(0x200FF680, 0xBD0 Bytes, ...)
T2110 003:220.836   Data:  00 00 00 00 00 00 00 01 00 00 00 02 00 00 00 01 ...
T2110 003:221.142   completely In flash
T2110 003:222.010 - 1.196ms returns 0xBD0
T2110 003:222.582 JLINK_WriteMem(0x20100250, 0xBD0 Bytes, ...)
T2110 003:222.603   Data:  00 00 00 1E 00 00 00 17 00 00 00 11 00 00 00 0D ...
T2110 003:222.630   completely In flash
T2110 003:222.653 - 0.072ms returns 0xBD0
T2110 003:223.096 JLINK_WriteMem(0x20100E20, 0xBE0 Bytes, ...)
T2110 003:223.157   Data:  00 00 00 25 00 00 00 31 3E 98 6F AE 2A AC 71 F5 ...
T2110 003:223.205   completely In flash
T2110 003:223.243 - 0.147ms returns 0xBE0
T2110 003:223.682 JLINK_WriteMem(0x20101A00, 0xB80 Bytes, ...)
T2110 003:223.726   Data:  2A B7 78 E8 3C 67 54 EB 25 24 24 E6 1B 1B 1B E6 ...
T2110 003:223.758   completely In flash
T2110 003:223.784 - 0.102ms returns 0xB80
T2110 003:224.194 JLINK_WriteMem(0x20102580, 0x9E0 Bytes, ...)
T2110 003:224.240   Data:  23 22 22 E6 24 23 23 E6 23 24 23 E6 24 24 23 E6 ...
T2110 003:224.276   completely In flash
T2110 003:224.313 - 0.119ms returns 0x9E0
T2110 003:224.598 JLINK_WriteMem(0x20102F60, 0xBA0 Bytes, ...)
T2110 003:224.640   Data:  2A 2A 2B E6 2B 2A 2A E6 2B 2B 2B E6 2A 2B 29 E6 ...
T2110 003:224.668   completely In flash
T2110 003:224.693 - 0.094ms returns 0xBA0
T2110 003:225.012 JLINK_WriteMem(0x20103B00, 0xBE0 Bytes, ...)
T2110 003:225.037   Data:  34 34 34 E6 34 34 34 E6 34 34 35 E6 34 34 34 E6 ...
T2110 003:225.063   completely In flash
T2110 003:225.086 - 0.074ms returns 0xBE0
T2110 003:225.398 JLINK_WriteMem(0x201046E0, 0xBE0 Bytes, ...)
T2110 003:225.425   Data:  42 42 42 E6 42 42 43 E6 42 43 43 E6 42 42 43 E6 ...
T2110 003:225.810   completely In flash
T2110 003:225.855 - 0.457ms returns 0xBE0
T2110 003:226.194 JLINK_WriteMem(0x201052C0, 0xBE0 Bytes, ...)
T2110 003:226.215   Data:  4D 4D 4D E6 4D 4D 4D E6 4E 4E 4D E6 4D 4E 4D E6 ...
T2110 003:226.241   completely In flash
T2110 003:226.268 - 0.073ms returns 0xBE0
T2110 003:226.568 JLINK_WriteMem(0x20105EA0, 0xBE0 Bytes, ...)
T2110 003:226.604   Data:  56 55 55 E6 55 55 56 E6 56 55 55 E6 56 56 56 E6 ...
T2110 003:226.630   completely In flash
T2110 003:226.654 - 0.086ms returns 0xBE0
T2110 003:227.042 JLINK_WriteMem(0x20106A80, 0xBD0 Bytes, ...)
T2110 003:227.078   Data:  04 20 13 47 08 4A 2C 62 10 93 58 9E 13 AA 66 C0 ...
T2110 003:227.108   completely In flash
T2110 003:227.133 - 0.092ms returns 0xBD0
T2110 003:227.471 JLINK_WriteMem(0x20107650, 0xBD0 Bytes, ...)
T2110 003:227.534   Data:  00 00 00 19 00 00 00 18 00 00 00 17 00 00 00 17 ...
T2110 003:227.576   completely In flash
T2110 003:227.615 - 0.144ms returns 0xBD0
T2110 003:227.882 JLINK_WriteMem(0x20108220, 0xBE0 Bytes, ...)
T2110 003:227.925   Data:  0A 08 05 E1 23 17 05 E5 2B 1E 08 E7 3D 29 0A E9 ...
T2110 003:227.951   completely In flash
T2110 003:227.976 - 0.094ms returns 0xBE0
T2110 003:228.306 JLINK_WriteMem(0x20108E00, 0xBE0 Bytes, ...)
T2110 003:228.336   Data:  0B 0B 0B E0 0B 0B 0B E0 0B 0A 0B E0 0B 0A 0B E0 ...
T2110 003:228.363   completely In flash
T2110 003:228.393 - 0.086ms returns 0xBE0
T2110 003:229.096 JLINK_WriteMem(0x201099E0, 0xBE0 Bytes, ...)
T2110 003:229.138   Data:  14 14 15 E0 14 15 14 E0 15 14 14 E0 15 14 14 E0 ...
T2110 003:229.164   completely In flash
T2110 003:229.189 - 0.093ms returns 0xBE0
T2110 003:229.573 JLINK_WriteMem(0x2010A5C0, 0xA40 Bytes, ...)
T2110 003:229.608   Data:  6F 4E 19 F0 9B 69 16 D9 BB 76 04 81 C3 7A 00 5B ...
T2110 003:229.632   completely In flash
T2110 003:229.657 - 0.084ms returns 0xA40
T2110 003:230.075 JLINK_WriteMem(0x2010B000, 0xAE0 Bytes, ...)
T2110 003:230.104   Data:  25 26 25 E0 26 26 27 E0 26 25 27 E0 26 26 25 E0 ...
T2110 003:230.128   completely In flash
T2110 003:230.153 - 0.078ms returns 0xAE0
T2110 003:230.492 JLINK_WriteMem(0x2010BAE0, 0xBE0 Bytes, ...)
T2110 003:230.528   Data:  C1 79 00 62 A4 67 01 CD 89 6C 3D EB 3F 40 40 E0 ...
T2110 003:230.555   completely In flash
T2110 003:230.581 - 0.089ms returns 0xBE0
T2110 003:230.902 JLINK_WriteMem(0x2010C6C0, 0xBE0 Bytes, ...)
T2110 003:230.929   Data:  38 39 38 E0 38 39 39 E0 4C 4B 4A E0 99 6A 1A E0 ...
T2110 003:230.954   completely In flash
T2110 003:230.979 - 0.077ms returns 0xBE0
T2110 003:231.280 JLINK_WriteMem(0x2010D2A0, 0xBE0 Bytes, ...)
T2110 003:231.303   Data:  45 46 45 E0 46 46 46 E0 46 45 46 E0 46 46 46 E0 ...
T2110 003:231.327   completely In flash
T2110 003:231.350 - 0.070ms returns 0xBE0
T2110 003:231.649 JLINK_WriteMem(0x2010DE80, 0xBE0 Bytes, ...)
T2110 003:231.675   Data:  C3 7A 00 02 C3 7A 00 01 C3 7A 00 00 C3 7A 00 00 ...
T2110 003:231.720   completely In flash
T2110 003:231.748 - 0.099ms returns 0xBE0
T2110 003:232.063 JLINK_WriteMem(0x2010EA60, 0xBE0 Bytes, ...)
T2110 003:232.088   Data:  58 58 58 E0 59 59 57 E0 5B 5B 5C E0 69 69 69 E0 ...
T2110 003:232.113   completely In flash
T2110 003:232.138 - 0.075ms returns 0xBE0
T2110 003:232.507 JLINK_WriteMem(0x2010F640, 0xBD0 Bytes, ...)
T2110 003:232.538   Data:  A3 66 01 CC A4 66 01 C4 A5 67 01 B8 A9 6A 01 9B ...
T2110 003:232.565   completely In flash
T2110 003:232.589 - 0.082ms returns 0xBD0
T2110 003:232.939 JLINK_WriteMem(0x20110210, 0xBD0 Bytes, ...)
T2110 003:232.967   Data:  C3 7A 00 0F C3 7A 00 12 C3 7A 00 16 C3 7A 00 1A ...
T2110 003:232.992   completely In flash
T2110 003:233.015 - 0.076ms returns 0xBD0
T2110 003:233.310 JLINK_WriteMem(0x20110DE0, 0xBE0 Bytes, ...)
T2110 003:233.333   Data:  C3 7A 00 4F C3 7A 00 41 C3 7A 00 34 C3 7A 00 28 ...
T2110 003:233.359   completely In flash
T2110 003:233.384 - 0.074ms returns 0xBE0
T2110 003:233.725 JLINK_WriteMem(0x201119C0, 0xBE0 Bytes, ...)
T2110 003:233.751   Data:  53 53 53 E0 53 54 54 E0 52 54 54 E0 54 54 53 E0 ...
T2110 003:233.775   completely In flash
T2110 003:233.798 - 0.073ms returns 0xBE0
T2110 003:234.097 JLINK_WriteMem(0x201125A0, 0xBE0 Bytes, ...)
T2110 003:234.121   Data:  4A 4A 49 E0 4A 4A 4A E0 49 49 4A E0 49 4A 4A E0 ...
T2110 003:234.145   completely In flash
T2110 003:234.170 - 0.073ms returns 0xBE0
T2110 003:234.500 JLINK_WriteMem(0x20113180, 0xBE0 Bytes, ...)
T2110 003:234.530   Data:  3E 3D 3E E0 3E 3E 3E E0 3E 3E 3D E0 3E 3E 3D E0 ...
T2110 003:234.554   completely In flash
T2110 003:234.578 - 0.077ms returns 0xBE0
T2110 003:234.925 JLINK_WriteMem(0x20113D60, 0xAF0 Bytes, ...)
T2110 003:234.958   Data:  33 33 32 E0 33 33 33 E0 33 32 33 E0 33 32 32 E0 ...
T2110 003:234.986   completely In flash
T2110 003:235.010 - 0.085ms returns 0xAF0
T2110 003:235.310 JLINK_WriteMem(0x20114850, 0xA50 Bytes, ...)
T2110 003:235.351   Data:  C3 7A 00 43 C3 7A 00 2F C3 7A 00 1F C3 7A 00 12 ...
T2110 003:235.378   completely In flash
T2110 003:235.402 - 0.091ms returns 0xA50
T2110 003:235.664 JLINK_WriteMem(0x201152A0, 0xBE0 Bytes, ...)
T2110 003:235.711   Data:  20 20 20 E0 21 20 20 E0 20 20 21 E0 20 20 20 E0 ...
T2110 003:235.752   completely In flash
T2110 003:235.778 - 0.114ms returns 0xBE0
T2110 003:236.060 JLINK_WriteMem(0x20115E80, 0xBE0 Bytes, ...)
T2110 003:236.107   Data:  C3 7A 00 33 C3 7A 00 22 C3 7A 00 16 C3 7A 00 0C ...
T2110 003:236.133   completely In flash
T2110 003:236.157 - 0.097ms returns 0xBE0
T2110 003:236.398 JLINK_WriteMem(0x20116A60, 0xBE0 Bytes, ...)
T2110 003:236.429   Data:  0D 0E 0E E0 0E 0E 0E E0 0E 0D 0E E0 0D 0D 0E E0 ...
T2110 003:236.453   completely In flash
T2110 003:236.477 - 0.079ms returns 0xBE0
T2110 003:236.728 JLINK_WriteMem(0x20117640, 0xBD0 Bytes, ...)
T2110 003:236.752   Data:  C3 7A 00 03 C3 7A 00 02 C3 7A 00 01 9B 61 01 00 ...
T2110 003:236.776   completely In flash
T2110 003:236.800 - 0.072ms returns 0xBD0
T2110 003:237.030 JLINK_WriteMem(0x20118210, 0xBD0 Bytes, ...)
T2110 003:237.054   Data:  C3 7A 00 03 C3 7A 00 02 C3 7A 00 01 C3 7A 00 01 ...
T2110 003:237.078   completely In flash
T2110 003:237.102 - 0.072ms returns 0xBD0
T2110 003:237.341 JLINK_WriteMem(0x20118DE0, 0xBE0 Bytes, ...)
T2110 003:237.378   Data:  00 00 00 04 00 00 00 05 00 00 00 07 00 00 00 0B ...
T2110 003:237.416   completely In flash
T2110 003:237.452 - 0.110ms returns 0xBE0
T2110 003:237.705 JLINK_WriteMem(0x201199C0, 0xBE0 Bytes, ...)
T2110 003:237.748   Data:  00 00 00 05 00 00 00 04 00 00 00 02 00 00 00 01 ...
T2110 003:237.774   completely In flash
T2110 003:237.798 - 0.092ms returns 0xBE0
T2110 003:238.250 JLINK_WriteMem(0x2011A5A0, 0xBE0 Bytes, ...)
T2110 003:238.350   Data:  4D 4D 4D E0 4E 4D 4E E0 4E 4E 4D E0 4D 4D 4D E0 ...
T2110 003:238.406   completely In flash
T2110 003:238.438 - 0.188ms returns 0xBE0
T2110 003:238.833 JLINK_WriteMem(0x2011B180, 0xBD0 Bytes, ...)
T2110 003:238.873   Data:  42 42 42 E0 42 42 43 E0 42 42 42 E0 42 42 41 E0 ...
T2110 003:238.903   completely In flash
T2110 003:238.933 - 0.100ms returns 0xBD0
T2110 003:239.230 JLINK_WriteMem(0x2011BD50, 0xBA0 Bytes, ...)
T2110 003:239.275   Data:  35 34 34 E0 34 34 35 E0 35 34 35 E0 34 34 34 E0 ...
T2110 003:239.311   completely In flash
T2110 003:239.346 - 0.116ms returns 0xBA0
T2110 003:239.758 JLINK_WriteMem(0x2011C8F0, 0x9F0 Bytes, ...)
T2110 003:239.795   Data:  2A 2A 2A E0 2B 29 2B E0 2A 2A 2B E0 2B 2B 2A E0 ...
T2110 003:239.831   completely In flash
T2110 003:239.867 - 0.109ms returns 0x9F0
T2110 003:240.227 JLINK_WriteMem(0x2011D2E0, 0xB70 Bytes, ...)
T2110 003:240.255   Data:  22 23 23 E0 23 22 23 E0 22 24 23 E0 23 24 24 E0 ...
T2110 003:240.291   completely In flash
T2110 003:240.327 - 0.099ms returns 0xB70
T2110 003:240.658 JLINK_WriteMem(0x2011DE50, 0xBE0 Bytes, ...)
T2110 003:240.690   Data:  1A 1B 1B E0 1A 1A 1A E0 1B 1A 1A E0 1A 1A 1B E0 ...
T2110 003:240.734   completely In flash
T2110 003:240.771 - 0.113ms returns 0xBE0
T2110 003:241.173 JLINK_WriteMem(0x2011EA30, 0xBD0 Bytes, ...)
T2110 003:241.226   Data:  00 00 00 2A 00 00 00 37 00 00 00 45 01 01 01 7D ...
T2110 003:241.267   completely In flash
T2110 003:241.308 - 0.135ms returns 0xBD0
T2110 003:241.757 JLINK_WriteMem(0x2011F600, 0xBD0 Bytes, ...)
T2110 003:241.833   Data:  00 00 00 00 00 00 00 01 00 00 00 02 00 00 00 04 ...
T2110 003:241.900   completely In flash
T2110 003:241.960 - 0.203ms returns 0xBD0
T2110 003:242.446 JLINK_WriteMem(0x201201D0, 0xBD0 Bytes, ...)
T2110 003:242.504   Data:  00 00 00 C3 00 00 00 B0 00 00 00 A6 00 00 00 8B ...
T2110 003:242.552   completely In flash
T2110 003:242.600 - 0.154ms returns 0xBD0
T2110 003:243.001 JLINK_WriteMem(0x20120DA0, 0xBD0 Bytes, ...)
T2110 003:243.057   Data:  03 82 19 83 16 82 0E 82 04 82 12 82 00 82 0E 83 ...
T2110 003:243.100   completely In flash
T2110 003:243.134 - 0.132ms returns 0xBD0
T2110 003:243.563 JLINK_WriteMem(0x20121970, 0xBD0 Bytes, ...)
T2110 003:243.612   Data:  02 01 02 E6 02 01 01 E6 02 02 02 E6 01 01 01 E6 ...
T2110 003:243.647   completely In flash
T2110 003:243.677 - 0.114ms returns 0xBD0
T2110 003:244.027 JLINK_WriteMem(0x20122540, 0xBE0 Bytes, ...)
T2110 003:244.055   Data:  00 00 00 04 00 00 00 02 00 00 00 01 00 00 00 01 ...
T2110 003:244.525   completely In flash
T2110 003:244.572 - 0.544ms returns 0xBE0
T2110 003:245.027 JLINK_WriteMem(0x20123120, 0xBE0 Bytes, ...)
T2110 003:245.084   Data:  00 00 00 01 00 00 00 01 00 00 00 03 00 00 00 05 ...
T2110 003:245.121   completely In flash
T2110 003:245.157 - 0.130ms returns 0xBE0
T2110 003:245.430 JLINK_WriteMem(0x20123D00, 0xBE0 Bytes, ...)
T2110 003:245.463   Data:  0F 83 4E 5F 00 00 00 24 00 00 00 1B 00 00 00 14 ...
T2110 003:245.488   completely In flash
T2110 003:245.512 - 0.082ms returns 0xBE0
T2110 003:245.834 JLINK_WriteMem(0x201248E0, 0xBE0 Bytes, ...)
T2110 003:245.865   Data:  00 00 00 0E 00 00 00 09 00 00 00 05 00 00 00 03 ...
T2110 003:245.890   completely In flash
T2110 003:245.917 - 0.082ms returns 0xBE0
T2110 003:246.232 JLINK_WriteMem(0x201254C0, 0xBE0 Bytes, ...)
T2110 003:246.262   Data:  12 12 12 E6 11 12 12 E6 11 12 12 E6 12 12 12 E6 ...
T2110 003:246.286   completely In flash
T2110 003:246.310 - 0.077ms returns 0xBE0
T2110 003:246.604 JLINK_WriteMem(0x201260A0, 0xBE0 Bytes, ...)
T2110 003:246.628   Data:  15 16 15 E6 15 15 15 E6 18 17 17 E6 36 36 36 E6 ...
T2110 003:246.655   completely In flash
T2110 003:246.680 - 0.076ms returns 0xBE0
T2110 003:247.026 JLINK_WriteMem(0x20126C80, 0xBE0 Bytes, ...)
T2110 003:247.059   Data:  19 19 19 E6 18 19 19 E6 19 19 19 E6 18 19 19 E6 ...
T2110 003:247.084   completely In flash
T2110 003:247.109 - 0.083ms returns 0xBE0
T2110 003:247.458 JLINK_WriteMem(0x20127860, 0xBD0 Bytes, ...)
T2110 003:247.486   Data:  1D 1C 1D E6 1D 1C 1C E6 29 29 28 E6 49 71 5E C8 ...
T2110 003:247.510   completely In flash
T2110 003:247.533 - 0.075ms returns 0xBD0
T2110 003:247.876 JLINK_WriteMem(0x20128430, 0x9B0 Bytes, ...)
T2110 003:247.909   Data:  21 21 21 E6 21 20 21 E6 20 21 21 E6 21 21 21 E6 ...
T2110 003:247.939   completely In flash
T2110 003:247.967 - 0.091ms returns 0x9B0
T2110 003:248.325 JLINK_WriteMem(0x20128DE0, 0x9E0 Bytes, ...)
T2110 003:248.382   Data:  24 24 23 E6 24 24 23 E6 23 23 24 E6 24 24 24 E6 ...
T2110 003:248.428   completely In flash
T2110 003:248.456 - 0.134ms returns 0x9E0
T2110 003:248.878 JLINK_WriteMem(0x201297C0, 0xAA0 Bytes, ...)
T2110 003:248.915   Data:  27 27 26 E6 27 27 26 E6 27 26 27 E6 27 26 26 E6 ...
T2110 003:248.945   completely In flash
T2110 003:248.970 - 0.091ms returns 0xAA0
T2110 003:249.295 JLINK_WriteMem(0x2012A260, 0xB10 Bytes, ...)
T2110 003:249.329   Data:  2B 2B 2B E6 2A 2A 2A E6 2B 2A 2A E6 2B 2A 2B E6 ...
T2110 003:249.355   completely In flash
T2110 003:249.378 - 0.084ms returns 0xB10
T2110 003:249.715 JLINK_WriteMem(0x2012AD70, 0xBE0 Bytes, ...)
T2110 003:249.741   Data:  2E 2E 2E E6 2E 2F 2E E6 2E 2F 2F E6 2F 2E 2E E6 ...
T2110 003:249.765   completely In flash
T2110 003:249.791 - 0.076ms returns 0xBE0
T2110 003:250.144 JLINK_WriteMem(0x2012B950, 0xBE0 Bytes, ...)
T2110 003:250.171   Data:  32 32 32 E6 32 33 32 E6 32 32 32 E6 32 32 33 E6 ...
T2110 003:250.197   completely In flash
T2110 003:250.222 - 0.077ms returns 0xBE0
T2110 003:250.553 JLINK_WriteMem(0x2012C530, 0xBE0 Bytes, ...)
T2110 003:250.579   Data:  00 00 00 09 00 00 00 04 00 00 00 01 FF FF FF 00 ...
T2110 003:250.604   completely In flash
T2110 003:250.629 - 0.075ms returns 0xBE0
T2110 003:250.931 JLINK_WriteMem(0x2012D110, 0xBE0 Bytes, ...)
T2110 003:250.954   Data:  3A 3A 3B E6 3B 3A 3A E6 3B 3B 3A E6 3A 3A 3B E6 ...
T2110 003:250.978   completely In flash
T2110 003:251.002 - 0.071ms returns 0xBE0
T2110 003:251.311 JLINK_WriteMem(0x2012DCF0, 0xBE0 Bytes, ...)
T2110 003:251.342   Data:  3E 3E 3D E6 3E 3E 3E E6 3D 3E 3E E6 3E 3E 3E E6 ...
T2110 003:251.370   completely In flash
T2110 003:251.394 - 0.084ms returns 0xBE0
T2110 003:251.706 JLINK_WriteMem(0x2012E8D0, 0xBE0 Bytes, ...)
T2110 003:251.730   Data:  41 42 41 E6 42 42 42 E6 42 42 42 E6 41 42 41 E6 ...
T2110 003:251.754   completely In flash
T2110 003:251.779 - 0.072ms returns 0xBE0
T2110 003:252.093 JLINK_WriteMem(0x2012F4B0, 0xBE0 Bytes, ...)
T2110 003:252.141   Data:  46 46 46 E6 45 45 46 E6 46 46 46 E6 45 45 45 E6 ...
T2110 003:252.174   completely In flash
T2110 003:252.198 - 0.105ms returns 0xBE0
T2110 003:252.532 JLINK_WriteMem(0x20130090, 0xBE0 Bytes, ...)
T2110 003:252.558   Data:  60 60 60 E6 4A 4A 4B E6 49 4A 49 E6 4A 4A 49 E6 ...
T2110 003:252.582   completely In flash
T2110 003:252.606 - 0.073ms returns 0xBE0
T2110 003:252.909 JLINK_WriteMem(0x20130C70, 0xBE0 Bytes, ...)
T2110 003:252.931   Data:  4D 4C 4D E6 4D 4D 4D E6 4D 4C 4D E6 4D 4C 4D E6 ...
T2110 003:252.956   completely In flash
T2110 003:252.979 - 0.070ms returns 0xBE0
T2110 003:253.471 JLINK_WriteMem(0x20131850, 0xBE0 Bytes, ...)
T2110 003:253.516   Data:  50 50 50 E6 50 50 51 E6 50 50 50 E6 50 51 50 E6 ...
T2110 003:253.548   completely In flash
T2110 003:253.582 - 0.111ms returns 0xBE0
T2110 003:254.623 JLINK_WriteMem(0x20132430, 0xBE0 Bytes, ...)
T2110 003:254.727   Data:  54 54 54 E6 54 53 54 E6 54 54 53 E6 54 53 53 E6 ...
T2110 003:254.773   completely In flash
T2110 003:254.811 - 0.189ms returns 0xBE0
T2110 003:255.320 JLINK_WriteMem(0x20133010, 0xBE0 Bytes, ...)
T2110 003:255.371   Data:  6A 6A 6A E5 65 70 6B BD 11 95 59 B2 11 99 5C AA ...
T2110 003:255.409   completely In flash
T2110 003:255.448 - 0.130ms returns 0xBE0
T2110 003:255.827 JLINK_WriteMem(0x20133BF0, 0xBE0 Bytes, ...)
T2110 003:255.868   Data:  5A 5A 5A E6 5A 59 5A E6 59 5A 5A E6 5A 5A 59 E6 ...
T2110 003:255.897   completely In flash
T2110 003:255.921 - 0.094ms returns 0xBE0
T2110 003:256.178 JLINK_WriteMem(0x201347D0, 0xBE0 Bytes, ...)
T2110 003:256.227   Data:  5D 5C 5D E6 5D 5C 5D E6 5C 5D 5C E6 5D 5D 5C E6 ...
T2110 003:256.254   completely In flash
T2110 003:256.280 - 0.102ms returns 0xBE0
T2110 003:256.562 JLINK_WriteMem(0x201353B0, 0xBD0 Bytes, ...)
T2110 003:256.597   Data:  00 00 00 41 00 00 00 47 00 00 00 4D 02 11 0A 57 ...
T2110 003:256.622   completely In flash
T2110 003:256.646 - 0.084ms returns 0xBD0
T2110 003:256.891 JLINK_WriteMem(0x20135F80, 0xBE0 Bytes, ...)
T2110 003:256.917   Data:  00 00 00 00 00 00 00 01 00 00 00 02 00 00 00 02 ...
T2110 003:256.944   completely In flash
T2110 003:256.968 - 0.077ms returns 0xBE0
T2110 003:257.214 JLINK_WriteMem(0x20136B60, 0xBD0 Bytes, ...)
T2110 003:257.239   Data:  98 24 89 03 85 04 84 00 83 1D 82 9D 00 88 00 8E ...
T2110 003:257.264   completely In flash
T2110 003:257.288 - 0.073ms returns 0xBD0
T2110 003:257.551 JLINK_WriteMem(0x20137730, 0xBD0 Bytes, ...)
T2110 003:257.588   Data:  00 00 00 01 C3 7A 00 00 F5 F5 F5 00 00 00 00 00 ...
T2110 003:257.616   completely In flash
T2110 003:257.642 - 0.091ms returns 0xBD0
T2110 003:257.892 JLINK_WriteMem(0x20138300, 0xBE0 Bytes, ...)
T2110 003:257.925   Data:  06 06 06 E6 05 06 06 E6 05 06 06 E6 06 06 05 E6 ...
T2110 003:257.954   completely In flash
T2110 003:257.984 - 0.093ms returns 0xBE0
T2110 003:258.240 JLINK_WriteMem(0x20138EE0, 0xBE0 Bytes, ...)
T2110 003:258.272   Data:  09 09 09 E6 09 09 09 E6 08 09 09 E6 09 08 09 E6 ...
T2110 003:258.305   completely In flash
T2110 003:258.332 - 0.092ms returns 0xBE0
T2110 003:258.571 JLINK_WriteMem(0x20139AC0, 0xBE0 Bytes, ...)
T2110 003:258.601   Data:  0D 0C 0C E6 0C 0C 0D E6 0C 0C 0C E6 0D 0C 0C E6 ...
T2110 003:258.632   completely In flash
T2110 003:258.659 - 0.087ms returns 0xBE0
T2110 003:258.900 JLINK_WriteMem(0x2013A6A0, 0xBE0 Bytes, ...)
T2110 003:258.927   Data:  0F 0F 0F E6 0F 0F 0F E6 0F 0F 10 E6 0F 0F 0F E6 ...
T2110 003:258.954   completely In flash
T2110 003:258.982 - 0.083ms returns 0xBE0
T2110 003:259.205 JLINK_WriteMem(0x2013B280, 0xBE0 Bytes, ...)
T2110 003:259.240   Data:  13 13 13 E6 13 13 14 E6 13 13 13 E6 13 13 14 E6 ...
T2110 003:259.267   completely In flash
T2110 003:259.291 - 0.086ms returns 0xBE0
T2110 003:259.511 JLINK_WriteMem(0x2013BE60, 0xBE0 Bytes, ...)
T2110 003:259.535   Data:  16 17 16 E6 17 16 17 E6 17 17 16 E6 16 17 16 E6 ...
T2110 003:259.561   completely In flash
T2110 003:259.586 - 0.075ms returns 0xBE0
T2110 003:259.906 JLINK_WriteMem(0x2013CA40, 0xBE0 Bytes, ...)
T2110 003:259.934   Data:  1B 1B 1A E6 1A 1B 1A E6 1B 1A 1A E6 1A 1A 1A E6 ...
T2110 003:259.960   completely In flash
T2110 003:259.985 - 0.078ms returns 0xBE0
T2110 003:260.330 JLINK_WriteMem(0x2013D620, 0xBD0 Bytes, ...)
T2110 003:260.356   Data:  1F 1F 1E E6 1F 1F 1E E6 1F 1F 1F E6 1F 1F 1E E6 ...
T2110 003:260.382   completely In flash
T2110 003:260.406 - 0.076ms returns 0xBD0
T2110 003:260.738 JLINK_WriteMem(0x2013E1F0, 0x820 Bytes, ...)
T2110 003:260.763   Data:  23 22 22 E6 22 23 22 E6 22 22 23 E6 22 22 22 E6 ...
T2110 003:260.787   completely In flash
T2110 003:260.811 - 0.073ms returns 0x820
T2110 003:261.180 JLINK_WriteMem(0x2013EA10, 0xB80 Bytes, ...)
T2110 003:261.214   Data:  24 25 25 E6 24 24 24 E6 25 25 24 E6 24 24 24 E6 ...
T2110 003:261.242   completely In flash
T2110 003:261.266 - 0.085ms returns 0xB80
T2110 003:261.615 JLINK_WriteMem(0x2013F590, 0x9D0 Bytes, ...)
T2110 003:261.637   Data:  28 28 28 E6 28 28 28 E6 29 28 28 E6 28 28 28 E6 ...
T2110 003:261.662   completely In flash
T2110 003:261.686 - 0.071ms returns 0x9D0
T2110 003:261.975 JLINK_WriteMem(0x2013FF60, 0xBE0 Bytes, ...)
T2110 003:262.002   Data:  2B 2C 2B E6 2C 2C 2C E6 2C 2C 2C E6 2C 2C 2B E6 ...
T2110 003:262.028   completely In flash
T2110 003:262.052 - 0.076ms returns 0xBE0
T2110 003:262.365 JLINK_WriteMem(0x20140B40, 0xBE0 Bytes, ...)
T2110 003:262.389   Data:  30 30 30 E6 2F 30 2F E6 30 30 30 E6 2F 30 2F E6 ...
T2110 003:262.416   completely In flash
T2110 003:262.440 - 0.074ms returns 0xBE0
T2110 003:262.699 JLINK_WriteMem(0x20141720, 0xBE0 Bytes, ...)
T2110 003:262.757   Data:  33 33 34 E6 33 34 34 E6 34 33 33 E6 33 33 33 E6 ...
T2110 003:262.796   completely In flash
T2110 003:262.829 - 0.131ms returns 0xBE0
T2110 003:263.160 JLINK_WriteMem(0x20142300, 0xBE0 Bytes, ...)
T2110 003:263.207   Data:  38 37 37 E6 38 38 37 E6 38 38 38 E6 37 37 37 E6 ...
T2110 003:263.233   completely In flash
T2110 003:263.257 - 0.097ms returns 0xBE0
T2110 003:263.558 JLINK_WriteMem(0x20142EE0, 0xBE0 Bytes, ...)
T2110 003:263.582   Data:  3B 3C 3C E6 3C 3B 3C E6 3C 3C 3C E6 3B 3C 3C E6 ...
T2110 003:264.127   completely In flash
T2110 003:264.189 - 0.630ms returns 0xBE0
T2110 003:264.598 JLINK_WriteMem(0x20143AC0, 0xBE0 Bytes, ...)
T2110 003:264.645   Data:  3F 3F 3F E6 40 3F 40 E6 3F 40 3F E6 40 40 40 E6 ...
T2110 003:264.671   completely In flash
T2110 003:264.696 - 0.098ms returns 0xBE0
T2110 003:265.076 JLINK_WriteMem(0x201446A0, 0xBE0 Bytes, ...)
T2110 003:265.122   Data:  44 43 43 E6 43 43 43 E6 44 44 43 E6 43 43 43 E6 ...
T2110 003:265.160   completely In flash
T2110 003:265.198 - 0.122ms returns 0xBE0
T2110 003:265.559 JLINK_WriteMem(0x20145280, 0xBE0 Bytes, ...)
T2110 003:265.609   Data:  00 00 00 15 00 00 00 0D 00 00 00 07 00 00 00 04 ...
T2110 003:265.634   completely In flash
T2110 003:265.659 - 0.101ms returns 0xBE0
T2110 003:265.963 JLINK_WriteMem(0x20145E60, 0xBE0 Bytes, ...)
T2110 003:265.989   Data:  4B 4A 4B E6 4A 4B 4A E6 4B 4A 4B E6 4B 4B 4B E6 ...
T2110 003:266.013   completely In flash
T2110 003:266.037 - 0.074ms returns 0xBE0
T2110 003:266.332 JLINK_WriteMem(0x20146A40, 0xBE0 Bytes, ...)
T2110 003:266.358   Data:  00 00 00 01 00 00 00 00 FF FF FF 00 00 00 00 00 ...
T2110 003:266.382   completely In flash
T2110 003:266.407 - 0.075ms returns 0xBE0
T2110 003:266.745 JLINK_WriteMem(0x20147620, 0xBE0 Bytes, ...)
T2110 003:266.807   Data:  52 51 51 E6 52 52 51 E6 51 51 51 E6 51 52 51 E6 ...
T2110 003:266.845   completely In flash
T2110 003:266.882 - 0.138ms returns 0xBE0
T2110 003:267.227 JLINK_WriteMem(0x20148200, 0xBE0 Bytes, ...)
T2110 003:267.278   Data:  55 55 55 E6 55 54 55 E6 55 55 55 E6 55 54 55 E6 ...
T2110 003:267.303   completely In flash
T2110 003:267.327 - 0.101ms returns 0xBE0
T2110 003:267.640 JLINK_WriteMem(0x20148DE0, 0xBE0 Bytes, ...)
T2110 003:267.669   Data:  00 00 00 03 00 00 00 01 00 00 00 01 C3 7A 00 00 ...
T2110 003:267.693   completely In flash
T2110 003:267.717 - 0.077ms returns 0xBE0
T2110 003:268.032 JLINK_WriteMem(0x201499C0, 0xBE0 Bytes, ...)
T2110 003:268.056   Data:  5B 5A 5B E6 5B 5B 5A E6 5D 5D 5D E6 67 66 67 E6 ...
T2110 003:268.081   completely In flash
T2110 003:268.104 - 0.072ms returns 0xBE0
T2110 003:268.402 JLINK_WriteMem(0x2014A5A0, 0xBE0 Bytes, ...)
T2110 003:268.428   Data:  5E 5E 5E E6 5E 5D 5D E6 5E 5E 5D E6 5D 5E 5E E6 ...
T2110 003:268.452   completely In flash
T2110 003:268.476 - 0.073ms returns 0xBE0
T2110 003:268.812 JLINK_WriteMem(0x2014B180, 0xBD0 Bytes, ...)
T2110 003:268.839   Data:  B0 6E 00 DD B1 6F 00 DF B8 73 00 EC C1 79 00 FC ...
T2110 003:268.865   completely In flash
T2110 003:268.888 - 0.076ms returns 0xBD0
T2110 003:269.271 JLINK_WriteMem(0x2014BD50, 0xBE0 Bytes, ...)
T2110 003:269.325   Data:  82 15 83 04 83 1A 0C 82 03 9A 00 8F 00 94 00 86 ...
T2110 003:269.362   completely In flash
T2110 003:269.396 - 0.124ms returns 0xBE0
T2110 003:269.851 JLINK_WriteMem(0x2014C930, 0xBD0 Bytes, ...)
T2110 003:269.915   Data:  C3 7A 00 3B C3 7A 00 37 C3 7A 00 34 C3 7A 00 30 ...
T2110 003:269.954   completely In flash
T2110 003:269.992 - 0.141ms returns 0xBD0
T2110 003:270.359 JLINK_WriteMem(0x2014D500, 0xBE0 Bytes, ...)
T2110 003:270.393   Data:  5F 5E 5E E0 5F 5F 5F E0 5F 5F 5F E0 5E 5F 5E E0 ...
T2110 003:270.418   completely In flash
T2110 003:270.443 - 0.084ms returns 0xBE0
T2110 003:270.742 JLINK_WriteMem(0x2014E0E0, 0xBE0 Bytes, ...)
T2110 003:270.767   Data:  5B 5C 5B E0 5B 5B 5C E0 5B 5C 5B E0 5C 5B 5B E0 ...
T2110 003:270.791   completely In flash
T2110 003:270.815 - 0.072ms returns 0xBE0
T2110 003:271.111 JLINK_WriteMem(0x2014ECC0, 0xBE0 Bytes, ...)
T2110 003:271.136   Data:  59 58 59 E0 59 59 58 E0 59 59 59 E0 59 59 58 E0 ...
T2110 003:271.160   completely In flash
T2110 003:271.184 - 0.073ms returns 0xBE0
T2110 003:271.733 JLINK_WriteMem(0x2014F8A0, 0xBE0 Bytes, ...)
T2110 003:271.814   Data:  56 57 56 E0 56 56 56 E0 56 57 56 E0 56 56 56 E0 ...
T2110 003:271.872   completely In flash
T2110 003:271.910 - 0.177ms returns 0xBE0
T2110 003:272.298 JLINK_WriteMem(0x20150480, 0xBE0 Bytes, ...)
T2110 003:272.338   Data:  53 53 53 E0 53 53 53 E0 53 52 53 E0 52 53 53 E0 ...
T2110 003:272.368   completely In flash
T2110 003:272.392 - 0.094ms returns 0xBE0
T2110 003:272.687 JLINK_WriteMem(0x20151060, 0xBE0 Bytes, ...)
T2110 003:272.707   Data:  C3 7A 00 04 C3 7A 00 02 C3 7A 00 01 C3 7A 00 00 ...
T2110 003:272.731   completely In flash
T2110 003:272.754 - 0.067ms returns 0xBE0
T2110 003:273.042 JLINK_WriteMem(0x20151C40, 0xBE0 Bytes, ...)
T2110 003:273.063   Data:  4C 4C 4C E0 4C 4C 4C E0 4B 4C 4C E0 4C 4C 4C E0 ...
T2110 003:273.090   completely In flash
T2110 003:273.114 - 0.072ms returns 0xBE0
T2110 003:273.396 JLINK_WriteMem(0x20152820, 0xBE0 Bytes, ...)
T2110 003:273.419   Data:  49 49 48 E0 49 48 49 E0 48 48 49 E0 48 49 48 E0 ...
T2110 003:273.447   completely In flash
T2110 003:273.473 - 0.078ms returns 0xBE0
T2110 003:273.757 JLINK_WriteMem(0x20153400, 0xBE0 Bytes, ...)
T2110 003:273.784   Data:  45 46 45 E0 44 44 44 E0 45 45 44 E0 44 45 44 E0 ...
T2110 003:273.809   completely In flash
T2110 003:273.834 - 0.077ms returns 0xBE0
T2110 003:274.119 JLINK_WriteMem(0x20153FE0, 0xBE0 Bytes, ...)
T2110 003:274.143   Data:  41 42 42 E0 41 42 41 E0 42 41 42 E0 57 58 57 E0 ...
T2110 003:274.170   completely In flash
T2110 003:274.195 - 0.075ms returns 0xBE0
T2110 003:274.476 JLINK_WriteMem(0x20154BC0, 0xBE0 Bytes, ...)
T2110 003:274.500   Data:  3D 3D 3D E0 3D 3D 3E E0 3D 3D 3D E0 3D 3D 3D E0 ...
T2110 003:274.526   completely In flash
T2110 003:274.551 - 0.075ms returns 0xBE0
T2110 003:274.848 JLINK_WriteMem(0x201557A0, 0xBE0 Bytes, ...)
T2110 003:274.879   Data:  3A 3A 39 E0 3A 39 39 E0 3A 3A 3A E0 39 39 39 E0 ...
T2110 003:274.910   completely In flash
T2110 003:274.939 - 0.090ms returns 0xBE0
T2110 003:275.253 JLINK_WriteMem(0x20156380, 0xBE0 Bytes, ...)
T2110 003:275.283   Data:  36 36 36 E0 36 36 36 E0 35 36 36 E0 36 35 36 E0 ...
T2110 003:275.310   completely In flash
T2110 003:275.335 - 0.081ms returns 0xBE0
T2110 003:275.668 JLINK_WriteMem(0x20156F60, 0xBE0 Bytes, ...)
T2110 003:275.694   Data:  31 31 31 E0 31 31 31 E0 32 31 32 E0 32 32 31 E0 ...
T2110 003:275.721   completely In flash
T2110 003:275.747 - 0.079ms returns 0xBE0
T2110 003:276.095 JLINK_WriteMem(0x20157B40, 0xAB0 Bytes, ...)
T2110 003:276.122   Data:  2E 2E 2D E0 2E 2D 2E E0 2D 2D 2E E0 2E 2D 2E E0 ...
T2110 003:276.150   completely In flash
T2110 003:276.175 - 0.079ms returns 0xAB0
T2110 003:276.519 JLINK_WriteMem(0x201585F0, 0xAF0 Bytes, ...)
T2110 003:276.596   Data:  34 34 34 E0 29 2A 29 E0 29 29 29 E0 29 2A 2A E0 ...
T2110 003:276.642   completely In flash
T2110 003:276.678 - 0.160ms returns 0xAF0
T2110 003:277.047 JLINK_WriteMem(0x201590E0, 0x950 Bytes, ...)
T2110 003:277.094   Data:  27 27 27 E0 27 27 26 E0 27 26 27 E0 27 26 27 E0 ...
T2110 003:277.119   completely In flash
T2110 003:277.143 - 0.096ms returns 0x950
T2110 003:277.486 JLINK_WriteMem(0x20159A30, 0xA50 Bytes, ...)
T2110 003:277.512   Data:  24 24 24 E0 23 24 23 E0 24 23 23 E0 23 24 24 E0 ...
T2110 003:277.543   completely In flash
T2110 003:277.567 - 0.081ms returns 0xA50
T2110 003:277.861 JLINK_WriteMem(0x2015A480, 0xBE0 Bytes, ...)
T2110 003:277.885   Data:  C3 7A 00 3D C3 7A 00 4E C3 7A 00 62 C3 7A 00 79 ...
T2110 003:277.911   completely In flash
T2110 003:277.935 - 0.073ms returns 0xBE0
T2110 003:278.232 JLINK_WriteMem(0x2015B060, 0xBE0 Bytes, ...)
T2110 003:278.257   Data:  1D 1C 1D E0 1C 1D 1C E0 1C 1C 1C E0 1C 1D 1D E0 ...
T2110 003:278.282   completely In flash
T2110 003:278.307 - 0.075ms returns 0xBE0
T2110 003:278.607 JLINK_WriteMem(0x2015BC40, 0xBE0 Bytes, ...)
T2110 003:278.633   Data:  C3 7A 00 98 C3 7A 00 72 C3 7A 00 5F C3 7A 00 4C ...
T2110 003:278.659   completely In flash
T2110 003:278.683 - 0.076ms returns 0xBE0
T2110 003:279.073 JLINK_WriteMem(0x2015C820, 0xBE0 Bytes, ...)
T2110 003:279.153   Data:  C3 7A 00 00 C3 7A 00 00 C3 7A 00 01 C3 7A 00 03 ...
T2110 003:279.199   completely In flash
T2110 003:279.235 - 0.163ms returns 0xBE0
T2110 003:279.582 JLINK_WriteMem(0x2015D400, 0xBE0 Bytes, ...)
T2110 003:279.628   Data:  11 11 12 E0 11 12 12 E0 11 12 11 E0 12 11 12 E0 ...
T2110 003:279.664   completely In flash
T2110 003:279.699 - 0.117ms returns 0xBE0
T2110 003:280.782 JLINK_WriteMem(0x2015DFE0, 0xBE0 Bytes, ...)
T2110 003:280.834   Data:  0F 0F 0E E0 0E 0E 0E E0 0E 0E 0E E0 0F 0E 0E E0 ...
T2110 003:280.868   completely In flash
T2110 003:280.893 - 0.111ms returns 0xBE0
T2110 003:281.318 JLINK_WriteMem(0x2015EBC0, 0xBE0 Bytes, ...)
T2110 003:281.352   Data:  0C 0C 0C E0 0C 0C 0B E0 0B 0B 0B E0 0B 0B 0C E0 ...
T2110 003:281.380   completely In flash
T2110 003:281.405 - 0.087ms returns 0xBE0
T2110 003:281.710 JLINK_WriteMem(0x2015F7A0, 0xBE0 Bytes, ...)
T2110 003:281.734   Data:  08 08 08 E0 08 08 09 E0 09 09 08 E0 08 09 08 E0 ...
T2110 003:281.762   completely In flash
T2110 003:281.786 - 0.077ms returns 0xBE0
T2110 003:282.125 JLINK_WriteMem(0x20160380, 0xBD0 Bytes, ...)
T2110 003:282.150   Data:  05 05 06 E0 05 06 05 E0 05 05 05 E0 05 06 05 E0 ...
T2110 003:282.174   completely In flash
T2110 003:282.199 - 0.074ms returns 0xBD0
T2110 003:282.557 JLINK_WriteMem(0x20160F50, 0xBD0 Bytes, ...)
T2110 003:282.616   Data:  C3 7A 00 0E C3 7A 00 0B C3 7A 00 07 C3 7A 00 05 ...
T2110 003:282.658   completely In flash
T2110 003:282.694 - 0.136ms returns 0xBD0
T2110 003:283.037 JLINK_WriteMem(0x20161B20, 0xBE0 Bytes, ...)
T2110 003:283.080   Data:  C3 7A 00 79 C3 7A 00 78 C3 7A 00 77 C3 7A 00 76 ...
T2110 003:283.119   completely In flash
T2110 003:283.154 - 0.117ms returns 0xBE0
T2110 003:283.487 JLINK_WriteMem(0x20162700, 0xBE0 Bytes, ...)
T2110 003:283.530   Data:  82 00 82 00 84 07 84 00 83 00 84 0E 83 06 82 02 ...
T2110 003:283.559   completely In flash
T2110 003:283.583 - 0.096ms returns 0xBE0
T2110 003:283.944 JLINK_WriteMem(0x201632E0, 0xBD0 Bytes, ...)
T2110 003:283.969   Data:  8C 8D 8C CC 8F 8F 8F CC 8A 8A 8A CC 85 85 85 CC ...
T2110 003:283.994   completely In flash
T2110 003:284.019 - 0.075ms returns 0xBD0
T2110 003:284.285 JLINK_WriteMem(0x20163EB0, 0xBE0 Bytes, ...)
T2110 003:284.334   Data:  5C 5C 5C CC 5D 5C 5C CC 5C 5C 5D CC 5C 5C 5C CC ...
T2110 003:284.365   completely In flash
T2110 003:284.389 - 0.105ms returns 0xBE0
T2110 003:284.690 JLINK_WriteMem(0x20164A90, 0xBE0 Bytes, ...)
T2110 003:284.744   Data:  5A 59 59 CC 59 59 5A CC 5A 5A 59 CC 5A 5A 5A CC ...
T2110 003:284.788   completely In flash
T2110 003:284.826 - 0.136ms returns 0xBE0
T2110 003:285.297 JLINK_WriteMem(0x20165670, 0xBE0 Bytes, ...)
T2110 003:285.353   Data:  00 00 00 03 00 00 00 02 00 00 00 01 00 00 00 01 ...
T2110 003:285.399   completely In flash
T2110 003:285.441 - 0.143ms returns 0xBE0
T2110 003:285.806 JLINK_WriteMem(0x20166250, 0xBE0 Bytes, ...)
T2110 003:285.845   Data:  53 53 53 CC 53 53 52 CC 52 53 53 CC 53 52 53 CC ...
T2110 003:285.877   completely In flash
T2110 003:285.912 - 0.106ms returns 0xBE0
T2110 003:286.197 JLINK_WriteMem(0x20166E30, 0xBE0 Bytes, ...)
T2110 003:286.230   Data:  4E 4E 4F CC 4F 4F 4F CC 4F 4E 4F CC 4E 4F 4F CC ...
T2110 003:286.259   completely In flash
T2110 003:286.284 - 0.087ms returns 0xBE0
T2110 003:286.654 JLINK_WriteMem(0x20167A10, 0xBE0 Bytes, ...)
T2110 003:286.691   Data:  4B 4C 4C CC 4B 4C 4B CC 4B 4B 4B CC 4B 4C 4C CC ...
T2110 003:286.732   completely In flash
T2110 003:286.770 - 0.116ms returns 0xBE0
T2110 003:287.106 JLINK_WriteMem(0x201685F0, 0xBE0 Bytes, ...)
T2110 003:287.148   Data:  47 48 48 CC 48 47 48 CC 48 48 48 CC 48 47 47 CC ...
T2110 003:287.982   completely In flash
T2110 003:288.114 - 1.007ms returns 0xBE0
T2110 003:288.883 JLINK_WriteMem(0x201691D0, 0xBE0 Bytes, ...)
T2110 003:288.976   Data:  44 43 44 CC 43 44 44 CC 44 43 44 CC 44 44 44 CC ...
T2110 003:289.025   completely In flash
T2110 003:289.065 - 0.183ms returns 0xBE0
T2110 003:289.662 JLINK_WriteMem(0x20169DB0, 0xBE0 Bytes, ...)
T2110 003:289.740   Data:  40 40 40 CC 41 40 40 CC 40 40 40 CC 40 40 40 CC ...
T2110 003:289.786   completely In flash
T2110 003:289.822 - 0.161ms returns 0xBE0
T2110 003:290.271 JLINK_WriteMem(0x2016A990, 0xBE0 Bytes, ...)
T2110 003:290.334   Data:  3D 3D 3D CC 3D 3D 3C CC 3C 3C 3C CC 3C 3C 3D CC ...
T2110 003:290.374   completely In flash
T2110 003:290.411 - 0.139ms returns 0xBE0
T2110 003:290.786 JLINK_WriteMem(0x2016B570, 0xBE0 Bytes, ...)
T2110 003:290.834   Data:  39 39 39 CC 39 38 39 CC 39 39 38 CC 38 39 38 CC ...
T2110 003:290.876   completely In flash
T2110 003:290.920 - 0.134ms returns 0xBE0
T2110 003:291.286 JLINK_WriteMem(0x2016C150, 0xBE0 Bytes, ...)
T2110 003:291.337   Data:  34 35 34 CC 35 34 34 CC 34 34 34 CC 35 34 34 CC ...
T2110 003:291.374   completely In flash
T2110 003:291.408 - 0.122ms returns 0xBE0
T2110 003:291.734 JLINK_WriteMem(0x2016CD30, 0xBE0 Bytes, ...)
T2110 003:291.768   Data:  30 31 31 CC 31 30 31 CC 31 30 30 CC 31 30 31 CC ...
T2110 003:291.796   completely In flash
T2110 003:291.822 - 0.088ms returns 0xBE0
T2110 003:292.283 JLINK_WriteMem(0x2016D910, 0x9D0 Bytes, ...)
T2110 003:292.326   Data:  2D 2D 2D CC 2D 2D 2D CC 2C 2D 2D CC 2D 2C 2D CC ...
T2110 003:292.385   completely In flash
T2110 003:292.426 - 0.144ms returns 0x9D0
T2110 003:292.714 JLINK_WriteMem(0x2016E2E0, 0xBE0 Bytes, ...)
T2110 003:292.758   Data:  29 29 29 CC 29 29 29 CC 36 36 36 CC 1C 1C 1C D7 ...
T2110 003:292.786   completely In flash
T2110 003:292.810 - 0.097ms returns 0xBE0
T2110 003:293.162 JLINK_WriteMem(0x2016EEC0, 0x800 Bytes, ...)
T2110 003:293.205   Data:  25 25 25 CC 25 25 26 CC 26 25 26 CC 25 25 26 CC ...
T2110 003:293.242   completely In flash
T2110 003:293.292 - 0.129ms returns 0x800
T2110 003:293.701 JLINK_WriteMem(0x2016F6C0, 0xBA0 Bytes, ...)
T2110 003:293.745   Data:  22 23 23 CC 23 23 23 CC 23 23 23 CC 23 22 23 CC ...
T2110 003:293.770   completely In flash
T2110 003:293.795 - 0.093ms returns 0xBA0
T2110 003:294.101 JLINK_WriteMem(0x20170260, 0xBE0 Bytes, ...)
T2110 003:294.128   Data:  00 00 00 08 00 00 00 0E 00 00 00 16 00 00 00 20 ...
T2110 003:294.153   completely In flash
T2110 003:294.179 - 0.078ms returns 0xBE0
T2110 003:294.502 JLINK_WriteMem(0x20170E40, 0xBE0 Bytes, ...)
T2110 003:294.534   Data:  00 00 00 00 FF FF FF 00 00 00 00 00 00 00 00 01 ...
T2110 003:294.559   completely In flash
T2110 003:294.584 - 0.082ms returns 0xBE0
T2110 003:294.828 JLINK_WriteMem(0x20171A20, 0xBE0 Bytes, ...)
T2110 003:294.873   Data:  18 17 17 CC 18 17 18 CC 17 17 18 CC 17 17 17 CC ...
T2110 003:294.900   completely In flash
T2110 003:294.924 - 0.097ms returns 0xBE0
T2110 003:295.255 JLINK_WriteMem(0x20172600, 0xBE0 Bytes, ...)
T2110 003:295.302   Data:  14 14 14 CC 13 14 14 CC 14 14 13 CC 13 14 13 CC ...
T2110 003:295.328   completely In flash
T2110 003:295.353 - 0.098ms returns 0xBE0
T2110 003:295.660 JLINK_WriteMem(0x201731E0, 0xBE0 Bytes, ...)
T2110 003:295.681   Data:  10 11 11 CC 10 10 11 CC 11 11 11 CC 14 14 14 CC ...
T2110 003:295.706   completely In flash
T2110 003:295.732 - 0.072ms returns 0xBE0
T2110 003:296.035 JLINK_WriteMem(0x20173DC0, 0xBE0 Bytes, ...)
T2110 003:296.059   Data:  0D 0D 0D CC 0E 0E 0D CC 14 15 14 CC 29 29 29 D1 ...
T2110 003:296.083   completely In flash
T2110 003:296.107 - 0.072ms returns 0xBE0
T2110 003:296.442 JLINK_WriteMem(0x201749A0, 0xBD0 Bytes, ...)
T2110 003:296.470   Data:  00 00 00 11 00 00 00 17 00 00 00 1F 00 00 00 28 ...
T2110 003:296.496   completely In flash
T2110 003:296.520 - 0.078ms returns 0xBD0
T2110 003:296.865 JLINK_WriteMem(0x20175570, 0xBD0 Bytes, ...)
T2110 003:296.892   Data:  07 06 06 CC 06 07 07 CC 06 07 06 CC 07 06 06 CC ...
T2110 003:296.918   completely In flash
T2110 003:296.942 - 0.076ms returns 0xBD0
T2110 003:297.276 JLINK_WriteMem(0x20176140, 0xBD0 Bytes, ...)
T2110 003:297.304   Data:  00 00 00 00 00 00 00 01 00 00 00 01 00 00 00 02 ...
T2110 003:297.331   completely In flash
T2110 003:297.355 - 0.079ms returns 0xBD0
T2110 003:297.696 JLINK_WriteMem(0x20176D10, 0xBC0 Bytes, ...)
T2110 003:297.720   Data:  01 01 01 E6 01 01 01 BE 01 01 01 90 00 00 00 67 ...
T2110 003:297.744   completely In flash
T2110 003:297.770 - 0.073ms returns 0xBC0
T2110 003:298.056 JLINK_WriteMem(0x201778D0, 0xBC0 Bytes, ...)
T2110 003:298.078   Data:  19 CF 7D E1 26 D2 85 67 FF FF FF 00 FF FF FF 00 ...
T2110 003:298.103   completely In flash
T2110 003:298.127 - 0.071ms returns 0xBC0
T2110 003:298.386 JLINK_WriteMem(0x20178490, 0xBD0 Bytes, ...)
T2110 003:298.432   Data:  17 CF 7C 00 17 CF 7C BF 23 D1 83 87 FF FF FF 0A ...
T2110 003:298.457   completely In flash
T2110 003:298.481 - 0.095ms returns 0xBD0
T2110 003:298.853 JLINK_WriteMem(0x20179060, 0xBC0 Bytes, ...)
T2110 003:298.879   Data:  86 01 87 05 86 01 86 86 01 87 06 85 01 86 86 01 ...
T2110 003:298.903   completely In flash
T2110 003:298.927 - 0.074ms returns 0xBC0
T2110 003:299.258 JLINK_WriteMem(0x20179C20, 0xBC0 Bytes, ...)
T2110 003:299.280   Data:  FF FF FF 00 17 CF 7C BF 39 D6 8F 4B FF FF FF 05 ...
T2110 003:299.304   completely In flash
T2110 003:299.328 - 0.069ms returns 0xBC0
T2110 003:299.657 JLINK_WriteMem(0x2017A7E0, 0xBD0 Bytes, ...)
T2110 003:299.679   Data:  FF FF FF 10 FF FF FF 01 17 CF 7C 00 1D D0 80 93 ...
T2110 003:299.704   completely In flash
T2110 003:299.728 - 0.070ms returns 0xBD0
T2110 003:300.106 JLINK_WriteMem(0x2017B3B0, 0xBD0 Bytes, ...)
T2110 003:300.148   Data:  FF FF FF 00 FF FF FF 05 17 CF 7C 00 17 CF 7C 80 ...
T2110 003:300.174   completely In flash
T2110 003:300.198 - 0.091ms returns 0xBD0
T2110 003:300.510 JLINK_WriteMem(0x2017BF80, 0xBD0 Bytes, ...)
T2110 003:300.542   Data:  04 90 84 86 03 84 98 05 90 84 86 05 99 06 91 84 ...
T2110 003:300.567   completely In flash
T2110 003:300.591 - 0.082ms returns 0xBD0
T2110 003:300.842 JLINK_WriteMem(0x2017CB50, 0xBD0 Bytes, ...)
T2110 003:300.866   Data:  17 CF 7C 00 17 CF 7C 60 17 CF 7C FF 27 D2 85 8A ...
T2110 003:300.890   completely In flash
T2110 003:300.914 - 0.072ms returns 0xBD0
T2110 003:301.123 JLINK_WriteMem(0x2017D720, 0xBE0 Bytes, ...)
T2110 003:301.147   Data:  F5 B3 44 00 F5 B3 44 00 FF FF FF 00 FF FF FF 00 ...
T2110 003:301.183   completely In flash
T2110 003:301.208 - 0.085ms returns 0xBE0
T2110 003:301.480 JLINK_WriteMem(0x2017E300, 0xBE0 Bytes, ...)
T2110 003:301.516   Data:  85 8B 8C 82 01 82 99 00 82 01 83 8B 8C 08 99 05 ...
T2110 003:301.541   completely In flash
T2110 003:301.565 - 0.084ms returns 0xBE0
T2110 003:301.799 JLINK_WriteMem(0x2017EEE0, 0xBD0 Bytes, ...)
T2110 003:301.823   Data:  CC 85 0D 4F F5 B3 44 05 C3 7A 00 00 C4 7B 01 31 ...
T2110 003:301.848   completely In flash
T2110 003:301.871 - 0.072ms returns 0xBD0
T2110 003:302.094 JLINK_WriteMem(0x2017FAB0, 0xBD0 Bytes, ...)
T2110 003:302.115   Data:  3A D6 90 5E 22 D1 82 A7 18 CF 7D F0 17 CF 7C FF ...
T2110 003:302.138   completely In flash
T2110 003:302.162 - 0.068ms returns 0xBD0
T2110 003:302.381 JLINK_WriteMem(0x20180680, 0xBC0 Bytes, ...)
T2110 003:302.402   Data:  02 99 03 90 8F 82 02 99 03 90 8F 82 02 99 03 90 ...
T2110 003:302.425   completely In flash
T2110 003:302.449 - 0.068ms returns 0xBC0
T2110 003:302.673 JLINK_WriteMem(0x20181240, 0xBD0 Bytes, ...)
T2110 003:302.694   Data:  FF FF FF 05 76 E3 B1 1B 1E D1 80 B5 17 CF 7C FF ...
T2110 003:302.718   completely In flash
T2110 003:302.742 - 0.069ms returns 0xBD0
T2110 003:302.964 JLINK_WriteMem(0x20181E10, 0xBC0 Bytes, ...)
T2110 003:302.985   Data:  1F 02 F8 FF 14 15 DE FF 18 10 FB FF 21 1A F7 FF ...
T2110 003:303.009   completely In flash
T2110 003:303.033 - 0.068ms returns 0xBC0
T2110 003:303.259 JLINK_WriteMem(0x201829D0, 0xBD0 Bytes, ...)
T2110 003:303.283   Data:  49 49 49 FF 3C 3C 3C FF 34 34 34 FF 12 12 12 FF ...
T2110 003:303.306   completely In flash
T2110 003:303.330 - 0.071ms returns 0xBD0
T2110 003:303.604 JLINK_WriteMem(0x201835A0, 0xBE0 Bytes, ...)
T2110 003:303.640   Data:  01 90 03 9C 88 02 8F 01 8F 04 9C 88 03 9F 04 9D ...
T2110 003:303.664   completely In flash
T2110 003:303.689 - 0.085ms returns 0xBE0
T2110 003:303.903 JLINK_WriteMem(0x20184180, 0xBE0 Bytes, ...)
T2110 003:303.930   Data:  00 00 00 00 FF FF FF 80 FF FF FF FF FF FF FF 80 ...
T2110 003:303.954   completely In flash
T2110 003:303.977 - 0.074ms returns 0xBE0
T2110 003:304.190 JLINK_WriteMem(0x20184D60, 0xBE0 Bytes, ...)
T2110 003:304.212   Data:  FF FF FF DF 00 00 00 00 FF FF FF 70 FF FF FF FF ...
T2110 003:304.236   completely In flash
T2110 003:304.259 - 0.069ms returns 0xBE0
T2110 003:304.531 JLINK_WriteMem(0x20185940, 0xBE0 Bytes, ...)
T2110 003:304.567   Data:  FF FF FF 80 FF FF FF FF 00 00 00 00 FF FF FF 10 ...
T2110 003:304.593   completely In flash
T2110 003:304.653 - 0.121ms returns 0xBE0
T2110 003:304.990 JLINK_WriteMem(0x20186520, 0xBE0 Bytes, ...)
T2110 003:305.022   Data:  FF FF FF EF FF FF FF 10 00 00 00 00 FF FF FF FF ...
T2110 003:305.048   completely In flash
T2110 003:305.070 - 0.080ms returns 0xBE0
T2110 003:305.278 JLINK_WriteMem(0x20187100, 0xBE0 Bytes, ...)
T2110 003:305.298   Data:  FF FF FF 40 00 00 00 00 FF FF FF 70 FF FF FF FF ...
T2110 003:305.322   completely In flash
T2110 003:305.347 - 0.070ms returns 0xBE0
T2110 003:306.020 JLINK_WriteMem(0x20187CE0, 0xBE0 Bytes, ...)
T2110 003:306.051   Data:  FF FF FF 40 00 00 00 00 00 00 00 00 FF FF FF EF ...
T2110 003:306.075   completely In flash
T2110 003:306.100 - 0.079ms returns 0xBE0
T2110 003:306.386 JLINK_WriteMem(0x201888C0, 0xBE0 Bytes, ...)
T2110 003:306.417   Data:  95 03 89 03 95 96 00 82 00 86 82 00 96 97 04 83 ...
T2110 003:306.443   completely In flash
T2110 003:306.467 - 0.081ms returns 0xBE0
T2110 003:306.671 JLINK_WriteMem(0x201894A0, 0xBE0 Bytes, ...)
T2110 003:306.696   Data:  8A 8A 06 97 02 8A 8A 06 97 02 8A 8B 05 97 01 8B ...
T2110 003:306.719   completely In flash
T2110 003:306.741 - 0.070ms returns 0xBE0
T2110 003:306.948 JLINK_WriteMem(0x2018A080, 0xBE0 Bytes, ...)
T2110 003:306.968   Data:  00 8E 00 87 00 A0 03 96 03 FA 03 01 83 00 8A 02 ...
T2110 003:306.991   completely In flash
T2110 003:307.014 - 0.066ms returns 0xBE0
T2110 003:307.210 JLINK_WriteMem(0x2018AC60, 0xBE0 Bytes, ...)
T2110 003:307.230   Data:  FF FF FF 25 FF FF FF 0C 3F 3F 3F E8 40 40 40 E9 ...
T2110 003:307.254   completely In flash
T2110 003:307.277 - 0.066ms returns 0xBE0
T2110 003:307.554 JLINK_WriteMem(0x2018B840, 0xA30 Bytes, ...)
T2110 003:307.584   Data:  2E 2E 2E E8 2E 2E 2D E8 2E 2E 2E E8 2E 2E 2D E8 ...
T2110 003:307.608   completely In flash
T2110 003:307.633 - 0.079ms returns 0xA30
T2110 003:307.869 JLINK_WriteMem(0x2018C270, 0xB70 Bytes, ...)
T2110 003:307.898   Data:  23 23 23 E8 22 22 22 E8 22 22 22 E8 23 23 22 E8 ...
T2110 003:307.921   completely In flash
T2110 003:307.944 - 0.075ms returns 0xB70
T2110 003:308.148 JLINK_WriteMem(0x2018CDE0, 0xBE0 Bytes, ...)
T2110 003:308.169   Data:  1B 1C 1C E8 1C 1C 1C E8 1B 1C 1C E8 1C 1C 1C E8 ...
T2110 003:308.192   completely In flash
T2110 003:308.215 - 0.067ms returns 0xBE0
T2110 003:308.454 JLINK_WriteMem(0x2018D9C0, 0xBE0 Bytes, ...)
T2110 003:308.484   Data:  04 04 03 E3 04 03 03 E3 03 04 03 E3 04 04 04 E3 ...
T2110 003:308.520   completely In flash
T2110 003:308.546 - 0.092ms returns 0xBE0
T2110 003:308.759 JLINK_WriteMem(0x2018E5A0, 0xBE0 Bytes, ...)
T2110 003:308.785   Data:  08 07 08 E3 07 07 08 E3 07 07 07 E3 07 08 07 E3 ...
T2110 003:308.811   completely In flash
T2110 003:308.835 - 0.076ms returns 0xBE0
T2110 003:309.038 JLINK_WriteMem(0x2018F180, 0xBE0 Bytes, ...)
T2110 003:309.060   Data:  4F 4E 4F D2 4E 4E 4E D2 4E 4E 4E D2 4F 4E 4F D2 ...
T2110 003:309.083   completely In flash
T2110 003:309.107 - 0.069ms returns 0xBE0
T2110 003:309.308 JLINK_WriteMem(0x2018FD60, 0xBE0 Bytes, ...)
T2110 003:309.329   Data:  43 44 43 D2 44 43 43 D2 44 43 44 D2 44 43 44 D2 ...
T2110 003:309.356   completely In flash
T2110 003:309.383 - 0.075ms returns 0xBE0
T2110 003:309.588 JLINK_WriteMem(0x20190940, 0xBE0 Bytes, ...)
T2110 003:309.611   Data:  3C 3C 3C D2 3D 3C 3D D2 3C 3D 3C D2 3C 3C 3D D2 ...
T2110 003:309.636   completely In flash
T2110 003:309.660 - 0.072ms returns 0xBE0
T2110 003:309.898 JLINK_WriteMem(0x20191520, 0x9D0 Bytes, ...)
T2110 003:309.922   Data:  FF FF FF 0C 2A 2A 2A D2 2B 2B 2A D2 2B 2B 2A D2 ...
T2110 003:309.946   completely In flash
T2110 003:309.970 - 0.072ms returns 0x9D0
T2110 003:310.212 JLINK_WriteMem(0x20191EF0, 0xB70 Bytes, ...)
T2110 003:310.239   Data:  22 23 23 D2 23 22 22 D2 22 22 22 D2 22 22 23 D2 ...
T2110 003:310.827   completely In flash
T2110 003:310.880 - 0.669ms returns 0xB70
T2110 003:311.161 JLINK_WriteMem(0x20192A60, 0xBE0 Bytes, ...)
T2110 003:311.181   Data:  00 01 00 C8 00 01 00 C8 00 00 00 C8 00 00 01 C8 ...
T2110 003:311.205   completely In flash
T2110 003:311.227 - 0.066ms returns 0xBE0
T2110 003:311.463 JLINK_WriteMem(0x20193640, 0xBE0 Bytes, ...)
T2110 003:311.491   Data:  05 05 05 C8 05 04 04 C8 05 05 04 C8 05 05 05 C8 ...
T2110 003:311.514   completely In flash
T2110 003:311.536 - 0.072ms returns 0xBE0
T2110 003:311.730 JLINK_WriteMem(0x20194220, 0xBE0 Bytes, ...)
T2110 003:311.754   Data:  0A 0A 0A C8 0A 09 0A C8 0A 09 09 C8 09 09 09 C8 ...
T2110 003:311.776   completely In flash
T2110 003:311.798 - 0.068ms returns 0xBE0
T2110 003:311.995 JLINK_WriteMem(0x20194E00, 0xBA0 Bytes, ...)
T2110 003:312.014   Data:  EC A9 93 EA A3 5B BC 0C 38 FE DD 8C E6 5C D7 DD ...
T2110 003:312.045   completely In flash
T2110 003:312.067 - 0.072ms returns 0xBA0
T2110 003:312.277 JLINK_WriteMem(0x201959A0, 0xBC0 Bytes, ...)
T2110 003:312.296   Data:  AB 93 A1 BD 40 53 6A 82 32 AD 91 10 2E 1F 9C B0 ...
T2110 003:312.318   completely In flash
T2110 003:312.341 - 0.064ms returns 0xBC0
T2110 003:312.554 JLINK_WriteMem(0x20196560, 0xBA0 Bytes, ...)
T2110 003:312.573   Data:  40 99 69 08 05 44 0C 05 24 40 32 4A 10 08 98 80 ...
T2110 003:312.598   completely In flash
T2110 003:312.682 - 0.128ms returns 0xBA0
T2110 003:312.903 JLINK_WriteMem(0x20197100, 0xBB0 Bytes, ...)
T2110 003:312.922   Data:  06 AA A4 EF 8F C3 EE EE E5 A6 AF CE 1F E1 5C B9 ...
T2110 003:312.945   completely In flash
T2110 003:312.967 - 0.064ms returns 0xBB0
T2110 003:313.177 JLINK_WriteMem(0x20197CB0, 0xBA0 Bytes, ...)
T2110 003:313.209   Data:  8D DB D4 F9 1E EC 57 DB E8 D7 F8 51 F1 BA AF E4 ...
T2110 003:313.232   completely In flash
T2110 003:313.255 - 0.077ms returns 0xBA0
T2110 003:313.520 JLINK_WriteMem(0x20198850, 0xBA0 Bytes, ...)
T2110 003:313.549   Data:  B4 84 DF 59 E8 1E 72 AB 22 2A 1F A0 FE AF B8 B8 ...
T2110 003:313.573   completely In flash
T2110 003:313.596 - 0.075ms returns 0xBA0
T2110 003:313.808 JLINK_WriteMem(0x201993F0, 0xBB0 Bytes, ...)
T2110 003:313.830   Data:  08 A6 A1 A4 90 81 F0 2C B3 4A A4 B4 94 2E 92 35 ...
T2110 003:313.853   completely In flash
T2110 003:313.875 - 0.067ms returns 0xBB0
T2110 003:314.086 JLINK_WriteMem(0x20199FA0, 0xBC0 Bytes, ...)
T2110 003:314.106   Data:  21 D9 B5 C5 96 1F 02 5E 75 EA C4 79 F3 6E 38 FB ...
T2110 003:314.128   completely In flash
T2110 003:314.151 - 0.065ms returns 0xBC0
T2110 003:314.362 JLINK_WriteMem(0x2019AB60, 0xBB0 Bytes, ...)
T2110 003:314.384   Data:  0A 8C 57 46 5F 56 41 F8 70 20 7F 59 0D 41 74 69 ...
T2110 003:314.407   completely In flash
T2110 003:314.429 - 0.067ms returns 0xBB0
T2110 003:314.641 JLINK_WriteMem(0x2019B710, 0xBA0 Bytes, ...)
T2110 003:314.661   Data:  EC F8 84 06 4B B9 61 4C F2 55 87 D2 5B 45 23 31 ...
T2110 003:314.683   completely In flash
T2110 003:314.706 - 0.064ms returns 0xBA0
T2110 003:314.914 JLINK_WriteMem(0x2019C2B0, 0xBA0 Bytes, ...)
T2110 003:314.933   Data:  BB 5B 97 14 6E A9 99 44 09 61 20 41 8C 86 61 BC ...
T2110 003:314.956   completely In flash
T2110 003:314.978 - 0.064ms returns 0xBA0
T2110 003:315.186 JLINK_WriteMem(0x2019CE50, 0xBB0 Bytes, ...)
T2110 003:315.206   Data:  8A 13 8C 29 9A 84 46 9C A0 4E 58 86 CF 8A AD 36 ...
T2110 003:315.228   completely In flash
T2110 003:315.250 - 0.064ms returns 0xBB0
T2110 003:315.501 JLINK_WriteMem(0x2019DA00, 0xBC0 Bytes, ...)
T2110 003:315.531   Data:  06 11 D9 A0 06 6D A8 E6 9A FA 78 88 1C BC FC 51 ...
T2110 003:315.553   completely In flash
T2110 003:315.576 - 0.075ms returns 0xBC0
T2110 003:315.790 JLINK_WriteMem(0x2019E5C0, 0xBC0 Bytes, ...)
T2110 003:315.813   Data:  3B 4B A8 8E 26 13 84 FC 71 0D E4 5D 6B 8A FE 47 ...
T2110 003:315.836   completely In flash
T2110 003:315.858 - 0.068ms returns 0xBC0
T2110 003:316.070 JLINK_WriteMem(0x2019F180, 0xBA0 Bytes, ...)
T2110 003:316.090   Data:  E0 40 8A CF EF C8 F1 A3 35 28 89 35 F1 EB 2C 4B ...
T2110 003:316.112   completely In flash
T2110 003:316.135 - 0.064ms returns 0xBA0
T2110 003:316.346 JLINK_WriteMem(0x2019FD20, 0xBB0 Bytes, ...)
T2110 003:316.367   Data:  AA 0C DB 2C 92 AD 6B A6 99 2F 83 72 8F 71 6A 4C ...
T2110 003:316.397   completely In flash
T2110 003:316.429 - 0.085ms returns 0xBB0
T2110 003:316.754 JLINK_WriteMem(0x201A08D0, 0xBB0 Bytes, ...)
T2110 003:316.789   Data:  DB 34 B6 A2 EB 7A 95 4D 4D 40 91 13 D6 04 96 0F ...
T2110 003:316.813   completely In flash
T2110 003:316.837 - 0.082ms returns 0xBB0
T2110 003:317.223 JLINK_WriteMem(0x201A1480, 0xBC0 Bytes, ...)
T2110 003:317.283   Data:  BC F3 5E C9 EE 32 81 4E 4D 29 CC 9E 02 9E 19 72 ...
T2110 003:317.332   completely In flash
T2110 003:317.380 - 0.158ms returns 0xBC0
T2110 003:317.650 JLINK_WriteMem(0x201A2040, 0xBE0 Bytes, ...)
T2110 003:317.678   Data:  FF FF FF 00 FF FF FF 02 FF FF FF 7C FF FF FF A6 ...
T2110 003:317.701   completely In flash
T2110 003:317.723 - 0.073ms returns 0xBE0
T2110 003:318.215 JLINK_WriteMem(0x201A2C20, 0xBE0 Bytes, ...)
T2110 003:318.267   Data:  FF FF FF AF FF FF FF FF FF FF FF EF 00 00 00 00 ...
T2110 003:318.320   completely In flash
T2110 003:318.374 - 0.159ms returns 0xBE0
T2110 003:318.644 JLINK_WriteMem(0x201A3800, 0xBE0 Bytes, ...)
T2110 003:318.670   Data:  00 00 00 00 FF FF FF FF FF FF FF 80 00 00 00 00 ...
T2110 003:318.694   completely In flash
T2110 003:318.761 - 0.117ms returns 0xBE0
T2110 003:319.237 JLINK_WriteMem(0x201A43E0, 0xBE0 Bytes, ...)
T2110 003:319.292   Data:  FF FF FF 80 FF FF FF 80 FF FF FF 78 FF FF FF 30 ...
T2110 003:319.343   completely In flash
T2110 003:319.393 - 0.156ms returns 0xBE0
T2110 003:319.664 JLINK_WriteMem(0x201A4FC0, 0xBE0 Bytes, ...)
T2110 003:319.692   Data:  83 02 8C 02 86 02 8B 01 88 02 8A 01 89 01 8A 01 ...
T2110 003:319.725   completely In flash
T2110 003:319.748 - 0.084ms returns 0xBE0
T2110 003:320.265 JLINK_WriteMem(0x201A5BA0, 0xBD0 Bytes, ...)
T2110 003:320.313   Data:  00 00 00 00 FF FF FF A4 FF FF FF 28 00 00 00 00 ...
T2110 003:320.363   completely In flash
T2110 003:320.413 - 0.148ms returns 0xBD0
T2110 003:320.676 JLINK_WriteMem(0x201A6770, 0xBE0 Bytes, ...)
T2110 003:320.703   Data:  FF FF FF 78 00 00 00 00 FF FF FF 28 FF FF FF 40 ...
T2110 003:320.726   completely In flash
T2110 003:320.748 - 0.071ms returns 0xBE0
T2110 003:321.290 JLINK_WriteMem(0x201A7350, 0xB60 Bytes, ...)
T2110 003:321.319   Data:  3D 3D 3D E4 3E 3D 3E E4 3D 3E 3D E4 3D 3E 3D E4 ...
T2110 003:321.343   completely In flash
T2110 003:321.366 - 0.076ms returns 0xB60
T2110 003:321.606 JLINK_WriteMem(0x201A7EB0, 0xBE0 Bytes, ...)
T2110 003:321.631   Data:  00 00 00 DE 01 00 01 DE 00 01 00 DE 01 00 01 DE ...
T2110 003:321.654   completely In flash
T2110 003:321.676 - 0.070ms returns 0xBE0
T2110 003:321.890 JLINK_WriteMem(0x201A8A90, 0xBE0 Bytes, ...)
T2110 003:321.919   Data:  09 09 0A DE 0A 09 0A DE 0A 09 0A DE 09 09 0A DE ...
T2110 003:321.942   completely In flash
T2110 003:321.964 - 0.074ms returns 0xBE0
T2110 003:322.167 JLINK_WriteMem(0x201A9670, 0xAE0 Bytes, ...)
T2110 003:322.186   Data:  FF FF FF 0C 3C 3C 3C D2 3D 3C 3D D2 3C 3C 3B D2 ...
T2110 003:322.208   completely In flash
T2110 003:322.230 - 0.063ms returns 0xAE0
T2110 003:322.412 JLINK_WriteMem(0x201AA150, 0xBE0 Bytes, ...)
T2110 003:322.430   Data:  00 01 01 C8 00 00 00 C8 01 00 00 C8 00 01 01 C8 ...
T2110 003:322.453   completely In flash
T2110 003:322.475 - 0.063ms returns 0xBE0
T2110 003:322.675 JLINK_WriteMem(0x201AAD30, 0xBD0 Bytes, ...)
T2110 003:322.696   Data:  0A 0A 0A C8 0A 09 0A C8 0A 0A 0A C8 0A 0A 09 C8 ...
T2110 003:322.719   completely In flash
T2110 003:322.741 - 0.065ms returns 0xBD0
T2110 003:322.942 JLINK_WriteMem(0x201AB900, 0xBD0 Bytes, ...)
T2110 003:322.961   Data:  CF CF CF 76 00 00 00 00 FF FF FF BF FF FF FF 24 ...
T2110 003:322.984   completely In flash
T2110 003:323.007 - 0.064ms returns 0xBD0
T2110 003:323.186 JLINK_WriteMem(0x201AC4D0, 0xBE0 Bytes, ...)
T2110 003:323.204   Data:  00 00 00 39 00 00 00 00 C7 C7 C7 89 FE FE FE B4 ...
T2110 003:323.227   completely In flash
T2110 003:323.249 - 0.063ms returns 0xBE0
T2110 003:323.448 JLINK_WriteMem(0x201AD0B0, 0xBD0 Bytes, ...)
T2110 003:323.467   Data:  00 00 00 00 00 00 00 00 00 00 00 00 C5 C5 C5 00 ...
T2110 003:323.489   completely In flash
T2110 003:323.511 - 0.063ms returns 0xBD0
T2110 003:323.693 JLINK_WriteMem(0x201ADC80, 0xBE0 Bytes, ...)
T2110 003:323.712   Data:  4F 64 69 D1 A2 A6 A7 FF BB B9 B8 FF C0 BE BD FF ...
T2110 003:323.734   completely In flash
T2110 003:323.757 - 0.064ms returns 0xBE0
T2110 003:323.937 JLINK_WriteMem(0x201AE860, 0xBE0 Bytes, ...)
T2110 003:323.956   Data:  00 00 00 CB 00 00 00 CB 00 00 00 CB 00 00 00 CB ...
T2110 003:323.978   completely In flash
T2110 003:324.000 - 0.063ms returns 0xBE0
T2110 003:324.178 JLINK_WriteMem(0x201AF440, 0xBE0 Bytes, ...)
T2110 003:324.197   Data:  00 00 00 80 00 00 00 80 00 00 00 80 00 00 00 80 ...
T2110 003:324.219   completely In flash
T2110 003:324.242 - 0.064ms returns 0xBE0
T2110 003:324.421 JLINK_WriteMem(0x201B0020, 0xBE0 Bytes, ...)
T2110 003:324.440   Data:  00 00 00 80 00 00 00 80 00 00 00 80 00 00 00 80 ...
T2110 003:324.462   completely In flash
T2110 003:324.484 - 0.063ms returns 0xBE0
T2110 003:324.664 JLINK_WriteMem(0x201B0C00, 0xBE0 Bytes, ...)
T2110 003:324.684   Data:  00 00 00 C6 00 00 00 C6 00 00 00 C6 00 00 00 C6 ...
T2110 003:324.706   completely In flash
T2110 003:324.769 - 0.104ms returns 0xBE0
T2110 003:324.954 JLINK_WriteMem(0x201B17E0, 0xBE0 Bytes, ...)
T2110 003:324.974   Data:  FF FF FF 00 FF FF FF 00 FF FF FF 00 FF FF FF 78 ...
T2110 003:324.997   completely In flash
T2110 003:325.019 - 0.064ms returns 0xBE0
T2110 003:325.200 JLINK_WriteMem(0x201B23C0, 0xBE0 Bytes, ...)
T2110 003:325.218   Data:  01 87 01 83 84 01 01 87 01 83 84 01 01 87 01 83 ...
T2110 003:325.241   completely In flash
T2110 003:325.263 - 0.063ms returns 0xBE0
T2110 003:325.443 JLINK_WriteMem(0x201B2FA0, 0xBE0 Bytes, ...)
T2110 003:325.462   Data:  BE BE 00 82 00 BE BE 00 82 00 BE BE 00 82 00 BE ...
T2110 003:325.484   completely In flash
T2110 003:325.506 - 0.063ms returns 0xBE0
T2110 003:325.713 JLINK_WriteMem(0x201B3B80, 0xBE0 Bytes, ...)
T2110 003:325.747   Data:  00 00 00 00 00 00 00 00 00 40 F6 C6 00 3C E6 8E ...
T2110 003:325.771   completely In flash
T2110 003:325.794 - 0.081ms returns 0xBE0
T2110 003:325.988 JLINK_WriteMem(0x201B4760, 0xBE0 Bytes, ...)
T2110 003:326.008   Data:  00 00 00 C5 00 00 00 C5 00 00 00 C5 00 00 00 C5 ...
T2110 003:326.035   completely In flash
T2110 003:326.058 - 0.070ms returns 0xBE0
T2110 003:326.266 JLINK_WriteMem(0x201B5340, 0xBE0 Bytes, ...)
T2110 003:326.295   Data:  00 00 00 99 00 00 00 99 00 00 00 99 00 00 00 99 ...
T2110 003:326.330   completely In flash
T2110 003:326.364 - 0.098ms returns 0xBE0
T2110 003:326.628 JLINK_WriteMem(0x201B5F20, 0xBE0 Bytes, ...)
T2110 003:326.656   Data:  00 00 00 99 00 00 00 99 00 00 00 99 00 00 00 99 ...
T2110 003:326.694   completely In flash
T2110 003:326.728 - 0.100ms returns 0xBE0
T2110 003:326.976 JLINK_WriteMem(0x201B6B00, 0xBE0 Bytes, ...)
T2110 003:327.007   Data:  B0 E9 39 40 00 00 00 00 1E 00 00 00 1C 02 18 1E ...
T2110 003:327.048   completely In flash
T2110 003:327.085 - 0.109ms returns 0xBE0
T2110 003:327.346 JLINK_WriteMem(0x201B76E0, 0xBE0 Bytes, ...)
T2110 003:327.381   Data:  FD FF FF A9 00 00 00 00 8E FF FF FF 2F 00 00 00 ...
T2110 003:327.428   completely In flash
T2110 003:327.470 - 0.123ms returns 0xBE0
T2110 003:327.844 JLINK_WriteMem(0x201B82C0, 0xBE0 Bytes, ...)
T2110 003:327.893   Data:  00 00 00 06 52 A1 D3 ED FB F2 E0 B2 78 1F 00 00 ...
T2110 003:327.937   completely In flash
T2110 003:327.980 - 0.135ms returns 0xBE0
T2110 003:328.260 JLINK_WriteMem(0x201B8EA0, 0xBE0 Bytes, ...)
T2110 003:328.305   Data:  FD FF FF FE 36 5A FF FF C0 51 17 06 20 79 F6 FF ...
T2110 003:328.353   completely In flash
T2110 003:328.398 - 0.138ms returns 0xBE0
T2110 003:328.727 JLINK_WriteMem(0x201B9A80, 0xBD0 Bytes, ...)
T2110 003:328.764   Data:  FF FF 84 00 00 00 28 FF FB AC 5C 24 0B 06 18 46 ...
T2110 003:328.812   completely In flash
T2110 003:328.860 - 0.134ms returns 0xBD0
T2110 003:329.133 JLINK_WriteMem(0x201BA650, 0xBE0 Bytes, ...)
T2110 003:329.172   Data:  FF FF CB 0B 00 00 00 00 00 00 2E E4 FF FF FF FF ...
T2110 003:329.222   completely In flash
T2110 003:329.268 - 0.135ms returns 0xBE0
T2110 003:329.542 JLINK_WriteMem(0x201BB230, 0xBE0 Bytes, ...)
T2110 003:329.579   Data:  00 00 00 C4 FF FF FF 34 00 00 00 00 00 00 00 00 ...
T2110 003:329.626   completely In flash
T2110 003:329.670 - 0.128ms returns 0xBE0
T2110 003:329.950 JLINK_WriteMem(0x201BBE10, 0xBE0 Bytes, ...)
T2110 003:329.987   Data:  FF FF 70 00 00 00 00 00 00 00 00 00 00 00 00 00 ...
T2110 003:330.034   completely In flash
T2110 003:330.079 - 0.128ms returns 0xBE0
T2110 003:330.464 JLINK_WriteMem(0x201BC9F0, 0xBE0 Bytes, ...)
T2110 003:330.526   Data:  90 00 00 00 00 00 00 00 00 00 00 00 00 00 00 00 ...
T2110 003:330.579   completely In flash
T2110 003:330.633 - 0.169ms returns 0xBE0
T2110 003:331.764 JLINK_WriteMem(0x201BD5D0, 0xBE0 Bytes, ...)
T2110 003:331.798   Data:  00 00 00 3C FF FF FF 9C 14 FF FF FF C0 00 00 00 ...
T2110 003:331.824   completely In flash
T2110 003:331.848 - 0.084ms returns 0xBE0
T2110 003:332.199 JLINK_WriteMem(0x201BE1B0, 0xBE0 Bytes, ...)
T2110 003:332.236   Data:  70 BC FD FF FF FF F4 00 00 00 00 4E FE FF FF FF ...
T2110 003:332.272   completely In flash
T2110 003:332.378 - 0.179ms returns 0xBE0
T2110 003:332.641 JLINK_WriteMem(0x201BED90, 0xBE0 Bytes, ...)
T2110 003:332.684   Data:  05 F5 FF FF FF 36 00 00 00 00 00 00 00 00 00 00 ...
T2110 003:332.718   completely In flash
T2110 003:332.741 - 0.099ms returns 0xBE0
T2110 003:333.000 JLINK_WriteMem(0x201BF970, 0xBE0 Bytes, ...)
T2110 003:333.027   Data:  FF FF FF F5 09 1E 91 08 00 00 00 00 00 00 00 00 ...
T2110 003:333.057   completely In flash
T2110 003:333.086 - 0.086ms returns 0xBE0
T2110 003:333.338 JLINK_WriteMem(0x201C0550, 0xBE0 Bytes, ...)
T2110 003:333.366   Data:  00 00 00 00 00 00 31 CA FF FF FF FF FF FF FF FF ...
T2110 003:333.391   completely In flash
T2110 003:333.418 - 0.080ms returns 0xBE0
T2110 003:333.830 JLINK_WriteMem(0x201C1130, 0xBE0 Bytes, ...)
T2110 003:333.874   Data:  00 00 00 00 00 E8 FF FF FF FF FF FF FF D2 47 01 ...
T2110 003:334.578   completely In flash
T2110 003:334.636 - 0.806ms returns 0xBE0
T2110 003:334.964 JLINK_WriteMem(0x201C1D10, 0xBE0 Bytes, ...)
T2110 003:335.001   Data:  FF FF FF 48 00 00 00 00 00 00 00 00 00 00 00 E0 ...
T2110 003:335.048   completely In flash
T2110 003:335.077 - 0.113ms returns 0xBE0
T2110 003:335.320 JLINK_WriteMem(0x201C28F0, 0xBE0 Bytes, ...)
T2110 003:335.351   Data:  00 00 92 FF FF 8A 00 00 00 00 00 00 6C FF FF B1 ...
T2110 003:335.383   completely In flash
T2110 003:335.406 - 0.087ms returns 0xBE0
T2110 003:335.669 JLINK_WriteMem(0x201C34D0, 0xBD0 Bytes, ...)
T2110 003:335.696   Data:  07 00 01 00 03 00 04 08 68 39 3A 40 00 00 00 00 ...
T2110 003:335.719   completely In flash
T2110 003:335.741 - 0.072ms returns 0xBD0
T2110 003:335.972 JLINK_WriteMem(0x201C40A0, 0xBE0 Bytes, ...)
T2110 003:336.000   Data:  00 00 00 00 46 CD 00 00 00 00 00 05 D3 89 19 12 ...
T2110 003:336.023   completely In flash
T2110 003:336.046 - 0.074ms returns 0xBE0
T2110 003:336.274 JLINK_WriteMem(0x201C4C80, 0xBE0 Bytes, ...)
T2110 003:336.298   Data:  00 27 FF DA 00 00 00 00 00 00 00 14 FF E3 00 00 ...
T2110 003:336.321   completely In flash
T2110 003:336.343 - 0.069ms returns 0xBE0
T2110 003:336.598 JLINK_WriteMem(0x201C5860, 0xBE0 Bytes, ...)
T2110 003:336.625   Data:  FF 0C 00 00 00 EC FF 0C 00 00 00 EC FF 0C 00 00 ...
T2110 003:336.648   completely In flash
T2110 003:336.670 - 0.072ms returns 0xBE0
T2110 003:336.897 JLINK_WriteMem(0x201C6440, 0xBE0 Bytes, ...)
T2110 003:336.920   Data:  FF F4 0C 00 00 00 00 00 00 00 07 ED FF 4C 01 DE ...
T2110 003:336.954   completely In flash
T2110 003:336.977 - 0.080ms returns 0xBE0
T2110 003:337.202 JLINK_WriteMem(0x201C7020, 0xBE0 Bytes, ...)
T2110 003:337.227   Data:  C8 FF 64 D8 FF 54 00 00 00 00 00 00 00 C8 FF 64 ...
T2110 003:337.250   completely In flash
T2110 003:337.272 - 0.069ms returns 0xBE0
T2110 003:337.501 JLINK_WriteMem(0x201C7C00, 0xBE0 Bytes, ...)
T2110 003:337.525   Data:  00 00 01 DC FF 5A 00 00 00 00 00 00 00 00 43 FF ...
T2110 003:337.548   completely In flash
T2110 003:337.571 - 0.070ms returns 0xBE0
T2110 003:337.797 JLINK_WriteMem(0x201C87E0, 0xBE0 Bytes, ...)
T2110 003:337.823   Data:  00 00 00 00 00 00 CC EC 02 00 01 EA CD 00 00 00 ...
T2110 003:337.867   completely In flash
T2110 003:337.898 - 0.100ms returns 0xBE0
T2110 003:338.151 JLINK_WriteMem(0x201C93C0, 0xBE0 Bytes, ...)
T2110 003:338.190   Data:  FF FF FF FF FF FF FF 74 03 E1 FF EC 07 00 00 00 ...
T2110 003:338.225   completely In flash
T2110 003:338.254 - 0.102ms returns 0xBE0
T2110 003:338.558 JLINK_WriteMem(0x201C9FA0, 0xBE0 Bytes, ...)
T2110 003:338.591   Data:  3B FF FF AC 00 00 00 00 00 00 00 00 52 FF FF 9A ...
T2110 003:338.618   completely In flash
T2110 003:338.719 - 0.161ms returns 0xBE0
T2110 003:339.022 JLINK_WriteMem(0x201CAB80, 0xBE0 Bytes, ...)
T2110 003:339.059   Data:  00 00 00 02 DC FF FF 50 00 C4 FF FF 8C 00 00 00 ...
T2110 003:339.083   completely In flash
T2110 003:339.106 - 0.083ms returns 0xBE0
T2110 003:339.347 JLINK_WriteMem(0x201CB760, 0xBE0 Bytes, ...)
T2110 003:339.381   Data:  D1 FF FF 58 00 00 00 00 00 00 00 00 74 FF FF B8 ...
T2110 003:339.428   completely In flash
T2110 003:339.517 - 0.169ms returns 0xBE0
T2110 003:339.819 JLINK_WriteMem(0x201CC340, 0xBE0 Bytes, ...)
T2110 003:339.854   Data:  00 00 00 00 00 00 00 00 00 00 00 39 FF FF E4 47 ...
T2110 003:339.878   completely In flash
T2110 003:339.902 - 0.083ms returns 0xBE0
T2110 003:340.139 JLINK_WriteMem(0x201CCF20, 0xBE0 Bytes, ...)
T2110 003:340.165   Data:  10 FF FF E8 10 FF FF E8 10 FF FF E8 10 FF FF E8 ...
T2110 003:340.191   completely In flash
T2110 003:340.213 - 0.073ms returns 0xBE0
T2110 003:340.512 JLINK_WriteMem(0x201CDB00, 0xBE0 Bytes, ...)
T2110 003:340.547   Data:  00 00 00 00 00 00 00 2A FF FF C7 00 00 00 00 00 ...
T2110 003:340.571   completely In flash
T2110 003:340.593 - 0.082ms returns 0xBE0
T2110 003:340.837 JLINK_WriteMem(0x201CE6E0, 0xBE0 Bytes, ...)
T2110 003:340.865   Data:  FF FB 17 00 00 00 00 00 00 00 00 00 00 57 FF FF ...
T2110 003:340.888   completely In flash
T2110 003:340.914 - 0.076ms returns 0xBE0
T2110 003:341.228 JLINK_WriteMem(0x201CF2C0, 0xBD0 Bytes, ...)
T2110 003:341.262   Data:  D4 FF FF FF FF FF FF FF FF FF FF FF FF FF FF FF ...
T2110 003:341.286   completely In flash
T2110 003:341.308 - 0.081ms returns 0xBD0
T2110 003:341.575 JLINK_WriteMem(0x201CFE90, 0xBE0 Bytes, ...)
T2110 003:341.601   Data:  5D 00 00 00 50 09 3B 5D 98 86 3B 40 00 00 00 00 ...
T2110 003:341.624   completely In flash
T2110 003:341.647 - 0.072ms returns 0xBE0
T2110 003:341.940 JLINK_WriteMem(0x201D0A70, 0xBE0 Bytes, ...)
T2110 003:341.975   Data:  00 00 00 00 00 49 FF FF FF FF FF FF FF FF FF FF ...
T2110 003:341.999   completely In flash
T2110 003:342.022 - 0.081ms returns 0xBE0
T2110 003:342.256 JLINK_WriteMem(0x201D1650, 0xBE0 Bytes, ...)
T2110 003:342.281   Data:  00 00 00 00 02 33 75 B7 F3 FF FF FF FF FF FF FF ...
T2110 003:342.309   completely In flash
T2110 003:342.332 - 0.075ms returns 0xBE0
T2110 003:342.633 JLINK_WriteMem(0x201D2230, 0xBE0 Bytes, ...)
T2110 003:342.668   Data:  FF FF FF FF FF FF FF FF FF FF FF FF FF FF FF FF ...
T2110 003:342.692   completely In flash
T2110 003:342.715 - 0.081ms returns 0xBE0
T2110 003:342.945 JLINK_WriteMem(0x201D2E10, 0xBE0 Bytes, ...)
T2110 003:342.970   Data:  97 72 46 1A 00 00 00 00 00 00 00 00 00 00 00 00 ...
T2110 003:342.993   completely In flash
T2110 003:343.015 - 0.070ms returns 0xBE0
T2110 003:343.245 JLINK_WriteMem(0x201D39F0, 0xBE0 Bytes, ...)
T2110 003:343.271   Data:  00 00 00 00 00 00 00 00 00 00 00 00 00 00 00 00 ...
T2110 003:343.295   completely In flash
T2110 003:343.317 - 0.072ms returns 0xBE0
T2110 003:343.558 JLINK_WriteMem(0x201D45D0, 0xBE0 Bytes, ...)
T2110 003:343.583   Data:  B5 7D 59 35 1C 11 05 05 0E 1A 34 4E 77 A3 D7 FF ...
T2110 003:343.606   completely In flash
T2110 003:343.628 - 0.070ms returns 0xBE0
T2110 003:343.856 JLINK_WriteMem(0x201D51B0, 0xBE0 Bytes, ...)
T2110 003:343.882   Data:  00 BB FF FF FF FF FF FF FF FF FF FF FF FF FF 99 ...
T2110 003:343.906   completely In flash
T2110 003:343.928 - 0.072ms returns 0xBE0
T2110 003:344.154 JLINK_WriteMem(0x201D5D90, 0xBE0 Bytes, ...)
T2110 003:344.177   Data:  FF FF FF C8 00 00 00 00 00 00 00 00 00 00 00 00 ...
T2110 003:344.200   completely In flash
T2110 003:344.222 - 0.068ms returns 0xBE0
T2110 003:344.450 JLINK_WriteMem(0x201D6970, 0xBE0 Bytes, ...)
T2110 003:344.476   Data:  FF FF FF FF FF FF FF 96 00 00 00 00 00 00 00 00 ...
T2110 003:344.510   completely In flash
T2110 003:344.533 - 0.082ms returns 0xBE0
T2110 003:344.761 JLINK_WriteMem(0x201D7550, 0xBE0 Bytes, ...)
T2110 003:344.785   Data:  FF FF FF FF FF FF FF D1 05 00 00 00 C4 FF FF FF ...
T2110 003:344.808   completely In flash
T2110 003:344.830 - 0.070ms returns 0xBE0
T2110 003:345.059 JLINK_WriteMem(0x201D8130, 0xBE0 Bytes, ...)
T2110 003:345.084   Data:  FF FF FF FF FF FF FF FF FF FF FF FF 84 E4 FF FF ...
T2110 003:345.106   completely In flash
T2110 003:345.129 - 0.070ms returns 0xBE0
T2110 003:345.359 JLINK_WriteMem(0x201D8D10, 0xBE0 Bytes, ...)
T2110 003:345.383   Data:  FF FF FF FF FF FF FF FF FF FF FF DF 00 00 00 00 ...
T2110 003:345.458   completely In flash
T2110 003:345.484 - 0.124ms returns 0xBE0
T2110 003:345.710 JLINK_WriteMem(0x201D98F0, 0xBE0 Bytes, ...)
T2110 003:345.736   Data:  00 00 00 00 00 00 00 00 00 00 00 00 D6 FF FF FF ...
T2110 003:345.759   completely In flash
T2110 003:345.781 - 0.071ms returns 0xBE0
T2110 003:346.011 JLINK_WriteMem(0x201DA4D0, 0xBE0 Bytes, ...)
T2110 003:346.036   Data:  00 00 00 00 00 00 00 00 00 00 00 00 00 00 00 00 ...
T2110 003:346.059   completely In flash
T2110 003:346.082 - 0.070ms returns 0xBE0
T2110 003:346.306 JLINK_WriteMem(0x201DB0B0, 0xBE0 Bytes, ...)
T2110 003:346.333   Data:  00 00 00 00 00 00 00 00 00 00 00 00 00 00 00 00 ...
T2110 003:346.356   completely In flash
T2110 003:346.378 - 0.071ms returns 0xBE0
T2110 003:346.604 JLINK_WriteMem(0x201DBC90, 0xBE0 Bytes, ...)
T2110 003:346.628   Data:  00 00 00 00 00 00 00 00 00 00 00 00 00 00 00 00 ...
T2110 003:346.651   completely In flash
T2110 003:346.674 - 0.069ms returns 0xBE0
T2110 003:346.900 JLINK_WriteMem(0x201DC870, 0xBE0 Bytes, ...)
T2110 003:346.924   Data:  00 00 00 00 00 00 00 00 00 00 00 00 00 00 00 00 ...
T2110 003:346.947   completely In flash
T2110 003:346.970 - 0.069ms returns 0xBE0
T2110 003:347.198 JLINK_WriteMem(0x201DD450, 0xBE0 Bytes, ...)
T2110 003:347.222   Data:  00 00 00 00 00 00 00 00 00 00 00 00 00 00 00 00 ...
T2110 003:347.245   completely In flash
T2110 003:347.267 - 0.069ms returns 0xBE0
T2110 003:347.589 JLINK_WriteMem(0x201DE030, 0xBA0 Bytes, ...)
T2110 003:347.624   Data:  F0 0E 3D 40 00 00 00 00 24 00 00 00 14 07 06 24 ...
T2110 003:347.648   completely In flash
T2110 003:347.671 - 0.082ms returns 0xBA0
T2110 003:347.924 JLINK_WriteMem(0x201DEBD0, 0xBE0 Bytes, ...)
T2110 003:347.957   Data:  00 00 00 13 62 9E C4 E3 EE F9 FF 90 00 00 00 00 ...
T2110 003:347.992   completely In flash
T2110 003:348.024 - 0.100ms returns 0xBE0
T2110 003:348.270 JLINK_WriteMem(0x201DF7B0, 0xBE0 Bytes, ...)
T2110 003:348.301   Data:  00 00 6B FF FF FF FF D4 0A 78 FF FF FF FF CA 06 ...
T2110 003:348.324   completely In flash
T2110 003:348.348 - 0.077ms returns 0xBE0
T2110 003:348.582 JLINK_WriteMem(0x201E0390, 0xBE0 Bytes, ...)
T2110 003:348.610   Data:  00 00 00 00 00 00 00 00 00 5C FF FF FF FF 28 00 ...
T2110 003:348.633   completely In flash
T2110 003:348.658 - 0.076ms returns 0xBE0
T2110 003:348.895 JLINK_WriteMem(0x201E0F70, 0xBE0 Bytes, ...)
T2110 003:348.922   Data:  FF FF FF FF FF FF FF FF FF FF FF FF FF FF 6E 00 ...
T2110 003:348.946   completely In flash
T2110 003:348.969 - 0.074ms returns 0xBE0
T2110 003:349.196 JLINK_WriteMem(0x201E1B50, 0xBE0 Bytes, ...)
T2110 003:349.223   Data:  FF 34 48 FF FF FF FF 34 48 FF FF FF FF 34 48 FF ...
T2110 003:349.247   completely In flash
T2110 003:349.270 - 0.073ms returns 0xBE0
T2110 003:349.498 JLINK_WriteMem(0x201E2730, 0xBE0 Bytes, ...)
T2110 003:349.523   Data:  00 00 00 00 00 00 00 00 00 00 00 00 62 FF FF FF ...
T2110 003:349.546   completely In flash
T2110 003:349.568 - 0.070ms returns 0xBE0
T2110 003:349.807 JLINK_WriteMem(0x201E3310, 0xBE0 Bytes, ...)
T2110 003:349.831   Data:  0D 0C 28 72 DC FF FF FF AD FF FF FF FF 34 00 00 ...
T2110 003:349.854   completely In flash
T2110 003:349.877 - 0.070ms returns 0xBE0
T2110 003:350.120 JLINK_WriteMem(0x201E3EF0, 0xBD0 Bytes, ...)
T2110 003:350.145   Data:  00 00 58 FD FF FF FF D1 18 00 00 00 00 00 00 00 ...
T2110 003:350.167   completely In flash
T2110 003:350.190 - 0.070ms returns 0xBD0
T2110 003:350.413 JLINK_WriteMem(0x201E4AC0, 0xBE0 Bytes, ...)
T2110 003:350.436   Data:  97 00 00 00 00 00 00 00 00 00 00 00 00 00 00 19 ...
T2110 003:350.459   completely In flash
T2110 003:350.482 - 0.068ms returns 0xBE0
T2110 003:350.708 JLINK_WriteMem(0x201E56A0, 0xBE0 Bytes, ...)
T2110 003:350.732   Data:  FF 58 00 00 00 00 00 00 00 00 00 A6 FF FF FF FF ...
T2110 003:350.755   completely In flash
T2110 003:350.777 - 0.069ms returns 0xBE0
T2110 003:351.002 JLINK_WriteMem(0x201E6280, 0xBE0 Bytes, ...)
T2110 003:351.026   Data:  1B D4 FF FF FF FF FF FF FF FF FF FF FF FF FF FF ...
T2110 003:351.091   completely In flash
T2110 003:351.114 - 0.111ms returns 0xBE0
T2110 003:351.356 JLINK_WriteMem(0x201E6E60, 0xBE0 Bytes, ...)
T2110 003:351.380   Data:  00 00 00 00 18 FF FF FF FF D8 00 00 00 00 00 00 ...
T2110 003:351.416   completely In flash
T2110 003:351.439 - 0.083ms returns 0xBE0
T2110 003:351.668 JLINK_WriteMem(0x201E7A40, 0xBE0 Bytes, ...)
T2110 003:351.693   Data:  FF FF FF 40 00 00 00 00 00 00 00 00 00 00 00 00 ...
T2110 003:351.716   completely In flash
T2110 003:351.738 - 0.070ms returns 0xBE0
T2110 003:351.966 JLINK_WriteMem(0x201E8620, 0xBE0 Bytes, ...)
T2110 003:351.990   Data:  FF FF FF 40 18 FF FF FF FF B0 00 00 00 00 00 00 ...
T2110 003:352.013   completely In flash
T2110 003:352.036 - 0.069ms returns 0xBE0
T2110 003:352.259 JLINK_WriteMem(0x201E9200, 0xBE0 Bytes, ...)
T2110 003:352.282   Data:  FF D8 18 FF FF FF FF D8 18 FF FF FF FF D8 00 00 ...
T2110 003:352.305   completely In flash
T2110 003:352.328 - 0.069ms returns 0xBE0
T2110 003:352.556 JLINK_WriteMem(0x201E9DE0, 0xBE0 Bytes, ...)
T2110 003:352.579   Data:  FF FF FF D8 00 00 00 00 00 00 00 00 00 00 00 00 ...
T2110 003:352.601   completely In flash
T2110 003:352.624 - 0.068ms returns 0xBE0
T2110 003:352.849 JLINK_WriteMem(0x201EA9C0, 0xBE0 Bytes, ...)
T2110 003:352.872   Data:  00 00 00 00 00 00 00 00 00 00 00 00 00 45 FF FF ...
T2110 003:352.897   completely In flash
T2110 003:352.920 - 0.071ms returns 0xBE0
T2110 003:353.145 JLINK_WriteMem(0x201EB5A0, 0xBE0 Bytes, ...)
T2110 003:353.168   Data:  FF DC 06 00 00 00 00 00 00 00 00 3D D4 FF FF FF ...
T2110 003:353.191   completely In flash
T2110 003:353.214 - 0.069ms returns 0xBE0
T2110 003:353.458 JLINK_WriteMem(0x201EC180, 0xBD0 Bytes, ...)
T2110 003:353.482   Data:  B4 FF FF FF FF FF FF FF FF FF FF FF FF FF FF FF ...
T2110 003:353.506   completely In flash
T2110 003:353.528 - 0.070ms returns 0xBD0
T2110 003:353.762 JLINK_WriteMem(0x201ECD50, 0xBE0 Bytes, ...)
T2110 003:353.786   Data:  FF FF FF FF 65 00 00 5C FF FF FF FF 81 00 00 00 ...
T2110 003:353.809   completely In flash
T2110 003:353.832 - 0.070ms returns 0xBE0
T2110 003:354.056 JLINK_WriteMem(0x201ED930, 0xBE0 Bytes, ...)
T2110 003:354.079   Data:  FA 21 00 00 00 00 00 00 00 00 00 00 00 00 00 00 ...
T2110 003:354.102   completely In flash
T2110 003:354.124 - 0.068ms returns 0xBE0
T2110 003:354.351 JLINK_WriteMem(0x201EE510, 0xBC0 Bytes, ...)
T2110 003:354.374   Data:  FF FF FF DB 1A 00 00 00 00 00 00 00 00 00 00 00 ...
T2110 003:354.397   completely In flash
T2110 003:354.424 - 0.073ms returns 0xBC0
T2110 003:354.703 JLINK_WriteMem(0x201EF0D0, 0xBE0 Bytes, ...)
T2110 003:354.734   Data:  00 00 00 00 00 1C FF FF FF FF 00 00 00 00 00 00 ...
T2110 003:354.764   completely In flash
T2110 003:354.791 - 0.088ms returns 0xBE0
T2110 003:355.047 JLINK_WriteMem(0x201EFCB0, 0xBE0 Bytes, ...)
T2110 003:355.080   Data:  00 00 00 00 00 11 F4 FF FF FF EE 1E 00 00 00 00 ...
T2110 003:355.104   completely In flash
T2110 003:355.127 - 0.079ms returns 0xBE0
T2110 003:355.371 JLINK_WriteMem(0x201F0890, 0xBD0 Bytes, ...)
T2110 003:355.398   Data:  00 00 00 00 00 00 00 00 00 67 FF FF FF FF FF FF ...
T2110 003:355.421   completely In flash
T2110 003:355.444 - 0.073ms returns 0xBD0
T2110 003:355.694 JLINK_WriteMem(0x201F1460, 0xBE0 Bytes, ...)
T2110 003:355.720   Data:  09 00 00 00 09 00 09 09 08 22 3D 40 00 00 00 00 ...
T2110 003:355.743   completely In flash
T2110 003:355.766 - 0.072ms returns 0xBE0
T2110 003:355.995 JLINK_WriteMem(0x201F2040, 0xBE0 Bytes, ...)
T2110 003:356.021   Data:  B9 82 00 00 00 00 4F E8 04 59 DF 01 00 00 00 AC ...
T2110 003:356.043   completely In flash
T2110 003:356.066 - 0.071ms returns 0xBE0
T2110 003:356.312 JLINK_WriteMem(0x201F2C20, 0xBC0 Bytes, ...)
T2110 003:356.336   Data:  88 10 00 00 00 00 88 10 00 00 00 00 00 00 00 00 ...
T2110 003:356.360   completely In flash
T2110 003:356.382 - 0.070ms returns 0xBC0
T2110 003:356.610 JLINK_WriteMem(0x201F37E0, 0xBD0 Bytes, ...)
T2110 003:356.636   Data:  00 36 3D 40 00 00 00 00 00 00 00 00 00 00 00 00 ...
T2110 003:356.701   completely In flash
T2110 003:356.724 - 0.114ms returns 0xBD0
T2110 003:357.317 JLINK_WriteMem(0x201F43B0, 0xBC0 Bytes, ...)
T2110 003:357.344   Data:  00 00 00 00 00 00 00 00 00 00 00 00 00 00 00 00 ...
T2110 003:357.369   completely In flash
T2110 003:357.392 - 0.075ms returns 0xBC0
T2110 003:357.678 JLINK_WriteMem(0x201F4F70, 0xBC0 Bytes, ...)
T2110 003:357.707   Data:  90 4D 3D 40 00 00 00 00 00 00 00 00 00 00 00 00 ...
T2110 003:357.730   completely In flash
T2110 003:357.752 - 0.074ms returns 0xBC0
T2110 003:358.005 JLINK_WriteMem(0x201F5B30, 0xBC0 Bytes, ...)
T2110 003:358.033   Data:  61 01 44 00 70 01 53 00 58 59 3D 40 00 00 00 00 ...
T2110 003:358.056   completely In flash
T2110 003:358.078 - 0.072ms returns 0xBC0
T2110 003:358.306 JLINK_WriteMem(0x201F66F0, 0xBD0 Bytes, ...)
T2110 003:358.330   Data:  00 00 00 00 00 00 00 00 66 00 A3 00 71 00 AC 00 ...
T2110 003:359.561   completely In flash
T2110 003:359.598 - 1.292ms returns 0xBD0
T2110 003:359.898 JLINK_WriteMem(0x201F72C0, 0xBC0 Bytes, ...)
T2110 003:359.926   Data:  CA 01 42 00 18 02 4E 00 E8 70 3D 40 00 00 00 00 ...
T2110 003:359.949   completely In flash
T2110 003:359.972 - 0.073ms returns 0xBC0
T2110 003:360.260 JLINK_WriteMem(0x201F7E80, 0xBC0 Bytes, ...)
T2110 003:360.290   Data:  20 5C 20 40 00 00 00 00 00 00 00 00 7F 02 DF 01 ...
T2110 003:360.317   completely In flash
T2110 003:360.344 - 0.083ms returns 0xBC0
T2110 003:360.594 JLINK_WriteMem(0x201F8A40, 0xBC0 Bytes, ...)
T2110 003:360.619   Data:  00 00 00 00 00 00 00 00 00 00 00 00 00 00 00 00 ...
T2110 003:360.643   completely In flash
T2110 003:360.665 - 0.071ms returns 0xBC0
T2110 003:360.912 JLINK_WriteMem(0x201F9600, 0xBC0 Bytes, ...)
T2110 003:360.937   Data:  34 53 20 40 00 00 00 00 00 00 00 00 00 00 00 00 ...
T2110 003:360.960   completely In flash
T2110 003:360.982 - 0.070ms returns 0xBC0
T2110 003:361.231 JLINK_WriteMem(0x201FA1C0, 0xBD0 Bytes, ...)
T2110 003:361.256   Data:  1A 00 00 00 00 00 00 00 78 54 20 40 00 00 00 00 ...
T2110 003:361.279   completely In flash
T2110 003:361.300 - 0.070ms returns 0xBD0
T2110 003:361.527 JLINK_WriteMem(0x201FAD90, 0xBE0 Bytes, ...)
T2110 003:361.551   Data:  00 00 00 00 00 00 00 00 00 00 00 00 00 00 00 00 ...
T2110 003:361.574   completely In flash
T2110 003:361.596 - 0.069ms returns 0xBE0
T2110 003:361.836 JLINK_WriteMem(0x201FB970, 0xBE0 Bytes, ...)
T2110 003:361.861   Data:  09 00 04 00 0A 00 09 0D D8 BB 3D 40 00 00 00 00 ...
T2110 003:361.885   completely In flash
T2110 003:361.907 - 0.071ms returns 0xBE0
T2110 003:362.134 JLINK_WriteMem(0x201FC550, 0xBE0 Bytes, ...)
T2110 003:362.158   Data:  50 D0 00 00 50 D0 00 00 50 D0 00 00 50 D0 00 00 ...
T2110 003:362.180   completely In flash
T2110 003:362.203 - 0.069ms returns 0xBE0
T2110 003:362.450 JLINK_WriteMem(0x201FD130, 0xBD0 Bytes, ...)
T2110 003:362.474   Data:  00 C9 93 00 00 00 00 D8 91 00 1F FF 4A 00 00 00 ...
T2110 003:362.497   completely In flash
T2110 003:362.520 - 0.070ms returns 0xBD0
T2110 003:362.859 JLINK_WriteMem(0x201FDD00, 0xBB0 Bytes, ...)
T2110 003:362.893   Data:  7B 03 00 00 87 03 00 00 94 03 00 00 A1 03 00 00 ...
T2110 003:362.918   completely In flash
T2110 003:362.940 - 0.082ms returns 0xBB0
T2110 003:363.324 JLINK_WriteMem(0x201FE8B0, 0xBB0 Bytes, ...)
T2110 003:363.369   Data:  47 81 00 00 47 C1 00 00 48 01 00 00 49 01 00 00 ...
T2110 003:363.394   completely In flash
T2110 003:363.420 - 0.097ms returns 0xBB0
T2110 003:363.758 JLINK_WriteMem(0x201FF460, 0xBD0 Bytes, ...)
T2110 003:363.792   Data:  50 21 39 40 00 00 00 00 20 0B 39 40 00 00 00 00 ...
T2110 003:364.094   completely In flash
T2110 003:366.161 - 2.401ms returns 0xBD0
T2110 003:366.810 JLINK_WriteMem(0x20200030, 0xBE0 Bytes, ...)
T2110 003:366.887   Data:  41 00 00 00 09 00 00 00 05 00 00 00 06 00 00 00 ...
T2110 003:366.946   completely In flash
T2110 003:367.004 - 0.194ms returns 0xBE0
T2110 003:367.495 JLINK_WriteMem(0x20200C10, 0xBE0 Bytes, ...)
T2110 003:367.568   Data:  00 00 00 00 00 00 00 00 38 00 00 00 08 00 00 00 ...
T2110 003:367.636   completely In flash
T2110 003:367.690 - 0.195ms returns 0xBE0
T2110 003:368.131 JLINK_WriteMem(0x202017F0, 0xBE0 Bytes, ...)
T2110 003:368.203   Data:  B0 4E E9 40 00 00 00 00 C0 9A 24 40 00 00 00 00 ...
T2110 003:368.257   completely In flash
T2110 003:368.310 - 0.179ms returns 0xBE0
T2110 003:368.786 JLINK_WriteMem(0x202023D0, 0xB70 Bytes, ...)
T2110 003:368.873   Data:  00 00 00 00 00 00 00 00 00 00 00 00 00 00 00 00 ...
T2110 003:368.926   completely In flash
T2110 003:368.976 - 0.190ms returns 0xB70
T2110 003:369.425 JLINK_WriteMem(0x20202F40, 0xA90 Bytes, ...)
T2110 003:369.493   Data:  90 C3 23 40 00 00 00 00 90 C3 23 40 00 00 00 00 ...
T2110 003:369.562   completely In flash
T2110 003:369.615 - 0.190ms returns 0xA90
T2110 003:370.294 JLINK_WriteMem(0x202039D0, 0xB50 Bytes, ...)
T2110 003:370.356   Data:  90 C3 23 40 00 00 00 00 90 C3 23 40 00 00 00 00 ...
T2110 003:370.410   completely In flash
T2110 003:370.462 - 0.168ms returns 0xB50
T2110 003:370.853 JLINK_WriteMem(0x20204520, 0xBE0 Bytes, ...)
T2110 003:370.926   Data:  00 00 00 00 00 00 00 00 00 00 00 00 00 00 00 00 ...
T2110 003:370.980   completely In flash
T2110 003:371.033 - 0.180ms returns 0xBE0
T2110 003:371.395 JLINK_WriteMem(0x20205100, 0xBE0 Bytes, ...)
T2110 003:371.426   Data:  00 00 00 00 00 00 00 00 00 00 00 00 00 00 00 00 ...
T2110 003:371.453   completely In flash
T2110 003:371.476 - 0.081ms returns 0xBE0
T2110 003:371.724 JLINK_WriteMem(0x20205CE0, 0x598 Bytes, ...)
T2110 003:371.760   Data:  00 00 00 00 00 00 00 00 00 00 00 00 00 00 00 00 ...
T2110 003:371.793   completely In flash
T2110 003:371.818 - 0.093ms returns 0x598
T2110 003:395.218 JLINK_EndDownload()
T2110 003:395.910    -- --------------------------------------
T2110 003:396.081    -- Flash bank @ 0x20000000: Default: L2 verify disabled because algorithm performs L1 verify
T2110 003:396.169    -- Start of determining dirty areas in flash cache
T2110 003:396.270    -- Filling invalid ranges in sector buffer (flash cache) for sector @ 0x20000000 if necessary
T2110 003:396.394    -- Filling invalid ranges in sector buffer (flash cache) for sector @ 0x20020000 if necessary
T2110 003:396.478    -- Filling invalid ranges in sector buffer (flash cache) for sector @ 0x20030000 if necessary
T2110 003:396.552    -- Filling invalid ranges in sector buffer (flash cache) for sector @ 0x20040000 if necessary
T2110 003:396.630    -- Filling invalid ranges in sector buffer (flash cache) for sector @ 0x20050000 if necessary
T2110 003:396.702    -- Filling invalid ranges in sector buffer (flash cache) for sector @ 0x20060000 if necessary
T2110 003:396.776    -- Filling invalid ranges in sector buffer (flash cache) for sector @ 0x20070000 if necessary
T2110 003:396.849    -- Filling invalid ranges in sector buffer (flash cache) for sector @ 0x20080000 if necessary
T2110 003:396.920    -- Filling invalid ranges in sector buffer (flash cache) for sector @ 0x20090000 if necessary
T2110 003:396.988    -- Filling invalid ranges in sector buffer (flash cache) for sector @ 0x200A0000 if necessary
T2110 003:397.055    -- Filling invalid ranges in sector buffer (flash cache) for sector @ 0x200B0000 if necessary
T2110 003:397.122    -- Filling invalid ranges in sector buffer (flash cache) for sector @ 0x200C0000 if necessary
T2110 003:397.190    -- Filling invalid ranges in sector buffer (flash cache) for sector @ 0x200D0000 if necessary
T2110 003:397.257    -- Filling invalid ranges in sector buffer (flash cache) for sector @ 0x200E0000 if necessary
T2110 003:397.324    -- Filling invalid ranges in sector buffer (flash cache) for sector @ 0x200F0000 if necessary
T2110 003:397.391    -- Filling invalid ranges in sector buffer (flash cache) for sector @ 0x20100000 if necessary
T2110 003:397.458    -- Filling invalid ranges in sector buffer (flash cache) for sector @ 0x20110000 if necessary
T2110 003:397.525    -- Filling invalid ranges in sector buffer (flash cache) for sector @ 0x20120000 if necessary
T2110 003:397.604    -- Filling invalid ranges in sector buffer (flash cache) for sector @ 0x20130000 if necessary
T2110 003:397.709    -- Filling invalid ranges in sector buffer (flash cache) for sector @ 0x20140000 if necessary
T2110 003:397.777    -- Filling invalid ranges in sector buffer (flash cache) for sector @ 0x20150000 if necessary
T2110 003:397.854    -- Filling invalid ranges in sector buffer (flash cache) for sector @ 0x20160000 if necessary
T2110 003:397.924    -- Filling invalid ranges in sector buffer (flash cache) for sector @ 0x20170000 if necessary
T2110 003:397.992    -- Filling invalid ranges in sector buffer (flash cache) for sector @ 0x20180000 if necessary
T2110 003:398.060    -- Filling invalid ranges in sector buffer (flash cache) for sector @ 0x20190000 if necessary
T2110 003:398.152    -- Filling invalid ranges in sector buffer (flash cache) for sector @ 0x201A0000 if necessary
T2110 003:398.222    -- Filling invalid ranges in sector buffer (flash cache) for sector @ 0x201B0000 if necessary
T2110 003:398.291    -- Filling invalid ranges in sector buffer (flash cache) for sector @ 0x201C0000 if necessary
T2110 003:398.360    -- Filling invalid ranges in sector buffer (flash cache) for sector @ 0x201D0000 if necessary
T2110 003:398.437    -- Filling invalid ranges in sector buffer (flash cache) for sector @ 0x201E0000 if necessary
T2110 003:398.518    -- Filling invalid ranges in sector buffer (flash cache) for sector @ 0x201F0000 if necessary
T2110 003:398.604    -- Filling invalid ranges in sector buffer (flash cache) for sector @ 0x20200000 if necessary
T2110 003:404.546    -- End of determining dirty areas
T2110 003:404.680    -- Start of preparing flash programming
T2110 003:404.764    -- Calculating RAM usage
T2110 003:405.038    -- RAM usage = 20656 Bytes
T2110 003:405.120    -- Preserving CPU registers
T2110 003:405.230    -- Preparing target
T2110 003:405.291    -- Preserving target RAM temporarily used for programming
T2110 003:832.188    -- Downloading RAMCode
T2110 003:916.984    -- Preparing RAMCode
T2110 003:931.723    -- End of preparing flash programming
T2110 003:931.929    -- CPU speed could not be measured.
T2110 003:932.007    -- Start of comparing flash
T2110 003:932.084    -- CRC check was estimated as fastest method
T2110 003:932.165    -- Comparing range 0x20000000 - 0x2000FFFF (1 Sector, 64 KB), using single-block CRC calculation
T2110 004:038.710    -- CRC matches
T2110 004:038.776    -- Comparing range 0x20020000 - 0x2003FFFF (2 Sectors, 128 KB), using single-block CRC calculation
T2110 004:241.908    -- CRC does not match, checking individual sectors
T2110 004:348.146    -- CRC does not match for sector 2
T2110 004:454.169    -- CRC does not match for sector 3
T2110 004:454.233    -- Comparing range 0x20040000 - 0x2005FFFF (2 Sectors, 128 KB), using single-block CRC calculation
T2110 004:657.187    -- CRC does not match, checking individual sectors
T2110 004:763.835    -- CRC does not match for sector 4
T2110 004:870.125    -- CRC does not match for sector 5
T2110 004:870.211    -- Comparing range 0x20060000 - 0x2007FFFF (2 Sectors, 128 KB), using single-block CRC calculation
T2110 005:073.079    -- CRC does not match, checking individual sectors
T2110 005:179.125    -- CRC does not match for sector 6
T2110 005:285.478    -- CRC does not match for sector 7
T2110 005:285.546    -- Comparing range 0x20080000 - 0x2009FFFF (2 Sectors, 128 KB), using single-block CRC calculation
T2110 005:489.021    -- CRC matches
T2110 005:489.165    -- Comparing range 0x200A0000 - 0x200BFFFF (2 Sectors, 128 KB), using single-block CRC calculation
T2110 005:691.775    -- CRC matches
T2110 005:691.843    -- Comparing range 0x200C0000 - 0x200DFFFF (2 Sectors, 128 KB), using single-block CRC calculation
T2110 005:894.820    -- CRC matches
T2110 005:894.885    -- Comparing range 0x200E0000 - 0x200FFFFF (2 Sectors, 128 KB), using single-block CRC calculation
T2110 006:097.976    -- CRC matches
T2110 006:098.133    -- Comparing range 0x20100000 - 0x2011FFFF (2 Sectors, 128 KB), using single-block CRC calculation
T2110 006:301.544    -- CRC matches
T2110 006:301.692    -- Comparing range 0x20120000 - 0x2013FFFF (2 Sectors, 128 KB), using single-block CRC calculation
T2110 006:504.353    -- CRC matches
T2110 006:504.421    -- Comparing range 0x20140000 - 0x2015FFFF (2 Sectors, 128 KB), using single-block CRC calculation
T2110 006:706.998    -- CRC matches
T2110 006:707.097    -- Comparing range 0x20160000 - 0x2017FFFF (2 Sectors, 128 KB), using single-block CRC calculation
T2110 006:909.713    -- CRC matches
T2110 006:909.774    -- Comparing range 0x20180000 - 0x2019FFFF (2 Sectors, 128 KB), using single-block CRC calculation
T2110 007:112.993    -- CRC matches
T2110 007:113.129    -- Comparing range 0x201A0000 - 0x201BFFFF (2 Sectors, 128 KB), using single-block CRC calculation
T2110 007:315.864    -- CRC matches
T2110 007:315.953    -- Comparing range 0x201C0000 - 0x201DFFFF (2 Sectors, 128 KB), using single-block CRC calculation
T2110 007:518.941    -- CRC matches
T2110 007:519.058    -- Comparing range 0x201E0000 - 0x201FFFFF (2 Sectors, 128 KB), using single-block CRC calculation
T2110 007:721.652    -- CRC does not match, checking individual sectors
T2110 007:828.170    -- CRC matches for sector 30
T2110 007:934.250    -- CRC does not match for sector 31
T2110 007:934.329    -- Comparing range 0x20200000 - 0x2020FFFF (1 Sector, 64 KB), using single-block CRC calculation
T2110 008:040.498    -- CRC does not match for sector 32
T2110 008:040.581    -- Comparing range 0x20000000 - 0x2000FFFF (1 Sector, 64 KB), using alternative single-block CRC calculation
T2110 008:146.656    -- CRC matches
T2110 008:146.759    -- Comparing range 0x20080000 - 0x2009FFFF (2 Sectors, 128 KB), using alternative single-block CRC calculation
T2110 008:349.745    -- CRC matches
T2110 008:349.874    -- Comparing range 0x200A0000 - 0x200BFFFF (2 Sectors, 128 KB), using alternative single-block CRC calculation
T2110 008:552.674    -- CRC matches
T2110 008:552.744    -- Comparing range 0x200C0000 - 0x200DFFFF (2 Sectors, 128 KB), using alternative single-block CRC calculation
T2110 008:755.422    -- CRC matches
T2110 008:755.489    -- Comparing range 0x200E0000 - 0x200FFFFF (2 Sectors, 128 KB), using alternative single-block CRC calculation
T2110 008:958.234    -- CRC matches
T2110 008:958.289    -- Comparing range 0x20100000 - 0x2011FFFF (2 Sectors, 128 KB), using alternative single-block CRC calculation
T2110 009:160.957    -- CRC matches
T2110 009:161.011    -- Comparing range 0x20120000 - 0x2013FFFF (2 Sectors, 128 KB), using alternative single-block CRC calculation
T2110 009:363.742    -- CRC matches
T2110 009:363.810    -- Comparing range 0x20140000 - 0x2015FFFF (2 Sectors, 128 KB), using alternative single-block CRC calculation
T2110 009:566.742    -- CRC matches
T2110 009:566.800    -- Comparing range 0x20160000 - 0x2017FFFF (2 Sectors, 128 KB), using alternative single-block CRC calculation
T2110 009:769.766    -- CRC matches
T2110 009:769.915    -- Comparing range 0x20180000 - 0x2019FFFF (2 Sectors, 128 KB), using alternative single-block CRC calculation
T2110 009:973.213    -- CRC matches
T2110 009:973.346    -- Comparing range 0x201A0000 - 0x201BFFFF (2 Sectors, 128 KB), using alternative single-block CRC calculation
T2110 010:176.143    -- CRC matches
T2110 010:176.219    -- Comparing range 0x201C0000 - 0x201DFFFF (2 Sectors, 128 KB), using alternative single-block CRC calculation
T2110 010:378.488    -- CRC matches
T2110 010:378.562    -- Comparing range 0x201E0000 - 0x201EFFFF (1 Sector, 64 KB), using alternative single-block CRC calculation
T2110 010:484.398    -- CRC matches
T2110 010:484.458    -- End of comparing flash
T2110 010:484.483    -- Start of erasing sectors
T2110 010:484.511    -- Erasing range 0x20020000 - 0x2003FFFF (  2 Sectors, 128 KB)
T2110 011:079.312    -- Erasing range 0x20040000 - 0x2005FFFF (  2 Sectors, 128 KB)
T2110 011:654.967    -- Erasing range 0x20060000 - 0x2007FFFF (  2 Sectors, 128 KB)
T2110 012:204.356    -- Erasing range 0x201F0000 - 0x2020FFFF (  2 Sectors, 128 KB)
T2110 012:793.322    -- End of erasing sectors
T2110 012:793.454    -- Start of flash programming
T2110 012:793.522    -- Programming range 0x20020000 - 0x2002FFFF (  1 Sector, 64 KB)
T2110 013:394.422    -- Programming range 0x20030000 - 0x2003FFFF (  1 Sector, 64 KB)
T2110 013:996.528    -- Programming range 0x20040000 - 0x2004FFFF (  1 Sector, 64 KB)
T2110 014:599.549    -- Programming range 0x20050000 - 0x2005FFFF (  1 Sector, 64 KB)
T2110 015:203.293    -- Programming range 0x20060000 - 0x2006FFFF (  1 Sector, 64 KB)
T2110 015:805.770    -- Programming range 0x20070000 - 0x2007FFFF (  1 Sector, 64 KB)
T2110 016:408.002    -- Programming range 0x201F0000 - 0x201FFFFF (  1 Sector, 64 KB)
T2110 017:010.238    -- Programming range 0x20200000 - 0x2020FFFF (  1 Sector, 64 KB)
T2110 017:308.976    -- End of flash programming
T2110 017:309.050    -- 0x20020000 - 0x2007FFFF (  6 Sectors, 384 KB)
T2110 017:309.072    -- 0x201F0000 - 0x2020FFFF (  2 Sectors, 128 KB)
T2110 017:309.094    -- Start of restoring
T2110 017:309.116    -- Restoring RAMCode
T2110 017:319.204    -- Restoring target memory
T2110 017:414.766    -- Restore target
T2110 017:414.908    -- Restoring CPU registers
T2110 017:415.042    -- End of restoring
T2110 017:415.126    -- Bank 0 @ 0x20000000: 2 ranges affected (524288 bytes)
T2110 017:415.208    -- Total: 14.010s (Prepare: 0.527s, Compare: 6.552s, Erase: 2.308s, Program & Verify: 4.515s, Restore: 0.106s)
T2110 017:415.286    -- Program & Verify speed: 113 KB/s
T2110 017:415.896 - 14020.674ms returns 524288 (0x80000)
T2110 017:418.980 JLINK_WriteRegs_64(NumRegs = 1, Indexes: 
T2110 017:419.110   33)
T2110 017:419.198    -- PC=0x20000000
T2110 017:419.276 - 0.296ms returns 0
T2110 017:419.334 JLINK_WriteRegs_64(NumRegs = 1, Indexes: 
T2110 017:419.384   33)
T2110 017:419.458    -- PC=0x20020000
T2110 017:419.534 - 0.200ms returns 0
T2110 017:420.922 JLINK_ResetPullsRESET(ON)
T2110 017:421.012 - 0.091ms
T2110 017:421.054 JLINK_Halt()
T2110 017:421.094 - 0.038ms returns 0x00
T2110 017:421.132 JLINK_IsHalted()
T2110 017:421.172 - 0.039ms returns TRUE
T2110 017:421.210 JLINK_Reset()
T2110 017:421.258   JLINK_GetResetTypeDesc
T2110 017:421.296   - 0.038ms
T2110 017:421.334   Reset type: NORMAL (https://wiki.segger.com/J-Link_Reset_Strategies)
T2110 017:545.248   Reset confused the core.
T2110 017:546.430   Disabled core power domain detected.
T2110 017:548.360   
  ***** Warning: 
T2110 017:548.564   CPU not halted after Reset, halting using Halt request
T2110 017:567.376 - 146.163ms
T2110 017:567.548 JLINK_SetEndian(ARM_ENDIAN_LITTLE)
T2110 017:567.614 - 0.066ms returns 0
T2110 017:583.932 JLINK_ReadMem(0x20020000, 0x40 Bytes, ...)
T2110 017:584.034    -- Read from flash cache (64 bytes @ 0x20020000)
T2110 017:584.068   Data:  00 00 20 40 00 00 00 00 FF FF DF BF FF FF FF FF ...
T2110 017:584.096 - 0.164ms returns 0
T2110 017:611.476 JLINK_ReadMem(0x20020000, 0x40 Bytes, ...)
T2110 017:611.642    -- Read from flash cache (64 bytes @ 0x20020000)
T2110 017:611.674   Data:  00 00 20 40 00 00 00 00 FF FF DF BF FF FF FF FF ...
T2110 017:611.706 - 0.229ms returns 0
T2110 017:935.106 JLINK_GetNumBPUnits(Type = 0xFFFFFF00)
T2110 017:935.200 - 0.094ms returns 0x06
T2110 017:935.218 JLINK_GetNumWPUnits()
T2110 017:935.234 - 0.015ms returns 4
T2110 017:935.248 JLINK_GetNumWPUnits()
T2110 017:935.264 - 0.014ms returns 4
T2110 017:935.284 JLINK_GetNumBPUnits(Type = 0xFFFFFF00)
T2110 017:935.300 - 0.015ms returns 0x06
T2110 017:935.316 JLINK_GetNumWPUnits()
T2110 017:935.330 - 0.015ms returns 4
T2110 017:935.346 JLINK_GetNumWPUnits()
T2110 017:935.360 - 0.015ms returns 4
T2110 017:935.380 JLINK_GetNumBPUnits(Type = 0xFFFFFF00)
T2110 017:935.396 - 0.018ms returns 0x06
T2110 017:935.412 JLINK_GetNumWPUnits()
T2110 017:935.428 - 0.014ms returns 4
T2110 017:935.444 JLINK_GetNumWPUnits()
T2110 017:935.458 - 0.014ms returns 4
T2110 017:935.508 JLINK_SetBPEx(Addr = 0x402096F8, Type = 0xFFFFFF00)
T2110 017:935.536 - 0.028ms returns 0x00000001
T2110 017:935.556 JLINK_ClrBPEx(BPHandle = 0x00000001)
T2110 017:935.572 - 0.016ms returns 0x00
T2110 017:962.020 JLINK_SetBPEx(Addr = 0x402096F8, Type = 0xFFFFFF00)
T2110 017:962.134 - 0.116ms returns 0x00000002
T2110 018:059.808 JLINK_ReadRegs_64(NumRegs = 49, Indexes: 
T2110 018:059.876   0, 
T2110 018:059.904   1, 
T2110 018:059.934   2, 
T2110 018:059.962   3, 
T2110 018:059.990   4, 
T2110 018:060.022   5, 
T2110 018:060.052   6, 
T2110 018:060.084   7, 
T2110 018:060.116   8, 
T2110 018:060.148   9, 
T2110 018:060.184   10, 
T2110 018:060.214   11, 
T2110 018:060.246   12, 
T2110 018:060.284   13, 
T2110 018:060.320   14, 
T2110 018:060.356   15, 
T2110 018:060.392   16, 
T2110 018:060.430   17, 
T2110 018:060.466   18, 
T2110 018:060.498   19, 
T2110 018:060.532   20, 
T2110 018:060.564   21, 
T2110 018:060.596   22, 
T2110 018:060.636   23, 
T2110 018:060.672   24, 
T2110 018:060.758   25, 
T2110 018:060.806   26, 
T2110 018:060.856   27, 
T2110 018:060.886   28, 
T2110 018:060.918   29, 
T2110 018:060.952   30, 
T2110 018:060.992   31, 
T2110 018:061.030   32, 
T2110 018:061.072   33, 
T2110 018:061.108   34, 
T2110 018:061.146   35, 
T2110 018:061.186   36, 
T2110 018:061.228   37, 
T2110 018:061.282   38, 
T2110 018:061.332   39, 
T2110 018:061.376   40, 
T2110 018:061.412   41, 
T2110 018:061.452   42, 
T2110 018:061.492   43, 
T2110 018:061.536   44, 
T2110 018:061.576   45, 
T2110 018:061.614   46, 
T2110 018:061.652   47, 
T2110 018:061.692   48)
T2110 018:061.844   
 -- R0=0xFEDFFFFF, R1=0x00, R2=0x00, R3=0x00, R4=0x9E3400, R5=0x204, R6=0x3FFFFFFF, R7=0x03, R8=0x01, R9=0x01, R10=0x1006000C, R11=0x00, R12=0x2000, R13=0x00, R14=0x00, R15=0x00, R16=0x00, R17=0x00, R18=0x00, R19=0x04, R20=0x00, R21=0x00, R22=0x00, R23=0x00, R24=0x00, R25=0x00, R26=0x00, R27=0x00, R28=0x00, R29=0x00, R30=0x11EC, R31=0x00, SP=0x2FFC0, PC=0x12028, ELR_EL1=0x00, ELR_EL2=0x00, ELR_EL3=0x00, SP_EL0=0x00, SP_EL1=0x00, SP_EL2=0x00, SP_EL3=0x2FFC0, CPSR=0x800003CD, SPSR_abt=0xFEDFDFFF, SPSR_EL1=0xFEFFFFFF, SPSR_EL2=0xEEFFFFFE, SPSR_EL3=0x1CD, SPSR_fiq=0xFEDFFBFF, SPSR_irq=0xE6DFFFFF, SPSR_und=0xFEDFFFFF

T2110 018:061.940 - 2.131ms returns 0
T2110 018:064.942 JLINK_ReadMem(0x00012028, 0x4 Bytes, ...)
T2110 018:065.040   CPU_ReadMem(64 bytes @ 0x00012000)
T2110 018:067.228    -- Updating C cache (64 bytes @ 0x00012000)
T2110 018:067.342    -- Read from C cache (4 bytes @ 0x00012028)
T2110 018:067.380   Data:  64 00 00 B4
T2110 018:067.416 - 2.474ms returns 0
T2110 018:071.380 JLINK_ReadMem(0x00012028, 0x4 Bytes, ...)
T2110 018:071.530    -- Read from C cache (4 bytes @ 0x00012028)
T2110 018:071.566   Data:  64 00 00 B4
T2110 018:071.600 - 0.222ms returns 0
T07E4 018:196.172 JLINK_GetNumBPUnits(Type = 0xFFFFFF00)
T07E4 018:196.266 - 0.094ms returns 0x06
T07E4 018:196.292 JLINK_GetNumWPUnits()
T07E4 018:196.314 - 0.023ms returns 4
T07E4 018:196.338 JLINK_GetNumWPUnits()
T07E4 018:196.358 - 0.021ms returns 4
T07E4 018:196.598 JLINK_GetNumBPUnits(Type = 0xFFFFFF00)
T07E4 018:196.654 - 0.056ms returns 0x06
T07E4 018:196.676 JLINK_GetNumWPUnits()
T07E4 018:196.698 - 0.021ms returns 4
T07E4 018:196.718 JLINK_GetNumWPUnits()
T07E4 018:196.740 - 0.022ms returns 4
T07E4 018:197.062 JLINK_GetNumBPUnits(Type = 0xFFFFFF00)
T07E4 018:197.128 - 0.066ms returns 0x06
T07E4 018:197.154 JLINK_GetNumWPUnits()
T07E4 018:197.176 - 0.022ms returns 4
T07E4 018:197.250 JLINK_GetNumWPUnits()
T07E4 018:197.334 - 0.083ms returns 4
T07E4 018:197.734 JLINK_GetNumBPUnits(Type = 0xFFFFFF00)
T07E4 018:197.816 - 0.082ms returns 0x06
T07E4 018:197.844 JLINK_GetNumWPUnits()
T07E4 018:197.872 - 0.026ms returns 4
T07E4 018:197.900 JLINK_GetNumWPUnits()
T07E4 018:197.926 - 0.026ms returns 4
T07E4 018:198.552 JLINK_GetNumBPUnits(Type = 0xFFFFFF00)
T07E4 018:198.638 - 0.087ms returns 0x06
T07E4 018:198.662 JLINK_GetNumWPUnits()
T07E4 018:198.684 - 0.023ms returns 4
T07E4 018:198.758 JLINK_GetNumWPUnits()
T07E4 018:198.782 - 0.023ms returns 4
T07E4 018:199.592 JLINK_GetNumBPUnits(Type = 0xFFFFFF00)
T07E4 018:199.654 - 0.063ms returns 0x06
T07E4 018:199.672 JLINK_GetNumWPUnits()
T07E4 018:199.688 - 0.015ms returns 4
T07E4 018:199.702 JLINK_GetNumWPUnits()
T07E4 018:199.718 - 0.015ms returns 4
T07E4 018:200.456 JLINK_GetNumBPUnits(Type = 0xFFFFFF00)
T07E4 018:200.532 - 0.078ms returns 0x06
T07E4 018:200.562 JLINK_GetNumWPUnits()
T07E4 018:200.586 - 0.023ms returns 4
T07E4 018:200.610 JLINK_GetNumWPUnits()
T07E4 018:200.632 - 0.023ms returns 4
T07E4 018:201.060 JLINK_GetNumBPUnits(Type = 0xFFFFFF00)
T07E4 018:201.120 - 0.061ms returns 0x06
T07E4 018:201.156 JLINK_GetNumWPUnits()
T07E4 018:201.178 - 0.021ms returns 4
T07E4 018:201.200 JLINK_GetNumWPUnits()
T07E4 018:201.222 - 0.021ms returns 4
T2110 022:034.984 JLINK_STRACE_Read(..., NumItems = 0x10000)
T2110 022:035.092   Initializing trace type buffer with configured Coresight trace components (* indicates set/detected address):
T2110 022:035.116    *TF:   0x10C40000
T2110 022:035.146    *TMC:  0x10C20000
T2110 022:035.174    *ETB:  0x10C30000
T2110 022:035.204     MTB:  0x00000000
T2110 022:035.234     TPIU: 0x00000000
T2110 022:035.262     ETM:  0x00000000
T2110 022:035.292     STM:  0x00000000
T2110 022:035.320     PTM:  0x00000000
T2110 022:035.348   
  ***** Warning: 
T2110 022:035.380   Required trace components for buffer trace not found!
Details see https://wiki.segger.com/Arm_trace_technical_specification#Required_trace_components
T2110 022:035.748   Looking for J-Link GUI Server exe at: C:\Users\a5134593\.eclipse\com.renesas.platform_301333723\DebugComp\RZ\ARM\Segger_v8.10.1\JLinkGUIServer.exe
T2110 022:035.870   Looking for J-Link GUI Server exe at: C:\Program Files (x86)\SEGGER\JLink\\JLinkGUIServer.exe
T2110 022:338.276   Failed to connect to J-Link GUI Server.
T2110 022:338.428 - 303.444ms NumItemsRead = 0xFFFFFFFF
T2110 022:338.486 JLINK_IsHalted()
T2110 022:339.030 - 0.542ms returns TRUE
T2110 022:339.154 JLINK_STRACE_Read(..., NumItems = 0x10000)
T2110 022:339.214 - 0.062ms NumItemsRead = 0x00
T2110 022:339.262 JLINK_GoEx(MaxEmulInsts = 0, Flags = 0x01)
T2110 022:344.916   Memory map 'after startup completion point' is active
T2110 022:345.108 - 5.845ms
T2110 022:451.292 JLINK_IsHalted()
T2110 022:451.660 - 0.368ms returns FALSE
T2110 022:451.684 JLINK_IsHalted()
T2110 022:451.974 - 0.290ms returns FALSE
T2110 022:560.626 JLINK_IsHalted()
T2110 022:569.916 - 9.290ms returns TRUE
T2110 022:570.090 JLINK_ReadRegs_64(NumRegs = 1, Indexes: 
T2110 022:570.132   33)
T2110 022:570.198    -- PC=0x402096F8
T2110 022:570.258 - 0.168ms returns 0
T2110 022:570.308 JLINK_ReadRegs_64(NumRegs = 1, Indexes: 
T2110 022:570.348   41)
T2110 022:570.408    -- CPSR=0x6000000D
T2110 022:570.466 - 0.159ms returns 0
T2110 022:570.508 JLINK_ReadRegs_64(NumRegs = 1, Indexes: 
T2110 022:570.548   33)
T2110 022:570.608    -- PC=0x402096F8
T2110 022:570.666 - 0.156ms returns 0
T2110 022:570.708 JLINK_ReadRegs_64(NumRegs = 1, Indexes: 
T2110 022:570.748   41)
T2110 022:570.810    -- CPSR=0x6000000D
T2110 022:570.868 - 0.160ms returns 0
T2110 022:570.910 JLINK_IsHalted()
T2110 022:570.950 - 0.039ms returns TRUE
T2110 022:570.992 JLINK_ReadRegs_64(NumRegs = 1, Indexes: 
T2110 022:571.030   41)
T2110 022:571.090    -- CPSR=0x6000000D
T2110 022:571.148 - 0.154ms returns 0
T2110 022:571.190 JLINK_ReadRegs_64(NumRegs = 1, Indexes: 
T2110 022:571.228   33)
T2110 022:571.286    -- PC=0x402096F8
T2110 022:571.344 - 0.153ms returns 0
T2110 022:571.386 JLINK_ReadRegs_64(NumRegs = 1, Indexes: 
T2110 022:571.424   41)
T2110 022:571.482    -- CPSR=0x6000000D
T2110 022:571.540 - 0.154ms returns 0
T2110 022:571.684 JLINK_IsHalted()
T2110 022:571.732 - 0.047ms returns TRUE
T2110 022:571.774 JLINK_ReadRegs_64(NumRegs = 1, Indexes: 
T2110 022:571.812   33)
T2110 022:571.876    -- PC=0x402096F8
T2110 022:571.934 - 0.160ms returns 0
T2110 022:571.978 JLINK_ReadRegs_64(NumRegs = 1, Indexes: 
T2110 022:572.016   41)
T2110 022:572.074    -- CPSR=0x6000000D
T2110 022:572.142 - 0.164ms returns 0
T2110 022:572.192 JLINK_ReadRegs_64(NumRegs = 1, Indexes: 
T2110 022:572.230   33)
T2110 022:572.284    -- PC=0x402096F8
T2110 022:572.332 - 0.139ms returns 0
T2110 022:572.366 JLINK_ReadRegs_64(NumRegs = 1, Indexes: 
T2110 022:572.398   41)
T2110 022:572.448    -- CPSR=0x6000000D
T2110 022:572.496 - 0.130ms returns 0
T2110 022:572.532 JLINK_IsHalted()
T2110 022:572.574 - 0.041ms returns TRUE
T2110 022:572.608 JLINK_ReadRegs_64(NumRegs = 1, Indexes: 
T2110 022:572.642   41)
T2110 022:572.690    -- CPSR=0x6000000D
T2110 022:572.740 - 0.132ms returns 0
T2110 022:572.788 JLINK_ReadRegs_64(NumRegs = 1, Indexes: 
T2110 022:572.836   33)
T2110 022:572.908    -- PC=0x402096F8
T2110 022:572.984 - 0.196ms returns 0
T2110 022:573.036 JLINK_ReadRegs_64(NumRegs = 1, Indexes: 
T2110 022:573.082   41)
T2110 022:573.154    -- CPSR=0x6000000D
T2110 022:573.224 - 0.189ms returns 0
T2110 022:574.238 JLINK_ReadRegs_64(NumRegs = 49, Indexes: 
T2110 022:574.328   0, 
T2110 022:574.378   1, 
T2110 022:574.426   2, 
T2110 022:574.474   3, 
T2110 022:574.522   4, 
T2110 022:574.570   5, 
T2110 022:574.618   6, 
T2110 022:574.668   7, 
T2110 022:574.716   8, 
T2110 022:574.766   9, 
T2110 022:574.814   10, 
T2110 022:574.862   11, 
T2110 022:574.910   12, 
T2110 022:574.958   13, 
T2110 022:575.006   14, 
T2110 022:575.054   15, 
T2110 022:575.100   16, 
T2110 022:575.148   17, 
T2110 022:575.196   18, 
T2110 022:575.244   19, 
T2110 022:575.292   20, 
T2110 022:575.340   21, 
T2110 022:575.378   22, 
T2110 022:575.412   23, 
T2110 022:575.450   24, 
T2110 022:575.484   25, 
T2110 022:575.520   26, 
T2110 022:575.556   27, 
T2110 022:575.592   28, 
T2110 022:575.628   29, 
T2110 022:575.664   30, 
T2110 022:575.700   31, 
T2110 022:575.736   32, 
T2110 022:575.772   33, 
T2110 022:575.818   34, 
T2110 022:575.852   35, 
T2110 022:575.886   36, 
T2110 022:575.928   37, 
T2110 022:575.964   38, 
T2110 022:576.006   39, 
T2110 022:576.042   40, 
T2110 022:576.078   41, 
T2110 022:576.114   42, 
T2110 022:576.148   43, 
T2110 022:576.184   44, 
T2110 022:576.220   45, 
T2110 022:576.256   46, 
T2110 022:576.292   47, 
T2110 022:576.328   48)
T2110 022:576.392   
 -- R0=0x401815, R1=0x01, R2=0x00, R3=0xFFFFFFFFFFFFFFFF, R4=0x06, R5=0x200, R6=0x200000, R7=0xFFFFFFC0, R8=0x01, R9=0xFFFFFFFFF0000000, R10=0x04, R11=0x02, R12=0xB8, R13=0x80000014, R14=0x1006007C, R15=0x04, R16=0x10000000, R17=0x40, R18=0x1B618, R19=0x12064, R20=0x1A030, R21=0x00, R22=0x00, R23=0x00, R24=0x00, R25=0x00, R26=0x00, R27=0x00, R28=0x00, R29=0x00, R30=0x40202CD0, R31=0x00, SP=0x403E8040, PC=0x402096F8, ELR_EL1=0x00, ELR_EL2=0x00, ELR_EL3=0x40200000, SP_EL0=0x1B680, SP_EL1=0x00, SP_EL2=0x00, SP_EL3=0x403E8040, CPSR=0x6000000D, SPSR_abt=0xFEDFDFFF, SPSR_EL1=0xFEFFFFFF, SPSR_EL2=0xEEFFFFFE, SPSR_EL3=0x3CD, SPSR_fiq=0xFEDFFBFF, SPSR_irq=0xE6DFFFFF, SPSR_und=0xFEDFFFFF

T2110 022:576.458 - 2.221ms returns 0
T2110 022:578.396 JLINK_ReadMem(0x402096F8, 0x4 Bytes, ...)
T2110 022:578.496   CPU_ReadMem(64 bytes @ 0x402096C0)
T2110 022:581.014    -- Updating DA cache (64 bytes @ 0x402096C0)
T2110 022:581.122    -- Read from DA cache (4 bytes @ 0x402096F8)
T2110 022:581.154   Data:  FD 7B BF A9
T2110 022:581.184 - 2.787ms returns 0
T2110 022:582.812 JLINK_ClrBPEx(BPHandle = 0x00000002)
T2110 022:582.892 - 0.080ms returns 0x00
T2110 022:604.022 JLINK_ReadMem(0x402096F8, 0x4 Bytes, ...)
T2110 022:604.166    -- Read from DA cache (4 bytes @ 0x402096F8)
T2110 022:604.196   Data:  FD 7B BF A9
T2110 022:604.228 - 0.206ms returns 0
T2110 024:138.496 JLINK_STRACE_Read(..., NumItems = 0x10000)
T2110 024:138.612 - 0.115ms NumItemsRead = 0x00
T2110 024:138.644 JLINK_IsHalted()
T2110 024:139.094 - 0.449ms returns TRUE
T2110 024:139.168 JLINK_STRACE_Read(..., NumItems = 0x10000)
T2110 024:139.196 - 0.027ms NumItemsRead = 0x00
T2110 024:139.222 JLINK_GoEx(MaxEmulInsts = 0, Flags = 0x01)
T2110 024:145.620 - 6.397ms
T2110 024:247.448 JLINK_IsHalted()
T2110 024:247.878 - 0.431ms returns FALSE
T2110 024:247.908 JLINK_IsHalted()
T2110 024:248.190 - 0.282ms returns FALSE
T2110 024:357.048 JLINK_IsHalted()
T2110 024:357.460 - 0.412ms returns FALSE
T2110 024:357.484 JLINK_IsHalted()
T2110 024:357.782 - 0.298ms returns FALSE
T2110 024:467.432 JLINK_IsHalted()
T2110 024:467.892 - 0.460ms returns FALSE
T2110 024:467.936 JLINK_IsHalted()
T2110 024:468.346 - 0.409ms returns FALSE
T2110 024:576.166 JLINK_IsHalted()
T2110 024:576.574 - 0.407ms returns FALSE
T2110 024:576.612 JLINK_IsHalted()
T2110 024:577.036 - 0.421ms returns FALSE
T2110 024:685.804 JLINK_IsHalted()
T2110 024:686.276 - 0.469ms returns FALSE
T2110 024:686.314 JLINK_IsHalted()
T2110 024:686.724 - 0.409ms returns FALSE
T2110 024:794.362 JLINK_IsHalted()
T2110 024:794.834 - 0.471ms returns FALSE
T2110 024:794.882 JLINK_IsHalted()
T2110 024:795.272 - 0.390ms returns FALSE
T2110 024:904.154 JLINK_IsHalted()
T2110 024:904.694 - 0.539ms returns FALSE
T2110 024:904.740 JLINK_IsHalted()
T2110 024:905.156 - 0.413ms returns FALSE
T2110 025:013.924 JLINK_IsHalted()
T2110 025:014.662 - 0.737ms returns FALSE
T2110 025:014.774 JLINK_IsHalted()
T2110 025:015.398 - 0.621ms returns FALSE
T2110 025:123.344 JLINK_IsHalted()
T2110 025:124.006 - 0.661ms returns FALSE
T2110 025:124.110 JLINK_IsHalted()
T2110 025:124.696 - 0.584ms returns FALSE
T07E4 025:141.956 JLINK_IsHalted()
T07E4 025:142.690 - 0.732ms returns FALSE
T07E4 025:142.798 JLINK_IsHalted()
T07E4 025:143.356 - 0.555ms returns FALSE
T2110 025:232.612 JLINK_IsHalted()
T2110 025:233.292 - 0.677ms returns FALSE
T2110 025:233.392 JLINK_IsHalted()
T2110 025:234.062 - 0.669ms returns FALSE
T2110 025:341.762 JLINK_IsHalted()
T2110 025:342.504 - 0.740ms returns FALSE
T2110 025:342.636 JLINK_IsHalted()
T2110 025:343.220 - 0.582ms returns FALSE
T2110 025:452.282 JLINK_IsHalted()
T2110 025:453.060 - 0.776ms returns FALSE
T2110 025:453.170 JLINK_IsHalted()
T2110 025:453.602 - 0.431ms returns FALSE
T2110 025:560.498 JLINK_IsHalted()
T2110 025:561.084 - 0.585ms returns FALSE
T2110 025:561.160 JLINK_IsHalted()
T2110 025:561.506 - 0.345ms returns FALSE
T2110 025:669.534 JLINK_IsHalted()
T2110 025:670.106 - 0.572ms returns FALSE
T2110 025:670.154 JLINK_IsHalted()
T2110 025:670.540 - 0.385ms returns FALSE
T2110 025:778.846 JLINK_IsHalted()
T2110 025:779.334 - 0.485ms returns FALSE
T2110 025:779.392 JLINK_IsHalted()
T2110 025:779.764 - 0.372ms returns FALSE
T2110 025:888.872 JLINK_IsHalted()
T2110 025:889.364 - 0.492ms returns FALSE
T2110 025:889.396 JLINK_IsHalted()
T2110 025:889.812 - 0.414ms returns FALSE
T2110 025:998.118 JLINK_IsHalted()
T2110 025:998.708 - 0.589ms returns FALSE
T2110 025:998.780 JLINK_IsHalted()
T2110 025:999.414 - 0.632ms returns FALSE
T2110 026:107.120 JLINK_IsHalted()
T2110 026:107.902 - 0.782ms returns FALSE
T2110 026:108.024 JLINK_IsHalted()
T2110 026:108.684 - 0.656ms returns FALSE
T07E4 026:144.806 JLINK_IsHalted()
T07E4 026:145.452 - 0.645ms returns FALSE
T07E4 026:145.558 JLINK_IsHalted()
T07E4 026:146.198 - 0.638ms returns FALSE
T2110 026:216.884 JLINK_IsHalted()
T2110 026:217.650 - 0.765ms returns FALSE
T2110 026:217.772 JLINK_IsHalted()
T2110 026:218.428 - 0.655ms returns FALSE
T2110 026:326.448 JLINK_IsHalted()
T2110 026:327.028 - 0.580ms returns FALSE
T2110 026:327.078 JLINK_IsHalted()
T2110 026:327.694 - 0.615ms returns FALSE
T2110 026:435.550 JLINK_IsHalted()
T2110 026:436.112 - 0.561ms returns FALSE
T2110 026:436.170 JLINK_IsHalted()
T2110 026:436.628 - 0.457ms returns FALSE
T2110 026:545.328 JLINK_IsHalted()
T2110 026:546.128 - 0.799ms returns FALSE
T2110 026:546.244 JLINK_IsHalted()
T2110 026:546.920 - 0.675ms returns FALSE
T2110 026:654.742 JLINK_IsHalted()
T2110 026:655.434 - 0.689ms returns FALSE
T2110 026:655.518 JLINK_IsHalted()
T2110 026:656.188 - 0.668ms returns FALSE
T2110 026:763.314 JLINK_IsHalted()
T2110 026:763.908 - 0.594ms returns FALSE
T2110 026:764.016 JLINK_IsHalted()
T2110 026:764.558 - 0.542ms returns FALSE
T2110 026:873.114 JLINK_IsHalted()
T2110 026:873.888 - 0.772ms returns FALSE
T2110 026:873.994 JLINK_IsHalted()
T2110 026:874.550 - 0.555ms returns FALSE
T2110 026:982.144 JLINK_IsHalted()
T2110 026:982.868 - 0.725ms returns FALSE
T2110 026:982.998 JLINK_IsHalted()
T2110 026:983.712 - 0.713ms returns FALSE
T2110 027:091.212 JLINK_IsHalted()
T2110 027:091.834 - 0.622ms returns FALSE
T2110 027:091.872 JLINK_IsHalted()
T2110 027:092.410 - 0.538ms returns FALSE
T07E4 027:147.760 JLINK_IsHalted()
T07E4 027:148.220 - 0.458ms returns FALSE
T07E4 027:148.244 JLINK_IsHalted()
T07E4 027:148.660 - 0.416ms returns FALSE
T2110 027:201.108 JLINK_IsHalted()
T2110 027:201.750 - 0.643ms returns FALSE
T2110 027:201.878 JLINK_IsHalted()
T2110 027:202.308 - 0.428ms returns FALSE
T2110 027:310.812 JLINK_IsHalted()
T2110 027:311.476 - 0.663ms returns FALSE
T2110 027:311.546 JLINK_IsHalted()
T2110 027:312.010 - 0.463ms returns FALSE
T2110 027:419.846 JLINK_IsHalted()
T2110 027:420.716 - 0.868ms returns FALSE
T2110 027:420.864 JLINK_IsHalted()
T2110 027:421.530 - 0.665ms returns FALSE
T2110 027:528.922 JLINK_IsHalted()
T2110 027:529.756 - 0.833ms returns FALSE
T2110 027:529.878 JLINK_IsHalted()
T2110 027:530.550 - 0.668ms returns FALSE
T2110 027:639.142 JLINK_IsHalted()
T2110 027:639.956 - 0.812ms returns FALSE
T2110 027:640.112 JLINK_IsHalted()
T2110 027:640.780 - 0.667ms returns FALSE
T2110 027:747.732 JLINK_IsHalted()
T2110 027:748.566 - 0.831ms returns FALSE
T2110 027:748.720 JLINK_IsHalted()
T2110 027:749.290 - 0.567ms returns FALSE
T2110 027:857.866 JLINK_IsHalted()
T2110 027:858.538 - 0.670ms returns FALSE
T2110 027:858.672 JLINK_IsHalted()
T2110 027:859.328 - 0.656ms returns FALSE
T2110 027:966.804 JLINK_IsHalted()
T2110 027:967.676 - 0.873ms returns FALSE
T2110 027:967.868 JLINK_IsHalted()
T2110 027:968.460 - 0.589ms returns FALSE
T2110 028:076.396 JLINK_IsHalted()
T2110 028:077.004 - 0.608ms returns FALSE
T2110 028:077.084 JLINK_IsHalted()
T2110 028:077.748 - 0.661ms returns FALSE
T07E4 028:149.712 JLINK_IsHalted()
T07E4 028:150.486 - 0.772ms returns FALSE
T07E4 028:150.620 JLINK_IsHalted()
T07E4 028:151.290 - 0.669ms returns FALSE
T2110 028:185.120 JLINK_IsHalted()
T2110 028:185.702 - 0.580ms returns FALSE
T2110 028:185.782 JLINK_IsHalted()
T2110 028:186.316 - 0.536ms returns FALSE
T2110 028:295.130 JLINK_IsHalted()
T2110 028:295.706 - 0.576ms returns FALSE
T2110 028:295.802 JLINK_IsHalted()
T2110 028:296.314 - 0.510ms returns FALSE
T2110 028:404.570 JLINK_IsHalted()
T2110 028:405.216 - 0.645ms returns FALSE
T2110 028:405.296 JLINK_IsHalted()
T2110 028:405.894 - 0.599ms returns FALSE
T2110 028:514.202 JLINK_IsHalted()
T2110 028:515.036 - 0.831ms returns FALSE
T2110 028:515.158 JLINK_IsHalted()
T2110 028:515.788 - 0.627ms returns FALSE
T2110 028:623.126 JLINK_IsHalted()
T2110 028:623.728 - 0.601ms returns FALSE
T2110 028:623.802 JLINK_IsHalted()
T2110 028:624.262 - 0.459ms returns FALSE
T2110 028:732.012 JLINK_IsHalted()
T2110 028:732.772 - 0.758ms returns FALSE
T2110 028:732.908 JLINK_IsHalted()
T2110 028:733.532 - 0.623ms returns FALSE
T2110 028:841.248 JLINK_IsHalted()
T2110 028:841.818 - 0.566ms returns FALSE
T2110 028:841.856 JLINK_IsHalted()
T2110 028:842.460 - 0.603ms returns FALSE
T2110 028:950.812 JLINK_IsHalted()
T2110 028:951.414 - 0.600ms returns FALSE
T2110 028:951.514 JLINK_IsHalted()
T2110 028:952.308 - 0.790ms returns FALSE
T2110 029:060.234 JLINK_IsHalted()
T2110 029:060.860 - 0.625ms returns FALSE
T2110 029:060.948 JLINK_IsHalted()
T2110 029:061.412 - 0.461ms returns FALSE
T07E4 029:151.904 JLINK_IsHalted()
T07E4 029:152.474 - 0.569ms returns FALSE
T07E4 029:152.538 JLINK_IsHalted()
T07E4 029:153.052 - 0.515ms returns FALSE
T2110 029:169.978 JLINK_IsHalted()
T2110 029:170.614 - 0.637ms returns FALSE
T2110 029:170.710 JLINK_IsHalted()
T2110 029:171.332 - 0.620ms returns FALSE
T2110 029:278.988 JLINK_IsHalted()
T2110 029:279.748 - 0.758ms returns FALSE
T2110 029:279.884 JLINK_IsHalted()
T2110 029:280.412 - 0.526ms returns FALSE
T2110 029:389.094 JLINK_IsHalted()
T2110 029:389.786 - 0.689ms returns FALSE
T2110 029:389.872 JLINK_IsHalted()
T2110 029:390.374 - 0.502ms returns FALSE
T2110 029:498.218 JLINK_IsHalted()
T2110 029:499.140 - 0.918ms returns FALSE
T2110 029:499.292 JLINK_IsHalted()
T2110 029:499.868 - 0.575ms returns FALSE
T2110 029:606.908 JLINK_IsHalted()
T2110 029:607.402 - 0.493ms returns FALSE
T2110 029:607.450 JLINK_IsHalted()
T2110 029:607.990 - 0.540ms returns FALSE
T2110 029:716.170 JLINK_IsHalted()
T2110 029:716.672 - 0.503ms returns FALSE
T2110 029:716.726 JLINK_IsHalted()
T2110 029:717.164 - 0.437ms returns FALSE
T2110 029:826.070 JLINK_IsHalted()
T2110 029:826.454 - 0.381ms returns FALSE
T2110 029:826.500 JLINK_IsHalted()
T2110 029:826.822 - 0.320ms returns FALSE
T2110 029:935.532 JLINK_IsHalted()
T2110 029:935.908 - 0.371ms returns FALSE
T2110 029:935.942 JLINK_IsHalted()
T2110 029:936.362 - 0.418ms returns FALSE
T2110 030:045.356 JLINK_IsHalted()
T2110 030:045.916 - 0.558ms returns FALSE
T2110 030:045.962 JLINK_IsHalted()
T2110 030:046.438 - 0.475ms returns FALSE
T1E24 030:613.386 JLINK_Halt()
T1E24 030:622.096 - 8.712ms returns 0x00
T1E24 030:622.308 JLINK_ReadRegs_64(NumRegs = 1, Indexes: 
T1E24 030:622.356   41)
T1E24 030:622.394    -- CPSR=0x6000000C
T1E24 030:622.426 - 0.119ms returns 0
T1E24 030:625.836 JLINK_Close()
T1E24 030:652.774 - 26.937ms
T1E24 030:652.876   
T1E24 030:652.900   Closed
