T5ADC 000:001.959   SEGGER J-Link V8.10a Log File
T5ADC 000:002.207   DLL Compiled: Oct  2 2024 14:12:12
T5ADC 000:002.233   Logging started @ 2025-05-26 08:45
T5ADC 000:002.258   Process: C:\Users\a5134593\.eclipse\com.renesas.platform_301333723\DebugComp\RZ\e2-server-gdb.exe
T5ADC 000:002.284 - 2.282ms
T5ADC 000:002.321 JLINK_GetDLLVersion()
T5ADC 000:002.346 - 0.026ms returns 81001
T5ADC 000:003.259 JLINK_OpenEx(...)
T5ADC 000:015.291   Firmware: J-Link OB-RA4M2-Full compiled Feb 20 2025 16:35:05
T5ADC 000:016.047   Firmware: J-Link OB-RA4M2-Full compiled Feb 20 2025 16:35:05
T5ADC 000:029.763   Hardware: V1.00
T5ADC 000:029.846   S/N: 1120001286
T5ADC 000:029.882   OEM: SEGGER
T5ADC 000:029.917   Feature(s): None
T5ADC 000:030.847   Bootloader: 2023 Apr 26
T5ADC 000:031.396   USB speed mode: Full speed (12 MBit/s)
T5ADC 000:031.943   TELNET listener socket opened on port 19021
T5ADC 000:032.363   WEBSRV WEBSRV_Init(): Starting webserver thread(s)
T5ADC 000:032.708   WEBSRV Webserver running on local port 19080
T5ADC 000:033.157   Looking for J-Link GUI Server exe at: C:\Users\a5134593\.eclipse\com.renesas.platform_301333723\DebugComp\RZ\ARM\Segger_v8.10.1\JLinkGUIServer.exe
T5ADC 000:033.758   Looking for J-Link GUI Server exe at: C:\Program Files (x86)\SEGGER\JLink\\JLinkGUIServer.exe
T5ADC 000:338.813   Failed to connect to J-Link GUI Server.
T5ADC 000:338.894 - 335.625ms returns "O.K."
T5ADC 000:339.182 JLINK_ExecCommand("ProjectFile=C:\work_rza3m\ek-rza3m\guix_demo_washing_machine_ek_rza3m/guix_demo_washing_machine_ek_rza3m Debug_Flat.jlink", ...). 
T5ADC 000:372.991 - 33.810ms returns 0x00
T5ADC 000:373.613 JLINK_ExecCommand("device=R9A07G066M04", ...). 
T5ADC 000:375.480   Device "R9A07G066M04" selected.
T5ADC 000:377.777 - 4.129ms returns 0x00
T5ADC 000:377.854 JLINK_ExecCommand("SetCPUConnectIDCODE = FFFFFFFFFFFFFFFFFFFFFFFFFFFFFFFF", ...). 
T5ADC 000:377.883 - 0.004ms returns 0x00
T5ADC 000:377.906 JLINK_TIF_GetAvailable(...)
T5ADC 000:378.201 - 0.296ms
T5ADC 000:378.249 JLINK_TIF_Select(JLINKARM_TIF_JTAG)
T5ADC 000:379.495 - 1.244ms returns 0x00
T5ADC 000:379.545 JLINK_SetSpeed(4000)
T5ADC 000:379.716 - 0.173ms
T5ADC 000:379.763 JLINK_SetEndian(ARM_ENDIAN_LITTLE)
T5ADC 000:379.785 - 0.022ms returns 0
T5ADC 000:379.807 JLINK_SetInitRegsOnReset(OFF)
T5ADC 000:379.827 - 0.020ms returns 1
T5ADC 000:379.850 JLINK_SetResetType(JLINKARM_RESET_TYPE_NORMAL)
T5ADC 000:379.872 - 0.021ms returns JLINKARM_RESET_TYPE_NORMAL
T5ADC 000:379.894 JLINK_ExecCommand("EnableFlashBPs", ...). 
T5ADC 000:379.921 - 0.004ms returns 0x00
T5ADC 000:379.945 JLINK_ExecCommand("SetAllowFlashCache = 1", ...). 
T5ADC 000:379.967 - 0.001ms returns 0x01
T5ADC 000:379.990 JLINK_ExecCommand("SetRestartOnClose = 0", ...). 
T5ADC 000:380.013 - 0.001ms returns 0x01
T5ADC 000:380.036 JLINK_EnableSoftBPs(ON)
T5ADC 000:380.056 - 0.020ms
T5ADC 000:380.079 JLINK_Connect()
T5ADC 000:385.196   TotalIRLen = 4, IRPrint = 0x01
T5ADC 000:385.870   JTAG chain detection found 1 devices:
T5ADC 000:385.926    #0 Id: 0x6BA00477, IRLen: 04, CoreSight JTAG-DP
T5ADC 000:387.920   DPv0 detected
T5ADC 000:387.974   Scanning AP map to find all available APs
T5ADC 000:390.032   AP[4]: Stopped AP scan as end of AP map has been reached
T5ADC 000:390.086   AP[0]: APB-AP (IDR: 0x54770002, ADDR: 0x00000000)
T5ADC 000:390.117   AP[1]: AXI-AP (IDR: 0x44770004, ADDR: 0x01000000)
T5ADC 000:390.146   AP[2]: AHB-AP (IDR: 0x84770001, ADDR: 0x02000000)
T5ADC 000:390.177   AP[3]: AHB-AP (IDR: 0x84770001, ADDR: 0x03000000)
T5ADC 000:390.208   Iterating through AP map to find APB-AP to use
T5ADC 000:390.239   AP[0]: APB-AP found
T5ADC 000:390.270   No AP map specified by user. Setting auto-detected AP map.
T5ADC 000:390.300   Core base address and CTI core base address are both not set. Performing autodetection as fallback.
T5ADC 000:390.816   Scanning ROMTbl @ 0x10C00000
T5ADC 000:394.884   [0]Comp[0] @ 0x10C10000: TSG
T5ADC 000:396.573   [0]Comp[1] @ 0x10C20000: TMC
T5ADC 000:398.060   [0]Comp[2] @ 0x10C30000: ETB
T5ADC 000:399.525   [0]Comp[3] @ 0x10C40000: CSTF
T5ADC 000:400.821   [0]Comp[4] @ 0x10C50000: CTI (?)
T5ADC 000:402.276   [0]Comp[5] @ 0x10C60000: CTI (?)
T5ADC 000:403.802   [0]Comp[6] @ 0x10E00000: ROM Table
T5ADC 000:403.860   Scanning ROMTbl @ 0x10E00000
T5ADC 000:408.263   [1]Comp[0] @ 0x10E10000: Cortex-A55
T5ADC 000:409.887   [1]Comp[1] @ 0x10E20000: CSS600-CTI
T5ADC 000:409.944   Core found. Stopped ROM table scan: https://wiki.segger.com/ROMTableScan
T5ADC 000:409.988   Cortex-A55 @ 0x10E10000 (detected)
T5ADC 000:410.021   CoreCTI @ 0x10E20000 (detected)
T5ADC 000:411.607   Debug architecture: ARMv8.2
T5ADC 000:411.661   6 code breakpoints, 4 data breakpoints
T5ADC 000:412.272   Processor features:
T5ADC 000:412.326     EL0 support: AArch64 + AArch32
T5ADC 000:412.357     EL1 support: AArch64 + AArch32
T5ADC 000:412.387     EL2 support: AArch64 + AArch32
T5ADC 000:412.420     EL3 support: AArch64 + AArch32
T5ADC 000:412.450     FPU support: Single + Double + Conversion + single arithmetic
T5ADC 000:413.153   -- Max. mem block: 0x0001D7B0
T5ADC 000:422.783   Current exception level: EL3
T5ADC 000:422.846   Exception level AArch usage:
T5ADC 000:422.877     EL0: AArch64
T5ADC 000:422.907     EL1: AArch64
T5ADC 000:422.939     EL2: AArch64
T5ADC 000:422.969     EL3: AArch64
T5ADC 000:422.998   Non-secure status: Secure
T5ADC 000:423.867   Cache info:
T5ADC 000:423.945     Inner cache boundary: L2
T5ADC 000:423.975     LoU Uniprocessor: 0
T5ADC 000:424.006     LoC: 2
T5ADC 000:424.039     LoU Inner Shareable: 0
T5ADC 000:426.797   I-Cache L1: 32 KB, 128 Sets, 64 Bytes/Line, 4-Way
T5ADC 000:426.855   D-Cache L1: 32 KB, 128 Sets, 64 Bytes/Line, 4-Way
T5ADC 000:426.887   Unified-Cache L2: 256 KB, 256 Sets, 64 Bytes/Line, 16-Way
T5ADC 000:427.765   VMSAv8-64: Supports 48-bit VAs
T5ADC 000:427.849 - 47.769ms returns 0x00
T5ADC 000:427.885 JLINK_Halt()
T5ADC 000:427.907 - 0.022ms returns 0x00
T5ADC 000:427.929 JLINK_IsHalted()
T5ADC 000:427.956 - 0.027ms returns TRUE
T5ADC 000:427.982 JLINK_ResetPullsRESET(ON)
T5ADC 000:428.005 - 0.022ms
T5ADC 000:428.028 JLINK_Reset()
T5ADC 000:428.059   JLINK_GetResetTypeDesc
T5ADC 000:428.081   - 0.021ms
T5ADC 000:428.103   Reset type: NORMAL (https://wiki.segger.com/J-Link_Reset_Strategies)
T5ADC 000:550.572   Reset confused the core.
T5ADC 000:551.421   Disabled core power domain detected.
T5ADC 000:553.205   
  ***** Warning: 
T5ADC 000:553.268   CPU not halted after Reset, halting using Halt request
T5ADC 000:571.220 - 143.191ms
T5ADC 000:572.031 JLINK_IsHalted()
T5ADC 000:572.076 - 0.045ms returns TRUE
T5ADC 000:572.365 JLINK_MeasureCPUSpeed(RAMAddr = 0xFFFFFFFF)
T5ADC 000:572.392 - 0.027ms returns 0
T5ADC 000:572.531 JLINK_ReadRegs_64(NumRegs = 1, Indexes: 
T5ADC 000:572.552   41)
T5ADC 000:572.582    -- CPSR=0x800003CD
T5ADC 000:572.611 - 0.080ms returns 0
T55E4 003:470.724 JLINK_BeginDownload(Flags = 0x00000000)
T55E4 003:470.848 - 0.126ms
T55E4 003:507.293 JLINK_WriteMem(0x20000000, 0xBD0 Bytes, ...)
T55E4 003:507.448   Data:  00 88 00 00 FF FF FF FF FF FF FF FF FF FF FF FF ...
T55E4 003:507.962   completely In flash
T55E4 003:508.095 - 0.803ms returns 0xBD0
T55E4 003:509.925 JLINK_WriteMem(0x20000BD0, 0xBC0 Bytes, ...)
T55E4 003:510.030   Data:  A1 FF FF 97 F5 FF FF 17 63 01 80 12 F3 FF FF 17 ...
T55E4 003:510.112   completely In flash
T55E4 003:510.184 - 0.260ms returns 0xBC0
T55E4 003:511.514 JLINK_WriteMem(0x20001790, 0xBB0 Bytes, ...)
T55E4 003:511.618   Data:  E0 13 40 F9 01 00 80 D2 42 00 00 90 42 20 27 91 ...
T55E4 003:511.696   completely In flash
T55E4 003:511.775 - 0.261ms returns 0xBB0
T55E4 003:512.664 JLINK_WriteMem(0x20002340, 0xBB0 Bytes, ...)
T55E4 003:512.770   Data:  01 00 80 52 03 04 40 B9 21 04 00 11 02 84 40 B8 ...
T55E4 003:512.851   completely In flash
T55E4 003:512.925 - 0.262ms returns 0xBB0
T55E4 003:513.714 JLINK_WriteMem(0x20002EF0, 0xBB0 Bytes, ...)
T55E4 003:513.790   Data:  01 00 00 B9 20 00 80 52 35 F6 FF 97 81 24 80 D2 ...
T55E4 003:513.865   completely In flash
T55E4 003:513.940 - 0.226ms returns 0xBB0
T55E4 003:515.630 JLINK_WriteMem(0x20003AA0, 0xBB0 Bytes, ...)
T55E4 003:515.744   Data:  E1 3F 1F 32 20 20 A2 F2 01 00 00 B9 81 4E 81 D2 ...
T55E4 003:515.822   completely In flash
T55E4 003:515.891 - 0.260ms returns 0xBB0
T55E4 003:517.592 JLINK_WriteMem(0x20004650, 0xBB0 Bytes, ...)
T55E4 003:517.670   Data:  20 00 80 52 5E F0 FF 97 74 01 00 36 33 FF FF 35 ...
T55E4 003:517.734   completely In flash
T55E4 003:517.800 - 0.208ms returns 0xBB0
T55E4 003:518.928 JLINK_WriteMem(0x20005200, 0xBB0 Bytes, ...)
T55E4 003:519.078   Data:  BF 2A 00 71 40 01 00 54 62 0A 40 F9 E1 03 13 AA ...
T55E4 003:519.210   completely In flash
T55E4 003:519.338 - 0.410ms returns 0xBB0
T55E4 003:520.200 JLINK_WriteMem(0x20005DB0, 0xBE0 Bytes, ...)
T55E4 003:520.336   Data:  00 00 00 00 00 00 00 00 00 BA 01 00 00 00 00 00 ...
T55E4 003:520.513   completely In flash
T55E4 003:520.646 - 0.446ms returns 0xBE0
T55E4 003:521.523 JLINK_WriteMem(0x20006990, 0xBE0 Bytes, ...)
T55E4 003:521.642   Data:  0C 05 00 00 00 00 00 00 10 05 00 00 FF FF 0F 03 ...
T55E4 003:521.769   completely In flash
T55E4 003:521.886 - 0.363ms returns 0xBE0
T55E4 003:522.760 JLINK_WriteMem(0x20007570, 0xBE0 Bytes, ...)
T55E4 003:522.870   Data:  20 74 6F 20 70 75 6C 6C 20 75 70 20 57 50 23 53 ...
T55E4 003:522.964   completely In flash
T55E4 003:523.043 - 0.283ms returns 0xBE0
T55E4 003:523.796 JLINK_WriteMem(0x20008150, 0x8B0 Bytes, ...)
T55E4 003:523.876   Data:  00 00 00 00 00 00 00 00 00 00 00 00 00 00 00 00 ...
T55E4 003:523.960   completely In flash
T55E4 003:524.043 - 0.247ms returns 0x8B0
T55E4 003:691.060 JLINK_WriteMem(0x20020000, 0xBE0 Bytes, ...)
T55E4 003:691.155   Data:  00 00 20 40 00 00 00 00 FF FF DF BF FF FF FF FF ...
T55E4 003:691.208   completely In flash
T55E4 003:691.253 - 0.194ms returns 0xBE0
T55E4 003:691.907 JLINK_WriteMem(0x20020BE0, 0xBE0 Bytes, ...)
T55E4 003:691.956   Data:  00 00 00 00 00 00 00 00 00 00 00 00 00 00 00 00 ...
T55E4 003:692.006   completely In flash
T55E4 003:692.054 - 0.147ms returns 0xBE0
T55E4 003:692.744 JLINK_WriteMem(0x200217C0, 0xBE0 Bytes, ...)
T55E4 003:692.871   Data:  1F 20 03 D5 1F 20 03 D5 1F 20 03 D5 1F 20 03 D5 ...
T55E4 003:692.956   completely In flash
T55E4 003:693.029 - 0.286ms returns 0xBE0
T55E4 003:693.702 JLINK_WriteMem(0x200223A0, 0xBE0 Bytes, ...)
T55E4 003:693.784   Data:  1F 20 03 D5 1F 20 03 D5 1F 20 03 D5 1F 20 03 D5 ...
T55E4 003:693.858   completely In flash
T55E4 003:693.926 - 0.224ms returns 0xBE0
T55E4 003:694.665 JLINK_WriteMem(0x20022F80, 0xBB0 Bytes, ...)
T55E4 003:694.746   Data:  E4 17 BF A9 E6 1F BF A9 E4 03 00 AA E1 8F 1F F8 ...
T55E4 003:694.821   completely In flash
T55E4 003:694.888 - 0.222ms returns 0xBB0
T55E4 003:695.448 JLINK_WriteMem(0x20023B30, 0xBB0 Bytes, ...)
T55E4 003:695.550   Data:  FD 7B BF A9 FD 03 00 91 00 08 40 B9 1F 08 00 71 ...
T55E4 003:695.620   completely In flash
T55E4 003:695.685 - 0.238ms returns 0xBB0
T55E4 003:696.384 JLINK_WriteMem(0x200246E0, 0xBC0 Bytes, ...)
T55E4 003:696.451   Data:  FD 7B C2 A8 C0 03 5F D6 00 00 80 D2 FD FF FF 17 ...
T55E4 003:696.522   completely In flash
T55E4 003:696.570 - 0.187ms returns 0xBC0
T55E4 003:697.199 JLINK_WriteMem(0x200252A0, 0xBD0 Bytes, ...)
T55E4 003:697.240   Data:  E3 30 40 F9 E1 00 40 F9 48 B0 00 94 FD 7B C1 A8 ...
T55E4 003:697.288   completely In flash
T55E4 003:697.335 - 0.136ms returns 0xBD0
T55E4 003:698.034 JLINK_WriteMem(0x20025E70, 0xBC0 Bytes, ...)
T55E4 003:698.132   Data:  FD 7B BE A9 FD 03 00 91 F3 0B 00 F9 F3 03 00 AA ...
T55E4 003:698.248   completely In flash
T55E4 003:698.318 - 0.285ms returns 0xBC0
T55E4 003:699.108 JLINK_WriteMem(0x20026A30, 0xBC0 Bytes, ...)
T55E4 003:699.202   Data:  58 AF E5 40 00 00 00 00 F8 A8 4E 40 00 00 00 00 ...
T55E4 003:699.266   completely In flash
T55E4 003:699.330 - 0.223ms returns 0xBC0
T55E4 003:700.040 JLINK_WriteMem(0x200275F0, 0xBB0 Bytes, ...)
T55E4 003:700.101   Data:  FF C3 00 D1 FD 7B 02 A9 FD 83 00 91 00 00 00 90 ...
T55E4 003:700.275   completely In flash
T55E4 003:700.367 - 0.327ms returns 0xBB0
T55E4 003:701.235 JLINK_WriteMem(0x200281A0, 0xBB0 Bytes, ...)
T55E4 003:701.332   Data:  50 BE E5 40 00 00 00 00 28 BD E5 40 00 00 00 00 ...
T55E4 003:701.444   completely In flash
T55E4 003:701.543 - 0.308ms returns 0xBB0
T55E4 003:703.561 JLINK_WriteMem(0x20028D50, 0xBB0 Bytes, ...)
T55E4 003:703.734   Data:  DF 00 01 EB 20 06 00 54 27 64 40 F9 C7 64 00 F9 ...
T55E4 003:703.910   completely In flash
T55E4 003:704.254 - 0.690ms returns 0xBB0
T55E4 003:705.562 JLINK_WriteMem(0x20029900, 0xBC0 Bytes, ...)
T55E4 003:705.705   Data:  60 00 00 B9 24 10 01 B9 9F 00 16 6B 02 F4 FF 54 ...
T55E4 003:705.924   completely In flash
T55E4 003:706.057 - 0.495ms returns 0xBC0
T55E4 003:707.439 JLINK_WriteMem(0x2002A4C0, 0xBD0 Bytes, ...)
T55E4 003:707.642   Data:  00 04 00 11 20 00 00 B9 42 7C 40 92 22 42 1B D5 ...
T55E4 003:707.861   completely In flash
T55E4 003:708.060 - 0.624ms returns 0xBD0
T55E4 003:709.996 JLINK_WriteMem(0x2002B090, 0xBD0 Bytes, ...)
T55E4 003:710.186   Data:  60 BE E5 40 00 00 00 00 30 BD E5 40 00 00 00 00 ...
T55E4 003:710.322   completely In flash
T55E4 003:710.441 - 0.448ms returns 0xBD0
T55E4 003:711.338 JLINK_WriteMem(0x2002BC60, 0xBD0 Bytes, ...)
T55E4 003:711.456   Data:  1F 00 04 6B C9 00 00 54 7F 02 14 EB 80 00 00 54 ...
T55E4 003:711.575   completely In flash
T55E4 003:711.690 - 0.352ms returns 0xBD0
T55E4 003:712.361 JLINK_WriteMem(0x2002C830, 0xBC0 Bytes, ...)
T55E4 003:712.460   Data:  3F 00 00 6B C1 02 00 54 60 32 40 79 40 03 70 37 ...
T55E4 003:712.578   completely In flash
T55E4 003:712.692 - 0.331ms returns 0xBC0
T55E4 003:713.470 JLINK_WriteMem(0x2002D3F0, 0xBC0 Bytes, ...)
T55E4 003:713.582   Data:  E0 03 13 AA 3B 80 00 94 60 00 00 35 73 06 40 F9 ...
T55E4 003:713.703   completely In flash
T55E4 003:713.826 - 0.356ms returns 0xBC0
T55E4 003:714.588 JLINK_WriteMem(0x2002DFB0, 0xBA0 Bytes, ...)
T55E4 003:714.732   Data:  00 68 63 F8 60 08 00 B4 21 37 C0 39 61 22 21 0B ...
T55E4 003:714.854   completely In flash
T55E4 003:714.968 - 0.381ms returns 0xBA0
T55E4 003:716.020 JLINK_WriteMem(0x2002EB50, 0xBC0 Bytes, ...)
T55E4 003:716.144   Data:  41 14 40 F9 C1 02 00 B4 42 18 40 F9 C2 02 00 B4 ...
T55E4 003:716.249   completely In flash
T55E4 003:716.354 - 0.336ms returns 0xBC0
T55E4 003:716.900 JLINK_WriteMem(0x2002F710, 0xBB0 Bytes, ...)
T55E4 003:716.975   Data:  E0 53 C0 79 20 00 00 4B 00 7C 40 93 0A C0 2A 8B ...
T55E4 003:717.040   completely In flash
T55E4 003:717.117 - 0.218ms returns 0xBB0
T55E4 003:718.054 JLINK_WriteMem(0x200302C0, 0xBB0 Bytes, ...)
T55E4 003:718.193   Data:  F2 FF FF 17 1F 20 03 D5 60 EF E5 40 00 00 00 00 ...
T55E4 003:718.319   completely In flash
T55E4 003:718.434 - 0.381ms returns 0xBB0
T55E4 003:719.470 JLINK_WriteMem(0x20030E70, 0xBB0 Bytes, ...)
T55E4 003:719.593   Data:  18 C9 21 40 00 00 00 00 C8 C8 21 40 00 00 00 00 ...
T55E4 003:719.704   completely In flash
T55E4 003:719.811 - 0.342ms returns 0xBB0
T55E4 003:720.554 JLINK_WriteMem(0x20031A20, 0xBA0 Bytes, ...)
T55E4 003:720.663   Data:  EC 03 03 2A 9F 01 02 6B EC 03 00 54 85 08 40 F9 ...
T55E4 003:720.784   completely In flash
T55E4 003:720.900 - 0.346ms returns 0xBA0
T55E4 003:721.586 JLINK_WriteMem(0x200325C0, 0xB80 Bytes, ...)
T55E4 003:721.698   Data:  A1 00 01 4B 21 7C 40 93 21 C0 24 8B 21 00 01 8B ...
T55E4 003:721.824   completely In flash
T55E4 003:721.937 - 0.351ms returns 0xB80
T55E4 003:722.588 JLINK_WriteMem(0x20033140, 0xBA0 Bytes, ...)
T55E4 003:722.698   Data:  AB FE FF 54 A3 02 40 79 A0 06 40 39 00 10 1D 12 ...
T55E4 003:722.822   completely In flash
T55E4 003:722.938 - 0.351ms returns 0xBA0
T55E4 003:723.594 JLINK_WriteMem(0x20033CE0, 0xBB0 Bytes, ...)
T55E4 003:723.704   Data:  A2 02 C0 79 41 00 01 4B 14 C8 21 8B B8 0A C0 79 ...
T55E4 003:723.833   completely In flash
T55E4 003:723.952 - 0.358ms returns 0xBB0
T55E4 003:724.610 JLINK_WriteMem(0x20034890, 0xBC0 Bytes, ...)
T55E4 003:724.733   Data:  01 08 00 11 3A 04 00 12 00 04 00 11 05 04 00 12 ...
T55E4 003:724.854   completely In flash
T55E4 003:725.140 - 0.529ms returns 0xBC0
T55E4 003:725.937 JLINK_WriteMem(0x20035450, 0xBB0 Bytes, ...)
T55E4 003:726.048   Data:  5A 07 00 51 21 00 18 0B 9F 02 1A 6B 2C 01 00 54 ...
T55E4 003:726.164   completely In flash
T55E4 003:726.286 - 0.349ms returns 0xBB0
T55E4 003:727.079 JLINK_WriteMem(0x20036000, 0xBA0 Bytes, ...)
T55E4 003:727.166   Data:  FF 7F 00 B9 69 00 00 14 39 07 00 11 3F 0F 00 71 ...
T55E4 003:727.242   completely In flash
T55E4 003:727.299 - 0.220ms returns 0xBA0
T55E4 003:727.765 JLINK_WriteMem(0x20036BA0, 0xBA0 Bytes, ...)
T55E4 003:727.817   Data:  B5 56 95 DA 17 9B 40 39 F7 3F 00 34 F9 6B 04 A9 ...
T55E4 003:727.871   completely In flash
T55E4 003:727.926 - 0.160ms returns 0xBA0
T55E4 003:728.384 JLINK_WriteMem(0x20037740, 0xB90 Bytes, ...)
T55E4 003:728.436   Data:  E3 6F 40 B9 E0 7B 40 B9 E2 02 00 4B E1 03 14 2A ...
T55E4 003:728.500   completely In flash
T55E4 003:728.564 - 0.181ms returns 0xB90
T55E4 003:729.727 JLINK_WriteMem(0x200382D0, 0xB80 Bytes, ...)
T55E4 003:729.807   Data:  01 00 00 90 21 F4 43 F9 E2 BB 40 B9 E3 93 40 B9 ...
T55E4 003:729.877   completely In flash
T55E4 003:729.945 - 0.219ms returns 0xB80
T55E4 003:730.544 JLINK_WriteMem(0x20038E50, 0xB90 Bytes, ...)
T55E4 003:730.602   Data:  62 03 1A 4B 42 04 00 11 19 00 80 52 40 00 02 0B ...
T55E4 003:730.670   completely In flash
T55E4 003:730.743 - 0.199ms returns 0xB90
T55E4 003:731.581 JLINK_WriteMem(0x200399E0, 0xBA0 Bytes, ...)
T55E4 003:731.666   Data:  B5 0A 00 11 D6 06 00 11 DF 02 19 6B 6C 00 00 54 ...
T55E4 003:731.738   completely In flash
T55E4 003:731.800 - 0.220ms returns 0xBA0
T55E4 003:732.383 JLINK_WriteMem(0x2003A580, 0xBC0 Bytes, ...)
T55E4 003:732.440   Data:  E1 7B 00 B9 B6 7E 14 1B D6 22 20 0B D6 3E 00 13 ...
T55E4 003:732.484   completely In flash
T55E4 003:732.526 - 0.144ms returns 0xBC0
T55E4 003:733.203 JLINK_WriteMem(0x2003B140, 0xBA0 Bytes, ...)
T55E4 003:733.268   Data:  22 00 00 8B 34 68 60 78 E0 83 40 B9 01 3C 00 12 ...
T55E4 003:733.315   completely In flash
T55E4 003:733.361 - 0.158ms returns 0xBA0
T55E4 003:733.947 JLINK_WriteMem(0x2003BCE0, 0xBB0 Bytes, ...)
T55E4 003:733.982   Data:  83 01 F8 37 81 02 14 0B 60 00 80 52 00 00 01 4B ...
T55E4 003:734.029   completely In flash
T55E4 003:734.072 - 0.125ms returns 0xBB0
T55E4 003:734.583 JLINK_WriteMem(0x2003C890, 0xBB0 Bytes, ...)
T55E4 003:734.623   Data:  9C 03 00 8B C0 0E C0 79 C1 06 C0 79 00 00 01 4B ...
T55E4 003:734.670   completely In flash
T55E4 003:734.714 - 0.131ms returns 0xBB0
T55E4 003:735.251 JLINK_WriteMem(0x2003D440, 0xB90 Bytes, ...)
T55E4 003:735.298   Data:  2A 05 00 11 4A 3D 00 13 E2 03 0A 2A E0 FF FF 17 ...
T55E4 003:735.345   completely In flash
T55E4 003:735.388 - 0.138ms returns 0xB90
T55E4 003:736.032 JLINK_WriteMem(0x2003DFD0, 0xB90 Bytes, ...)
T55E4 003:736.067   Data:  E3 03 14 2A E2 03 16 2A E1 03 18 2A E0 03 13 2A ...
T55E4 003:736.110   completely In flash
T55E4 003:736.154 - 0.122ms returns 0xB90
T55E4 003:736.730 JLINK_WriteMem(0x2003EB60, 0xB80 Bytes, ...)
T55E4 003:736.766   Data:  E5 03 04 91 E4 B7 40 B9 E3 B3 40 B9 F3 BB 40 B9 ...
T55E4 003:736.808   completely In flash
T55E4 003:736.852 - 0.122ms returns 0xB80
T55E4 003:737.442 JLINK_WriteMem(0x2003F6E0, 0xBA0 Bytes, ...)
T55E4 003:737.625   Data:  0B FA 80 52 AB 78 20 B8 00 04 00 91 BF 78 20 B8 ...
T55E4 003:737.696   completely In flash
T55E4 003:737.768 - 0.326ms returns 0xBA0
T55E4 003:738.597 JLINK_WriteMem(0x20040280, 0xBA0 Bytes, ...)
T55E4 003:738.714   Data:  1C 02 00 35 00 00 00 90 00 A4 40 F9 02 0C 40 A9 ...
T55E4 003:738.786   completely In flash
T55E4 003:738.857 - 0.261ms returns 0xBA0
T55E4 003:739.406 JLINK_WriteMem(0x20040E20, 0xBC0 Bytes, ...)
T55E4 003:739.469   Data:  00 00 80 52 F7 FF FF 17 00 00 80 52 F5 FF FF 17 ...
T55E4 003:739.538   completely In flash
T55E4 003:739.608 - 0.201ms returns 0xBC0
T55E4 003:740.388 JLINK_WriteMem(0x200419E0, 0xBB0 Bytes, ...)
T55E4 003:740.480   Data:  01 0C 01 8B 25 18 40 79 A5 00 0A 0B A5 3C 00 12 ...
T55E4 003:740.733   completely In flash
T55E4 003:741.016 - 0.627ms returns 0xBB0
T55E4 003:741.755 JLINK_WriteMem(0x20042590, 0xBC0 Bytes, ...)
T55E4 003:741.875   Data:  E1 1F 80 52 FA FF FF 17 02 00 80 52 E5 00 F8 37 ...
T55E4 003:741.994   completely In flash
T55E4 003:742.101 - 0.346ms returns 0xBC0
T55E4 003:742.936 JLINK_WriteMem(0x20043150, 0xBC0 Bytes, ...)
T55E4 003:743.011   Data:  68 EF E5 40 00 00 00 00 60 EF E5 40 00 00 00 00 ...
T55E4 003:743.076   completely In flash
T55E4 003:743.138 - 0.203ms returns 0xBC0
T55E4 003:743.908 JLINK_WriteMem(0x20043D10, 0xBA0 Bytes, ...)
T55E4 003:743.999   Data:  02 64 00 B9 B1 FF FF 17 02 00 00 90 42 20 46 F9 ...
T55E4 003:744.103   completely In flash
T55E4 003:744.208 - 0.300ms returns 0xBA0
T55E4 003:745.037 JLINK_WriteMem(0x200448B0, 0xBD0 Bytes, ...)
T55E4 003:745.140   Data:  01 00 00 39 E0 FF FF 17 01 00 40 39 E2 BF 40 39 ...
T55E4 003:745.258   completely In flash
T55E4 003:745.367 - 0.329ms returns 0xBD0
T55E4 003:746.182 JLINK_WriteMem(0x20045480, 0xBC0 Bytes, ...)
T55E4 003:746.280   Data:  26 08 00 11 06 0C 00 B9 A4 C8 64 38 21 0C 00 11 ...
T55E4 003:746.399   completely In flash
T55E4 003:746.510 - 0.328ms returns 0xBC0
T55E4 003:747.498 JLINK_WriteMem(0x20046040, 0xBC0 Bytes, ...)
T55E4 003:747.605   Data:  65 C8 62 38 61 0E 00 B9 62 C8 61 38 A2 20 02 2A ...
T55E4 003:747.695   completely In flash
T55E4 003:747.772 - 0.275ms returns 0xBC0
T55E4 003:748.746 JLINK_WriteMem(0x20046C00, 0xBB0 Bytes, ...)
T55E4 003:748.886   Data:  58 2C 24 40 00 00 00 00 60 2C 24 40 00 00 00 00 ...
T55E4 003:749.192   completely In flash
T55E4 003:749.239 - 0.495ms returns 0xBB0
T55E4 003:749.862 JLINK_WriteMem(0x200477B0, 0xBC0 Bytes, ...)
T55E4 003:749.977   Data:  40 EE FF 35 E1 03 15 AA E0 03 13 AA 7C FE FF 97 ...
T55E4 003:750.091   completely In flash
T55E4 003:750.193 - 0.331ms returns 0xBC0
T55E4 003:750.793 JLINK_WriteMem(0x20048370, 0xBC0 Bytes, ...)
T55E4 003:750.880   Data:  E0 03 13 AA C7 19 00 94 F3 53 41 A9 FD 7B C2 A8 ...
T55E4 003:750.965   completely In flash
T55E4 003:751.042 - 0.249ms returns 0xBC0
T55E4 003:751.863 JLINK_WriteMem(0x20048F30, 0xBD0 Bytes, ...)
T55E4 003:751.970   Data:  E5 FF FF 17 00 02 80 52 E6 FF FF 17 FD 7B BE A9 ...
T55E4 003:752.082   completely In flash
T55E4 003:752.191 - 0.328ms returns 0xBD0
T55E4 003:752.985 JLINK_WriteMem(0x20049B00, 0xBD0 Bytes, ...)
T55E4 003:753.089   Data:  1F 44 04 B9 2F 08 00 94 F3 53 41 A9 E0 03 17 2A ...
T55E4 003:753.204   completely In flash
T55E4 003:753.316 - 0.331ms returns 0xBD0
T55E4 003:754.001 JLINK_WriteMem(0x2004A6D0, 0xBD0 Bytes, ...)
T55E4 003:754.099   Data:  F5 5B 03 A9 00 00 00 90 00 C4 44 F9 1F 00 00 F9 ...
T55E4 003:754.211   completely In flash
T55E4 003:754.322 - 0.321ms returns 0xBD0
T55E4 003:755.710 JLINK_WriteMem(0x2004B2A0, 0xBC0 Bytes, ...)
T55E4 003:755.844   Data:  3F 00 00 F9 3F 08 00 B9 03 00 40 F9 C3 00 00 B4 ...
T55E4 003:755.964   completely In flash
T55E4 003:756.072 - 0.363ms returns 0xBC0
T55E4 003:756.889 JLINK_WriteMem(0x2004BE60, 0xBB0 Bytes, ...)
T55E4 003:756.994   Data:  E0 97 00 79 00 3F 00 12 00 04 00 51 E0 9F 00 79 ...
T55E4 003:757.100   completely In flash
T55E4 003:757.198 - 0.309ms returns 0xBB0
T55E4 003:758.008 JLINK_WriteMem(0x2004CA10, 0xBD0 Bytes, ...)
T55E4 003:758.116   Data:  C0 02 13 4B E1 4F 40 B9 00 7C 01 1B E1 4B 40 B9 ...
T55E4 003:758.265   completely In flash
T55E4 003:758.451 - 0.443ms returns 0xBD0
T55E4 003:759.428 JLINK_WriteMem(0x2004D5E0, 0xBA0 Bytes, ...)
T55E4 003:759.488   Data:  00 00 80 52 42 00 00 B4 43 00 00 F9 C0 03 5F D6 ...
T55E4 003:759.533   completely In flash
T55E4 003:759.632 - 0.203ms returns 0xBA0
T55E4 003:760.489 JLINK_WriteMem(0x2004E180, 0xBD0 Bytes, ...)
T55E4 003:760.620   Data:  60 82 40 79 00 04 00 11 00 3C 00 13 61 86 40 79 ...
T55E4 003:760.750   completely In flash
T55E4 003:760.879 - 0.390ms returns 0xBD0
T55E4 003:761.522 JLINK_WriteMem(0x2004ED50, 0xBB0 Bytes, ...)
T55E4 003:761.602   Data:  2B 00 00 14 80 66 40 B9 15 00 02 12 00 05 F0 36 ...
T55E4 003:761.669   completely In flash
T55E4 003:761.846 - 0.323ms returns 0xBB0
T55E4 003:763.017 JLINK_WriteMem(0x2004F900, 0xBC0 Bytes, ...)
T55E4 003:763.197   Data:  54 FB FF 97 E0 03 13 AA 54 E9 FF 97 60 EA 40 79 ...
T55E4 003:763.293   completely In flash
T55E4 003:763.360 - 0.345ms returns 0xBC0
T55E4 003:763.880 JLINK_WriteMem(0x200504C0, 0xBD0 Bytes, ...)
T55E4 003:763.944   Data:  41 04 40 B9 00 00 01 4B 00 3C 00 13 E1 CC 8C 52 ...
T55E4 003:763.988   completely In flash
T55E4 003:764.032 - 0.152ms returns 0xBD0
T55E4 003:764.728 JLINK_WriteMem(0x20051090, 0xBD0 Bytes, ...)
T55E4 003:764.786   Data:  84 00 40 B9 E4 00 00 34 04 00 00 90 84 6C 47 F9 ...
T55E4 003:764.834   completely In flash
T55E4 003:764.876 - 0.148ms returns 0xBD0
T55E4 003:765.734 JLINK_WriteMem(0x20051C60, 0xBD0 Bytes, ...)
T55E4 003:765.801   Data:  64 01 00 34 FD 7B BF A9 FD 03 00 91 1C E9 FF 97 ...
T55E4 003:765.846   completely In flash
T55E4 003:765.888 - 0.155ms returns 0xBD0
T55E4 003:766.296 JLINK_WriteMem(0x20052830, 0xBD0 Bytes, ...)
T55E4 003:766.332   Data:  83 06 00 58 62 00 40 B9 5F 00 00 71 00 01 00 54 ...
T55E4 003:766.390   completely In flash
T55E4 003:766.446 - 0.150ms returns 0xBD0
T55E4 003:766.894 JLINK_WriteMem(0x20053400, 0xBC0 Bytes, ...)
T55E4 003:766.951   Data:  FD 03 00 91 F3 53 01 A9 F5 5B 02 A9 F7 1B 00 F9 ...
T55E4 003:767.023   completely In flash
T55E4 003:767.094 - 0.200ms returns 0xBC0
T55E4 003:767.586 JLINK_WriteMem(0x20053FC0, 0xBD0 Bytes, ...)
T55E4 003:767.646   Data:  E5 FF FF 97 00 00 80 52 FD 7B C1 A8 C0 03 5F D6 ...
T55E4 003:767.716   completely In flash
T55E4 003:767.786 - 0.200ms returns 0xBD0
T55E4 003:768.430 JLINK_WriteMem(0x20054B90, 0xBB0 Bytes, ...)
T55E4 003:768.508   Data:  21 00 06 0B 41 08 00 B9 63 04 00 11 7F 00 05 6B ...
T55E4 003:768.575   completely In flash
T55E4 003:768.642 - 0.212ms returns 0xBB0
T55E4 003:769.165 JLINK_WriteMem(0x20055740, 0xBD0 Bytes, ...)
T55E4 003:769.262   Data:  42 30 00 12 03 58 40 B9 63 30 10 53 42 00 03 2A ...
T55E4 003:769.370   completely In flash
T55E4 003:769.483 - 0.317ms returns 0xBD0
T55E4 003:770.142 JLINK_WriteMem(0x20056310, 0xBD0 Bytes, ...)
T55E4 003:770.244   Data:  83 00 80 52 62 08 10 33 02 18 39 B9 03 14 79 B9 ...
T55E4 003:770.358   completely In flash
T55E4 003:770.464 - 0.323ms returns 0xBD0
T55E4 003:771.326 JLINK_WriteMem(0x20056EE0, 0xB80 Bytes, ...)
T55E4 003:771.422   Data:  40 00 40 B9 23 00 80 52 03 40 A0 72 00 00 03 2A ...
T55E4 003:771.489   completely In flash
T55E4 003:771.554 - 0.228ms returns 0xB80
T55E4 003:772.028 JLINK_WriteMem(0x20057A60, 0xBC0 Bytes, ...)
T55E4 003:772.114   Data:  C0 00 00 35 00 00 86 D2 60 20 A2 F2 1F 50 00 39 ...
T55E4 003:772.184   completely In flash
T55E4 003:772.244 - 0.216ms returns 0xBC0
T55E4 003:772.885 JLINK_WriteMem(0x20058620, 0xBD0 Bytes, ...)
T55E4 003:772.948   Data:  01 78 05 B9 21 20 A2 D2 22 F8 46 B9 A1 00 80 52 ...
T55E4 003:772.998   completely In flash
T55E4 003:773.041 - 0.156ms returns 0xBD0
T55E4 003:773.650 JLINK_WriteMem(0x200591F0, 0xBB0 Bytes, ...)
T55E4 003:773.687   Data:  01 00 01 8B 02 00 00 B0 42 30 40 F9 3F 00 02 EB ...
T55E4 003:773.738   completely In flash
T55E4 003:773.783 - 0.133ms returns 0xBB0
T55E4 003:774.301 JLINK_WriteMem(0x20059DA0, 0xBB0 Bytes, ...)
T55E4 003:774.362   Data:  A0 00 00 54 F3 53 41 A9 E0 03 01 AA FD 7B C2 A8 ...
T55E4 003:774.446   completely In flash
T55E4 003:774.509 - 0.208ms returns 0xBB0
T55E4 003:775.638 JLINK_WriteMem(0x2005A950, 0xBC0 Bytes, ...)
T55E4 003:775.697   Data:  42 DC 46 F9 03 08 00 F9 5F 00 01 EB 28 FC FF 54 ...
T55E4 003:775.876   completely In flash
T55E4 003:775.980 - 0.340ms returns 0xBC0
T55E4 003:776.518 JLINK_WriteMem(0x2005B510, 0xBC0 Bytes, ...)
T55E4 003:776.559   Data:  19 00 80 D2 07 00 80 52 18 00 80 52 FF 8B 00 B9 ...
T55E4 003:776.603   completely In flash
T55E4 003:776.645 - 0.127ms returns 0xBC0
T55E4 003:777.288 JLINK_WriteMem(0x2005C0D0, 0xBB0 Bytes, ...)
T55E4 003:777.362   Data:  FF 00 00 71 FA 03 01 AA F9 A0 9F 5A FD FC FF 17 ...
T55E4 003:777.433   completely In flash
T55E4 003:777.620 - 0.332ms returns 0xBB0
T55E4 003:778.453 JLINK_WriteMem(0x2005CC80, 0xBC0 Bytes, ...)
T55E4 003:778.509   Data:  FB A3 06 91 19 00 80 D2 FF 8C 01 71 EC 54 00 54 ...
T55E4 003:778.553   completely In flash
T55E4 003:778.596 - 0.144ms returns 0xBC0
T55E4 003:779.180 JLINK_WriteMem(0x2005D840, 0xBC0 Bytes, ...)
T55E4 003:779.286   Data:  E0 F7 40 B9 01 40 00 11 3F 00 00 71 ED 34 00 54 ...
T55E4 003:779.394   completely In flash
T55E4 003:779.503 - 0.322ms returns 0xBC0
T55E4 003:780.423 JLINK_WriteMem(0x2005E400, 0xBD0 Bytes, ...)
T55E4 003:780.523   Data:  FA 52 9F 1A AF FD FF 17 E2 53 40 F9 E0 93 40 B9 ...
T55E4 003:780.626   completely In flash
T55E4 003:780.728 - 0.306ms returns 0xBD0
T55E4 003:782.156 JLINK_WriteMem(0x2005EFD0, 0xBB0 Bytes, ...)
T55E4 003:782.277   Data:  60 22 C0 79 43 FF FF 17 F3 53 41 A9 F7 63 43 A9 ...
T55E4 003:782.376   completely In flash
T55E4 003:782.443 - 0.289ms returns 0xBB0
T55E4 003:783.068 JLINK_WriteMem(0x2005FB80, 0xBD0 Bytes, ...)
T55E4 003:783.155   Data:  FF 06 00 71 6D 4F 00 54 A3 06 00 51 7F 03 03 6B ...
T55E4 003:783.247   completely In flash
T55E4 003:783.347 - 0.279ms returns 0xBD0
T55E4 003:784.036 JLINK_WriteMem(0x20060750, 0xBD0 Bytes, ...)
T55E4 003:784.122   Data:  F9 3F 40 F9 20 07 80 52 A0 16 00 38 6F FE FF 17 ...
T55E4 003:784.182   completely In flash
T55E4 003:784.242 - 0.206ms returns 0xBD0
T55E4 003:785.086 JLINK_WriteMem(0x20061320, 0xBD0 Bytes, ...)
T55E4 003:785.188   Data:  00 A0 38 91 02 00 80 D2 A1 48 80 52 2F DE FF 97 ...
T55E4 003:785.262   completely In flash
T55E4 003:785.329 - 0.244ms returns 0xBD0
T55E4 003:786.080 JLINK_WriteMem(0x20061EF0, 0xBE0 Bytes, ...)
T55E4 003:786.192   Data:  E4 72 40 F9 E3 03 19 AA 82 03 40 B9 E1 C3 01 91 ...
T55E4 003:786.309   completely In flash
T55E4 003:786.422 - 0.342ms returns 0xBE0
T55E4 003:787.213 JLINK_WriteMem(0x20062AD0, 0xBD0 Bytes, ...)
T55E4 003:787.317   Data:  72 00 00 00 00 00 00 00 6D 69 6E 75 74 65 00 00 ...
T55E4 003:787.429   completely In flash
T55E4 003:787.537 - 0.325ms returns 0xBD0
T55E4 003:788.349 JLINK_WriteMem(0x200636A0, 0xBE0 Bytes, ...)
T55E4 003:788.456   Data:  00 00 00 00 00 00 00 00 00 00 00 00 00 00 00 00 ...
T55E4 003:788.566   completely In flash
T55E4 003:788.670 - 0.322ms returns 0xBE0
T55E4 003:789.678 JLINK_WriteMem(0x20064280, 0xBE0 Bytes, ...)
T55E4 003:789.784   Data:  00 00 00 00 00 00 00 00 00 00 00 00 00 00 00 00 ...
T55E4 003:789.901   completely In flash
T55E4 003:790.009 - 0.332ms returns 0xBE0
T55E4 003:790.644 JLINK_WriteMem(0x20064E60, 0xBE0 Bytes, ...)
T55E4 003:790.736   Data:  00 00 00 00 00 00 00 00 00 00 00 00 00 00 00 00 ...
T55E4 003:790.848   completely In flash
T55E4 003:790.958 - 0.314ms returns 0xBE0
T55E4 003:791.649 JLINK_WriteMem(0x20065A40, 0xBE0 Bytes, ...)
T55E4 003:791.752   Data:  00 00 00 00 00 00 00 00 00 00 00 00 00 00 00 00 ...
T55E4 003:791.864   completely In flash
T55E4 003:791.962 - 0.313ms returns 0xBE0
T55E4 003:792.688 JLINK_WriteMem(0x20066620, 0xBE0 Bytes, ...)
T55E4 003:792.778   Data:  00 00 00 00 00 00 00 00 00 00 00 00 00 00 00 00 ...
T55E4 003:792.858   completely In flash
T55E4 003:792.957 - 0.269ms returns 0xBE0
T55E4 003:793.608 JLINK_WriteMem(0x20067200, 0xBE0 Bytes, ...)
T55E4 003:793.674   Data:  00 00 00 26 00 00 00 6E 00 00 00 82 00 00 00 80 ...
T55E4 003:793.728   completely In flash
T55E4 003:793.780 - 0.173ms returns 0xBE0
T55E4 003:794.250 JLINK_WriteMem(0x20067DE0, 0xBE0 Bytes, ...)
T55E4 003:794.292   Data:  00 00 00 80 00 00 00 80 00 00 00 80 00 00 00 80 ...
T55E4 003:794.332   completely In flash
T55E4 003:794.373 - 0.124ms returns 0xBE0
T55E4 003:794.943 JLINK_WriteMem(0x200689C0, 0xBE0 Bytes, ...)
T55E4 003:795.005   Data:  00 00 00 80 00 00 00 80 00 00 00 80 00 00 00 80 ...
T55E4 003:795.060   completely In flash
T55E4 003:795.132 - 0.189ms returns 0xBE0
T55E4 003:795.759 JLINK_WriteMem(0x200695A0, 0xBE0 Bytes, ...)
T55E4 003:795.833   Data:  00 00 00 80 00 00 00 80 00 00 00 80 00 00 00 80 ...
T55E4 003:795.905   completely In flash
T55E4 003:796.008 - 0.250ms returns 0xBE0
T55E4 003:796.538 JLINK_WriteMem(0x2006A180, 0xBE0 Bytes, ...)
T55E4 003:796.580   Data:  00 00 00 80 00 00 00 80 00 00 00 80 00 00 00 80 ...
T55E4 003:796.623   completely In flash
T55E4 003:796.666 - 0.128ms returns 0xBE0
T55E4 003:797.184 JLINK_WriteMem(0x2006AD60, 0xBE0 Bytes, ...)
T55E4 003:797.227   Data:  00 00 00 80 00 00 00 80 00 00 00 80 00 00 00 80 ...
T55E4 003:797.272   completely In flash
T55E4 003:797.316 - 0.132ms returns 0xBE0
T55E4 003:798.017 JLINK_WriteMem(0x2006B940, 0xBE0 Bytes, ...)
T55E4 003:798.121   Data:  00 00 00 80 00 00 00 80 00 00 00 80 00 00 00 80 ...
T55E4 003:798.184   completely In flash
T55E4 003:798.254 - 0.237ms returns 0xBE0
T55E4 003:799.026 JLINK_WriteMem(0x2006C520, 0xBE0 Bytes, ...)
T55E4 003:799.098   Data:  00 00 00 80 00 00 00 80 00 00 00 80 00 00 00 80 ...
T55E4 003:799.163   completely In flash
T55E4 003:799.225 - 0.200ms returns 0xBE0
T55E4 003:799.882 JLINK_WriteMem(0x2006D100, 0xBE0 Bytes, ...)
T55E4 003:799.980   Data:  00 00 00 80 00 00 00 80 00 00 00 80 00 00 00 80 ...
T55E4 003:800.068   completely In flash
T55E4 003:800.166 - 0.284ms returns 0xBE0
T55E4 003:800.969 JLINK_WriteMem(0x2006DCE0, 0xBE0 Bytes, ...)
T55E4 003:801.084   Data:  00 00 00 80 00 00 00 80 00 00 00 80 00 00 00 80 ...
T55E4 003:801.185   completely In flash
T55E4 003:801.289 - 0.320ms returns 0xBE0
T55E4 003:802.125 JLINK_WriteMem(0x2006E8C0, 0xBE0 Bytes, ...)
T55E4 003:802.252   Data:  00 00 00 80 00 00 00 80 00 00 00 80 00 00 00 80 ...
T55E4 003:802.367   completely In flash
T55E4 003:802.469 - 0.344ms returns 0xBE0
T55E4 003:803.186 JLINK_WriteMem(0x2006F4A0, 0xBE0 Bytes, ...)
T55E4 003:803.286   Data:  00 00 00 80 00 00 00 80 00 00 00 80 00 00 00 80 ...
T55E4 003:803.402   completely In flash
T55E4 003:803.508 - 0.323ms returns 0xBE0
T55E4 003:804.192 JLINK_WriteMem(0x20070080, 0xBE0 Bytes, ...)
T55E4 003:804.291   Data:  00 00 00 80 00 00 00 80 00 00 00 80 00 00 00 80 ...
T55E4 003:804.402   completely In flash
T55E4 003:804.508 - 0.316ms returns 0xBE0
T55E4 003:805.208 JLINK_WriteMem(0x20070C60, 0xBE0 Bytes, ...)
T55E4 003:805.296   Data:  00 00 00 80 00 00 00 80 00 00 00 80 00 00 00 80 ...
T55E4 003:805.409   completely In flash
T55E4 003:805.518 - 0.310ms returns 0xBE0
T55E4 003:806.209 JLINK_WriteMem(0x20071840, 0xBE0 Bytes, ...)
T55E4 003:806.326   Data:  00 00 00 80 00 00 00 80 00 00 00 80 00 00 00 80 ...
T55E4 003:806.455   completely In flash
T55E4 003:806.580 - 0.371ms returns 0xBE0
T55E4 003:807.205 JLINK_WriteMem(0x20072420, 0xBE0 Bytes, ...)
T55E4 003:807.292   Data:  00 00 00 80 00 00 00 80 00 00 00 80 00 00 00 80 ...
T55E4 003:807.405   completely In flash
T55E4 003:807.512 - 0.307ms returns 0xBE0
T55E4 003:809.160 JLINK_WriteMem(0x20073000, 0xBE0 Bytes, ...)
T55E4 003:809.256   Data:  00 00 00 80 00 00 00 80 00 00 00 80 00 00 00 80 ...
T55E4 003:809.331   completely In flash
T55E4 003:809.400 - 0.241ms returns 0xBE0
T55E4 003:810.025 JLINK_WriteMem(0x20073BE0, 0xBE0 Bytes, ...)
T55E4 003:810.110   Data:  00 00 00 80 00 00 00 80 00 00 00 80 00 00 00 80 ...
T55E4 003:810.167   completely In flash
T55E4 003:810.221 - 0.197ms returns 0xBE0
T55E4 003:811.035 JLINK_WriteMem(0x200747C0, 0xBE0 Bytes, ...)
T55E4 003:811.196   Data:  00 00 00 80 00 00 00 80 00 00 00 80 00 00 00 80 ...
T55E4 003:811.316   completely In flash
T55E4 003:811.426 - 0.391ms returns 0xBE0
T55E4 003:812.072 JLINK_WriteMem(0x200753A0, 0xBE0 Bytes, ...)
T55E4 003:812.188   Data:  00 00 00 80 00 00 00 80 00 00 00 80 00 00 00 80 ...
T55E4 003:812.299   completely In flash
T55E4 003:812.406 - 0.334ms returns 0xBE0
T55E4 003:813.024 JLINK_WriteMem(0x20075F80, 0xBE0 Bytes, ...)
T55E4 003:813.130   Data:  00 00 00 80 00 00 00 80 00 00 00 80 00 00 00 80 ...
T55E4 003:813.240   completely In flash
T55E4 003:813.348 - 0.323ms returns 0xBE0
T55E4 003:813.986 JLINK_WriteMem(0x20076B60, 0xBE0 Bytes, ...)
T55E4 003:814.158   Data:  00 00 00 80 00 00 00 80 00 00 00 80 00 00 00 80 ...
T55E4 003:814.296   completely In flash
T55E4 003:814.404 - 0.418ms returns 0xBE0
T55E4 003:815.404 JLINK_WriteMem(0x20077740, 0xBE0 Bytes, ...)
T55E4 003:815.484   Data:  00 00 00 80 00 00 00 80 00 00 00 80 00 00 00 80 ...
T55E4 003:815.549   completely In flash
T55E4 003:815.611 - 0.208ms returns 0xBE0
T55E4 003:816.060 JLINK_WriteMem(0x20078320, 0xBE0 Bytes, ...)
T55E4 003:816.127   Data:  00 00 00 80 00 00 00 80 00 00 00 80 00 00 00 80 ...
T55E4 003:816.210   completely In flash
T55E4 003:816.291 - 0.232ms returns 0xBE0
T55E4 003:816.805 JLINK_WriteMem(0x20078F00, 0xBE0 Bytes, ...)
T55E4 003:816.892   Data:  00 00 00 80 00 00 00 80 00 00 00 80 00 00 00 80 ...
T55E4 003:816.980   completely In flash
T55E4 003:817.075 - 0.270ms returns 0xBE0
T55E4 003:817.657 JLINK_WriteMem(0x20079AE0, 0xBE0 Bytes, ...)
T55E4 003:817.750   Data:  00 00 00 80 00 00 00 80 00 00 00 80 00 00 00 80 ...
T55E4 003:817.852   completely In flash
T55E4 003:817.951 - 0.294ms returns 0xBE0
T55E4 003:818.895 JLINK_WriteMem(0x2007A6C0, 0xBE0 Bytes, ...)
T55E4 003:818.985   Data:  00 00 00 80 00 00 00 80 00 00 00 80 00 00 00 80 ...
T55E4 003:819.056   completely In flash
T55E4 003:819.126 - 0.231ms returns 0xBE0
T55E4 003:819.728 JLINK_WriteMem(0x2007B2A0, 0xBE0 Bytes, ...)
T55E4 003:819.766   Data:  00 00 00 80 00 00 00 80 00 00 00 80 00 00 00 80 ...
T55E4 003:819.807   completely In flash
T55E4 003:819.848 - 0.120ms returns 0xBE0
T55E4 003:820.414 JLINK_WriteMem(0x2007BE80, 0xBE0 Bytes, ...)
T55E4 003:820.479   Data:  00 00 00 80 00 00 00 80 00 00 00 80 00 00 00 80 ...
T55E4 003:820.534   completely In flash
T55E4 003:820.588 - 0.174ms returns 0xBE0
T55E4 003:821.291 JLINK_WriteMem(0x2007CA60, 0xBE0 Bytes, ...)
T55E4 003:821.372   Data:  00 00 00 80 00 00 00 80 00 00 00 80 00 00 00 80 ...
T55E4 003:821.457   completely In flash
T55E4 003:821.543 - 0.251ms returns 0xBE0
T55E4 003:822.411 JLINK_WriteMem(0x2007D640, 0xBE0 Bytes, ...)
T55E4 003:822.489   Data:  00 00 00 80 00 00 00 80 00 00 00 80 00 00 00 80 ...
T55E4 003:822.548   completely In flash
T55E4 003:822.605 - 0.194ms returns 0xBE0
T55E4 003:823.426 JLINK_WriteMem(0x2007E220, 0xBE0 Bytes, ...)
T55E4 003:823.520   Data:  00 00 00 80 00 00 00 80 00 00 00 80 00 00 00 80 ...
T55E4 003:823.608   completely In flash
T55E4 003:823.692 - 0.267ms returns 0xBE0
T55E4 003:824.348 JLINK_WriteMem(0x2007EE00, 0xBE0 Bytes, ...)
T55E4 003:824.444   Data:  00 00 00 80 00 00 00 80 00 00 00 80 00 00 00 80 ...
T55E4 003:824.522   completely In flash
T55E4 003:824.599 - 0.251ms returns 0xBE0
T55E4 003:825.328 JLINK_WriteMem(0x2007F9E0, 0xBE0 Bytes, ...)
T55E4 003:825.417   Data:  00 00 00 80 00 00 00 80 00 00 00 80 00 00 00 80 ...
T55E4 003:825.507   completely In flash
T55E4 003:825.591 - 0.264ms returns 0xBE0
T55E4 003:826.222 JLINK_WriteMem(0x200805C0, 0xBE0 Bytes, ...)
T55E4 003:826.302   Data:  00 00 00 80 00 00 00 80 00 00 00 80 00 00 00 80 ...
T55E4 003:826.410   completely In flash
T55E4 003:826.515 - 0.292ms returns 0xBE0
T55E4 003:827.207 JLINK_WriteMem(0x200811A0, 0xBE0 Bytes, ...)
T55E4 003:827.302   Data:  00 00 00 80 00 00 00 80 00 00 00 80 00 00 00 80 ...
T55E4 003:827.411   completely In flash
T55E4 003:827.502 - 0.295ms returns 0xBE0
T55E4 003:828.144 JLINK_WriteMem(0x20081D80, 0xBE0 Bytes, ...)
T55E4 003:828.221   Data:  00 00 00 80 00 00 00 80 00 00 00 80 00 00 00 80 ...
T55E4 003:828.292   completely In flash
T55E4 003:828.364 - 0.220ms returns 0xBE0
T55E4 003:828.811 JLINK_WriteMem(0x20082960, 0xBE0 Bytes, ...)
T55E4 003:828.871   Data:  00 00 00 00 00 00 00 14 00 00 00 63 00 00 00 80 ...
T55E4 003:828.939   completely In flash
T55E4 003:829.010 - 0.199ms returns 0xBE0
T55E4 003:829.475 JLINK_WriteMem(0x20083540, 0xBE0 Bytes, ...)
T55E4 003:829.552   Data:  00 00 00 00 00 00 00 00 00 00 00 00 00 00 00 00 ...
T55E4 003:829.622   completely In flash
T55E4 003:829.694 - 0.219ms returns 0xBE0
T55E4 003:830.168 JLINK_WriteMem(0x20084120, 0xBE0 Bytes, ...)
T55E4 003:830.231   Data:  00 00 00 00 00 00 00 00 00 00 00 00 00 00 00 00 ...
T55E4 003:830.286   completely In flash
T55E4 003:830.347 - 0.179ms returns 0xBE0
T55E4 003:831.028 JLINK_WriteMem(0x20084D00, 0xBE0 Bytes, ...)
T55E4 003:831.111   Data:  00 00 00 00 00 00 00 00 00 00 00 00 00 00 00 00 ...
T55E4 003:831.194   completely In flash
T55E4 003:831.287 - 0.258ms returns 0xBE0
T55E4 003:832.050 JLINK_WriteMem(0x200858E0, 0xBE0 Bytes, ...)
T55E4 003:832.127   Data:  00 00 00 00 00 00 00 00 00 00 00 00 00 00 00 00 ...
T55E4 003:832.177   completely In flash
T55E4 003:832.225 - 0.176ms returns 0xBE0
T55E4 003:832.895 JLINK_WriteMem(0x200864C0, 0xBE0 Bytes, ...)
T55E4 003:832.981   Data:  00 00 00 00 00 00 00 00 00 00 00 00 00 00 00 00 ...
T55E4 003:833.067   completely In flash
T55E4 003:833.170 - 0.274ms returns 0xBE0
T55E4 003:835.489 JLINK_WriteMem(0x200870A0, 0xBD0 Bytes, ...)
T55E4 003:835.650   Data:  00 00 00 00 60 27 00 01 60 27 00 03 60 27 00 06 ...
T55E4 003:835.788   completely In flash
T55E4 003:835.917 - 0.429ms returns 0xBD0
T55E4 003:836.808 JLINK_WriteMem(0x20087C70, 0xBC0 Bytes, ...)
T55E4 003:836.933   Data:  00 00 00 00 00 00 00 00 00 00 00 00 60 27 00 01 ...
T55E4 003:837.047   completely In flash
T55E4 003:837.155 - 0.347ms returns 0xBC0
T55E4 003:837.959 JLINK_WriteMem(0x20088830, 0xBD0 Bytes, ...)
T55E4 003:838.068   Data:  00 00 00 00 00 00 00 00 00 00 00 00 60 27 00 01 ...
T55E4 003:838.179   completely In flash
T55E4 003:838.285 - 0.327ms returns 0xBD0
T55E4 003:838.907 JLINK_WriteMem(0x20089400, 0xBD0 Bytes, ...)
T55E4 003:839.009   Data:  81 86 8F FF 82 87 90 FF 83 88 91 FF 84 89 92 FF ...
T55E4 003:839.118   completely In flash
T55E4 003:839.224 - 0.317ms returns 0xBD0
T55E4 003:839.829 JLINK_WriteMem(0x20089FD0, 0xBE0 Bytes, ...)
T55E4 003:839.920   Data:  60 27 00 06 60 27 00 04 60 27 00 03 60 27 00 02 ...
T55E4 003:840.020   completely In flash
T55E4 003:840.115 - 0.286ms returns 0xBE0
T55E4 003:841.148 JLINK_WriteMem(0x2008ABB0, 0xBD0 Bytes, ...)
T55E4 003:841.203   Data:  60 27 00 16 60 27 00 0E 60 27 00 08 60 27 00 04 ...
T55E4 003:841.246   completely In flash
T55E4 003:841.289 - 0.142ms returns 0xBD0
T55E4 003:841.857 JLINK_WriteMem(0x2008B780, 0xBD0 Bytes, ...)
T55E4 003:841.980   Data:  60 27 00 21 60 27 00 15 60 27 00 0C 60 27 00 07 ...
T55E4 003:842.091   completely In flash
T55E4 003:842.194 - 0.337ms returns 0xBD0
T55E4 003:843.056 JLINK_WriteMem(0x2008C350, 0xBC0 Bytes, ...)
T55E4 003:843.135   Data:  A6 A8 AB FF A7 A8 AB FF A8 A9 AC FF A8 AA AC FF ...
T55E4 003:843.184   completely In flash
T55E4 003:843.231 - 0.177ms returns 0xBC0
T55E4 003:843.742 JLINK_WriteMem(0x2008CF10, 0xBE0 Bytes, ...)
T55E4 003:843.796   Data:  60 27 00 15 60 27 00 0C 60 27 00 07 60 27 00 03 ...
T55E4 003:843.855   completely In flash
T55E4 003:843.916 - 0.174ms returns 0xBE0
T55E4 003:844.741 JLINK_WriteMem(0x2008DAF0, 0xBE0 Bytes, ...)
T55E4 003:844.847   Data:  01 88 00 CE E6 E6 E6 E6 E6 B7 02 85 02 87 03 96 ...
T55E4 003:844.936   completely In flash
T55E4 003:845.007 - 0.266ms returns 0xBE0
T55E4 003:845.662 JLINK_WriteMem(0x2008E6D0, 0xBE0 Bytes, ...)
T55E4 003:845.735   Data:  FF FF FF BF FF FF FF FF FF FF FF BF 00 00 00 00 ...
T55E4 003:845.817   completely In flash
T55E4 003:845.886 - 0.224ms returns 0xBE0
T55E4 003:846.464 JLINK_WriteMem(0x2008F2B0, 0xBE0 Bytes, ...)
T55E4 003:846.539   Data:  FF FF FF 33 00 00 00 00 FF FF FF 99 00 00 00 00 ...
T55E4 003:846.620   completely In flash
T55E4 003:846.690 - 0.227ms returns 0xBE0
T55E4 003:847.343 JLINK_WriteMem(0x2008FE90, 0xBD0 Bytes, ...)
T55E4 003:847.418   Data:  00 00 00 16 6D 71 71 7E EB F4 F5 F8 F4 FC FD FF ...
T55E4 003:847.523   completely In flash
T55E4 003:847.678 - 0.335ms returns 0xBD0
T55E4 003:848.257 JLINK_WriteMem(0x20090A60, 0xB70 Bytes, ...)
T55E4 003:848.323   Data:  82 82 3C 82 0F 82 3A 82 39 82 29 82 00 82 0D 82 ...
T55E4 003:848.390   completely In flash
T55E4 003:848.440 - 0.183ms returns 0xB70
T55E4 003:849.060 JLINK_WriteMem(0x200915D0, 0xBD0 Bytes, ...)
T55E4 003:849.120   Data:  01 82 10 82 0F 82 3A 82 59 83 AC AE 83 2B 82 0F ...
T55E4 003:849.178   completely In flash
T55E4 003:849.221 - 0.161ms returns 0xBD0
T55E4 003:849.854 JLINK_WriteMem(0x200921A0, 0xBE0 Bytes, ...)
T55E4 003:849.941   Data:  5B 18 12 42 5B 18 12 43 5B 18 12 44 5B 18 12 45 ...
T55E4 003:850.029   completely In flash
T55E4 003:850.123 - 0.269ms returns 0xBE0
T55E4 003:850.867 JLINK_WriteMem(0x20092D80, 0xBD0 Bytes, ...)
T55E4 003:850.963   Data:  5B 18 12 21 5B 18 12 25 5B 18 12 29 5B 18 12 2D ...
T55E4 003:851.067   completely In flash
T55E4 003:851.164 - 0.297ms returns 0xBD0
T55E4 003:852.173 JLINK_WriteMem(0x20093950, 0xBD0 Bytes, ...)
T55E4 003:852.257   Data:  74 4E 1F FF 74 4E 1F FF 73 4D 1F FF 73 4D 1F FF ...
T55E4 003:852.336   completely In flash
T55E4 003:852.401 - 0.228ms returns 0xBD0
T55E4 003:852.924 JLINK_WriteMem(0x20094520, 0xBE0 Bytes, ...)
T55E4 003:852.998   Data:  7F 54 1E FF 7E 53 1E FF 7E 53 1E FF 7D 53 1E FF ...
T55E4 003:853.069   completely In flash
T55E4 003:853.135 - 0.212ms returns 0xBE0
T55E4 003:854.020 JLINK_WriteMem(0x20095100, 0xBE0 Bytes, ...)
T55E4 003:854.166   Data:  9F 93 86 FF 97 85 7A FF 78 4C 4A FF 61 22 26 FF ...
T55E4 003:854.293   completely In flash
T55E4 003:854.387 - 0.368ms returns 0xBE0
T55E4 003:854.793 JLINK_WriteMem(0x20095CE0, 0xBE0 Bytes, ...)
T55E4 003:854.839   Data:  5B 18 12 3B 5B 18 12 33 5B 18 12 2C 5B 18 12 24 ...
T55E4 003:854.894   completely In flash
T55E4 003:854.945 - 0.152ms returns 0xBE0
T55E4 003:855.325 JLINK_WriteMem(0x200968C0, 0xBE0 Bytes, ...)
T55E4 003:855.400   Data:  49 36 21 FF 49 36 21 FF 48 35 21 FF 48 35 21 FF ...
T55E4 003:855.466   completely In flash
T55E4 003:855.526 - 0.201ms returns 0xBE0
T55E4 003:855.953 JLINK_WriteMem(0x200974A0, 0xBE0 Bytes, ...)
T55E4 003:856.009   Data:  6B 49 1F FF 6B 48 1F FF 6A 48 1F FF 6A 48 1F FF ...
T55E4 003:856.072   completely In flash
T55E4 003:856.133 - 0.180ms returns 0xBE0
T55E4 003:856.548 JLINK_WriteMem(0x20098080, 0xBE0 Bytes, ...)
T55E4 003:856.612   Data:  5B 18 12 05 5B 18 12 07 5B 18 12 09 5B 18 12 0C ...
T55E4 003:856.679   completely In flash
T55E4 003:856.745 - 0.197ms returns 0xBE0
T55E4 003:857.209 JLINK_WriteMem(0x20098C60, 0xBE0 Bytes, ...)
T55E4 003:857.272   Data:  6E 4A 1F FF 6D 4A 1F FF 6D 49 1F FF 6C 49 1F FF ...
T55E4 003:857.344   completely In flash
T55E4 003:857.409 - 0.200ms returns 0xBE0
T55E4 003:858.102 JLINK_WriteMem(0x20099840, 0xBE0 Bytes, ...)
T55E4 003:858.184   Data:  3F 30 21 FF 3E 30 21 FF 3E 30 21 FF 3D 2F 21 FF ...
T55E4 003:858.256   completely In flash
T55E4 003:858.320 - 0.217ms returns 0xBE0
T55E4 003:858.899 JLINK_WriteMem(0x2009A420, 0xBE0 Bytes, ...)
T55E4 003:858.964   Data:  61 22 26 FF 97 61 3D FF B5 85 48 FF A7 6E 25 FF ...
T55E4 003:859.032   completely In flash
T55E4 003:859.097 - 0.199ms returns 0xBE0
T55E4 003:859.541 JLINK_WriteMem(0x2009B000, 0xBE0 Bytes, ...)
T55E4 003:859.617   Data:  89 59 1E FF 88 59 1E FF 87 58 1E FF 86 58 1E FF ...
T55E4 003:859.682   completely In flash
T55E4 003:859.748 - 0.207ms returns 0xBE0
T55E4 003:860.210 JLINK_WriteMem(0x2009BBE0, 0xBE0 Bytes, ...)
T55E4 003:860.270   Data:  74 4E 1F FF 73 4D 1F FF 73 4D 1F FF 72 4D 1F FF ...
T55E4 003:860.337   completely In flash
T55E4 003:860.402 - 0.192ms returns 0xBE0
T55E4 003:861.577 JLINK_WriteMem(0x2009C7C0, 0xBD0 Bytes, ...)
T55E4 003:861.656   Data:  65 45 1F FF 64 45 1F FF 63 44 20 FF 62 44 20 FF ...
T55E4 003:861.936   completely In flash
T55E4 003:862.013 - 0.436ms returns 0xBD0
T55E4 003:863.596 JLINK_WriteMem(0x2009D390, 0xBD0 Bytes, ...)
T55E4 003:863.685   Data:  60 43 20 FF 60 42 20 FF 5F 42 20 FF 5F 42 20 FF ...
T55E4 003:863.750   completely In flash
T55E4 003:863.814 - 0.218ms returns 0xBD0
T55E4 003:864.902 JLINK_WriteMem(0x2009DF60, 0xBD0 Bytes, ...)
T55E4 003:865.030   Data:  63 44 20 FF 62 44 20 FF 62 43 20 FF 61 43 20 FF ...
T55E4 003:865.131   completely In flash
T55E4 003:865.227 - 0.325ms returns 0xBD0
T55E4 003:866.085 JLINK_WriteMem(0x2009EB30, 0xBD0 Bytes, ...)
T55E4 003:866.164   Data:  68 47 1F FF 67 46 1F FF 67 46 1F FF 66 46 1F FF ...
T55E4 003:866.246   completely In flash
T55E4 003:866.312 - 0.227ms returns 0xBD0
T55E4 003:867.043 JLINK_WriteMem(0x2009F700, 0xBD0 Bytes, ...)
T55E4 003:867.080   Data:  70 4B 1F FF 6F 4B 1F FF 6F 4B 1F FF 6E 4B 1F FF ...
T55E4 003:867.123   completely In flash
T55E4 003:867.166 - 0.123ms returns 0xBD0
T55E4 003:867.744 JLINK_WriteMem(0x200A02D0, 0xBD0 Bytes, ...)
T55E4 003:867.852   Data:  82 55 1E FF 81 55 1E FF 81 55 1E FF 80 54 1E FF ...
T55E4 003:867.959   completely In flash
T55E4 003:868.062 - 0.318ms returns 0xBD0
T55E4 003:868.746 JLINK_WriteMem(0x200A0EA0, 0xBD0 Bytes, ...)
T55E4 003:868.792   Data:  9F 65 1C FF 9E 65 1C FF 9E 65 1D FF 9E 65 1D FF ...
T55E4 003:868.836   completely In flash
T55E4 003:868.878 - 0.132ms returns 0xBD0
T55E4 003:869.419 JLINK_WriteMem(0x200A1A70, 0xBE0 Bytes, ...)
T55E4 003:869.522   Data:  5B 18 12 07 5B 18 12 0C 5B 18 12 10 5B 18 12 16 ...
T55E4 003:869.630   completely In flash
T55E4 003:869.729 - 0.310ms returns 0xBE0
T55E4 003:870.531 JLINK_WriteMem(0x200A2650, 0xBD0 Bytes, ...)
T55E4 003:870.629   Data:  3B 2E 22 FF 3B 2E 22 FF 3A 2E 22 FF 3A 2D 22 FF ...
T55E4 003:870.748   completely In flash
T55E4 003:870.851 - 0.320ms returns 0xBD0
T55E4 003:871.698 JLINK_WriteMem(0x200A3220, 0xBD0 Bytes, ...)
T55E4 003:871.815   Data:  61 43 20 FF 60 43 20 FF 60 42 20 FF 5F 42 20 FF ...
T55E4 003:871.920   completely In flash
T55E4 003:872.046 - 0.349ms returns 0xBD0
T55E4 003:872.560 JLINK_WriteMem(0x200A3DF0, 0xBC0 Bytes, ...)
T55E4 003:872.621   Data:  92 5E 1D FF 91 5E 1D FF 90 5D 1D FF 90 5D 1D FF ...
T55E4 003:872.671   completely In flash
T55E4 003:872.714 - 0.154ms returns 0xBC0
T55E4 003:873.230 JLINK_WriteMem(0x200A49B0, 0xBD0 Bytes, ...)
T55E4 003:873.303   Data:  5B 18 12 42 5B 18 12 36 5B 18 12 2B 5B 18 12 21 ...
T55E4 003:873.368   completely In flash
T55E4 003:873.433 - 0.203ms returns 0xBD0
T55E4 003:874.016 JLINK_WriteMem(0x200A5580, 0xBC0 Bytes, ...)
T55E4 003:874.071   Data:  58 3E 20 FF 58 3E 20 FF 57 3E 20 FF 57 3D 20 FF ...
T55E4 003:874.131   completely In flash
T55E4 003:874.186 - 0.170ms returns 0xBC0
T55E4 003:874.808 JLINK_WriteMem(0x200A6140, 0xBB0 Bytes, ...)
T55E4 003:874.884   Data:  8F 5D 1D FF 8F 5C 1D FF 8E 5C 1D FF 8D 5C 1D FF ...
T55E4 003:874.936   completely In flash
T55E4 003:874.998 - 0.190ms returns 0xBB0
T55E4 003:875.588 JLINK_WriteMem(0x200A6CF0, 0xBC0 Bytes, ...)
T55E4 003:875.644   Data:  58 30 32 FF 6C 39 3C FF 9B 9A 9A FF 9B 9A 99 FF ...
T55E4 003:875.706   completely In flash
T55E4 003:875.762 - 0.173ms returns 0xBC0
T55E4 003:876.521 JLINK_WriteMem(0x200A78B0, 0xBB0 Bytes, ...)
T55E4 003:876.613   Data:  69 47 1F FF 68 47 1F FF 68 47 1F FF 67 46 1F FF ...
T55E4 003:876.681   completely In flash
T55E4 003:876.747 - 0.227ms returns 0xBB0
T55E4 003:877.518 JLINK_WriteMem(0x200A8460, 0xBC0 Bytes, ...)
T55E4 003:877.607   Data:  B0 6F 1C FF AF 6F 1C FF AF 6E 1C FF AE 6E 1C FF ...
T55E4 003:877.679   completely In flash
T55E4 003:877.745 - 0.228ms returns 0xBC0
T55E4 003:878.411 JLINK_WriteMem(0x200A9020, 0xBB0 Bytes, ...)
T55E4 003:878.482   Data:  46 34 21 FF 45 34 21 FF 44 33 21 FF 44 33 21 FF ...
T55E4 003:878.548   completely In flash
T55E4 003:878.610 - 0.199ms returns 0xBB0
T55E4 003:879.109 JLINK_WriteMem(0x200A9BD0, 0xBA0 Bytes, ...)
T55E4 003:879.182   Data:  8C 5B 1D FF 8C 5B 1D FF 8B 5A 1D FF 8A 5A 1E FF ...
T55E4 003:879.251   completely In flash
T55E4 003:879.317 - 0.207ms returns 0xBA0
T55E4 003:880.050 JLINK_WriteMem(0x200AA770, 0xBB0 Bytes, ...)
T55E4 003:880.120   Data:  25 22 23 FF 25 22 23 FF 24 21 23 FF 2F 2D 2E FF ...
T55E4 003:880.188   completely In flash
T55E4 003:880.227 - 0.177ms returns 0xBB0
T55E4 003:880.831 JLINK_WriteMem(0x200AB320, 0xBA0 Bytes, ...)
T55E4 003:880.885   Data:  6D 49 1F FF 6C 49 1F FF 6B 49 1F FF 6B 48 1F FF ...
T55E4 003:880.955   completely In flash
T55E4 003:880.997 - 0.166ms returns 0xBA0
T55E4 003:881.607 JLINK_WriteMem(0x200ABEC0, 0xBB0 Bytes, ...)
T55E4 003:881.700   Data:  9A 9A 99 FF 7E 5E 60 FF 72 31 24 FF B9 74 1B FF ...
T55E4 003:881.788   completely In flash
T55E4 003:881.851 - 0.245ms returns 0xBB0
T55E4 003:882.496 JLINK_WriteMem(0x200ACA70, 0xBA0 Bytes, ...)
T55E4 003:882.584   Data:  58 3E 20 FF 58 3E 20 FF 57 3E 20 FF 57 3D 20 FF ...
T55E4 003:883.042   completely In flash
T55E4 003:883.157 - 0.661ms returns 0xBA0
T55E4 003:884.128 JLINK_WriteMem(0x200AD610, 0xBB0 Bytes, ...)
T55E4 003:884.219   Data:  A5 69 1C FF A4 68 1C FF A3 68 1C FF A3 68 1C FF ...
T55E4 003:884.304   completely In flash
T55E4 003:884.434 - 0.306ms returns 0xBB0
T55E4 003:885.590 JLINK_WriteMem(0x200AE1C0, 0xB90 Bytes, ...)
T55E4 003:885.737   Data:  44 33 21 FF 44 33 21 FF 43 33 21 FF 43 32 21 FF ...
T55E4 003:885.887   completely In flash
T55E4 003:886.032 - 0.442ms returns 0xB90
T55E4 003:886.985 JLINK_WriteMem(0x200AED50, 0xBB0 Bytes, ...)
T55E4 003:887.049   Data:  9A 63 1D FF 9A 62 1D FF 99 62 1D FF 98 62 1D FF ...
T55E4 003:887.092   completely In flash
T55E4 003:887.133 - 0.149ms returns 0xBB0
T55E4 003:889.711 JLINK_WriteMem(0x200AF900, 0xB90 Bytes, ...)
T55E4 003:889.937   Data:  3A 2E 22 FF 3A 2D 22 FF 39 2D 22 FF 38 2C 22 FF ...
T55E4 003:890.068   completely In flash
T55E4 003:890.159 - 0.450ms returns 0xB90
T55E4 003:891.179 JLINK_WriteMem(0x200B0490, 0xBB0 Bytes, ...)
T55E4 003:891.268   Data:  9A 63 1D FF 9A 62 1D FF 99 62 1D FF 98 62 1D FF ...
T55E4 003:891.337   completely In flash
T55E4 003:891.402 - 0.223ms returns 0xBB0
T55E4 003:892.142 JLINK_WriteMem(0x200B1040, 0xB90 Bytes, ...)
T55E4 003:892.201   Data:  3A 2D 22 FF 39 2D 22 FF 38 2C 22 FF 38 2C 22 FF ...
T55E4 003:892.266   completely In flash
T55E4 003:892.328 - 0.186ms returns 0xB90
T55E4 003:892.967 JLINK_WriteMem(0x200B1BD0, 0xBA0 Bytes, ...)
T55E4 003:893.024   Data:  93 5F 1D FF 92 5E 1D FF 91 5E 1D FF 90 5D 1D FF ...
T55E4 003:893.108   completely In flash
T55E4 003:893.178 - 0.212ms returns 0xBA0
T55E4 003:893.664 JLINK_WriteMem(0x200B2770, 0xB90 Bytes, ...)
T55E4 003:893.720   Data:  36 2B 22 FF 35 2B 22 FF 35 2A 22 FF 35 2A 22 FF ...
T55E4 003:893.794   completely In flash
T55E4 003:893.860 - 0.197ms returns 0xB90
T55E4 003:894.304 JLINK_WriteMem(0x200B3300, 0xBB0 Bytes, ...)
T55E4 003:894.362   Data:  92 5E 1D FF 91 5E 1D FF 90 5D 1D FF 90 5D 1D FF ...
T55E4 003:894.426   completely In flash
T55E4 003:894.490 - 0.185ms returns 0xBB0
T55E4 003:894.972 JLINK_WriteMem(0x200B3EB0, 0xB90 Bytes, ...)
T55E4 003:895.046   Data:  3C 2F 22 FF 3B 2E 22 FF 3B 2E 22 FF 3A 2E 22 FF ...
T55E4 003:895.112   completely In flash
T55E4 003:895.152 - 0.180ms returns 0xB90
T55E4 003:895.520 JLINK_WriteMem(0x200B4A40, 0xBB0 Bytes, ...)
T55E4 003:895.564   Data:  A2 67 1C FF A1 67 1C FF A1 66 1C FF A0 66 1C FF ...
T55E4 003:895.608   completely In flash
T55E4 003:895.648 - 0.128ms returns 0xBB0
T55E4 003:896.125 JLINK_WriteMem(0x200B55F0, 0xB90 Bytes, ...)
T55E4 003:896.178   Data:  4C 37 21 FF 4B 37 21 FF 4B 37 21 FF 4A 36 21 FF ...
T55E4 003:896.239   completely In flash
T55E4 003:896.293 - 0.167ms returns 0xB90
T55E4 003:896.705 JLINK_WriteMem(0x200B6180, 0xBA0 Bytes, ...)
T55E4 003:896.752   Data:  AA 6C 1C FF AA 6C 1C FF A9 6B 1C FF A9 6B 1C FF ...
T55E4 003:896.810   completely In flash
T55E4 003:896.864 - 0.159ms returns 0xBA0
T55E4 003:897.289 JLINK_WriteMem(0x200B6D20, 0xB90 Bytes, ...)
T55E4 003:897.341   Data:  51 3A 20 FF 51 3A 20 FF 50 3A 21 FF 4F 39 21 FF ...
T55E4 003:897.412   completely In flash
T55E4 003:897.490 - 0.200ms returns 0xB90
T55E4 003:898.334 JLINK_WriteMem(0x200B78B0, 0xBB0 Bytes, ...)
T55E4 003:898.404   Data:  AA 6C 1C FF AA 6C 1C FF A9 6B 1C FF A9 6B 1C FF ...
T55E4 003:898.452   completely In flash
T55E4 003:898.496 - 0.162ms returns 0xBB0
T55E4 003:898.901 JLINK_WriteMem(0x200B8460, 0xB90 Bytes, ...)
T55E4 003:898.936   Data:  4E 38 21 FF 4D 38 21 FF 4C 38 21 FF 4C 37 21 FF ...
T55E4 003:898.979   completely In flash
T55E4 003:899.020 - 0.119ms returns 0xB90
T55E4 003:899.511 JLINK_WriteMem(0x200B8FF0, 0xBB0 Bytes, ...)
T55E4 003:899.593   Data:  A9 6B 1C FF A9 6B 1C FF A8 6B 1C FF A8 6A 1C FF ...
T55E4 003:899.656   completely In flash
T55E4 003:899.703 - 0.193ms returns 0xBB0
T55E4 003:900.324 JLINK_WriteMem(0x200B9BA0, 0xB90 Bytes, ...)
T55E4 003:900.392   Data:  4D 38 21 FF 4C 38 21 FF 4C 37 21 FF 4C 37 21 FF ...
T55E4 003:900.457   completely In flash
T55E4 003:900.514 - 0.190ms returns 0xB90
T55E4 003:901.175 JLINK_WriteMem(0x200BA730, 0xBB0 Bytes, ...)
T55E4 003:901.244   Data:  A3 68 1C FF A3 68 1C FF A2 67 1C FF A1 67 1C FF ...
T55E4 003:901.309   completely In flash
T55E4 003:901.368 - 0.194ms returns 0xBB0
T55E4 003:902.039 JLINK_WriteMem(0x200BB2E0, 0xB90 Bytes, ...)
T55E4 003:902.109   Data:  43 32 21 FF 42 32 21 FF 41 32 21 FF 41 31 21 FF ...
T55E4 003:902.176   completely In flash
T55E4 003:902.239 - 0.201ms returns 0xB90
T55E4 003:902.938 JLINK_WriteMem(0x200BBE70, 0xBB0 Bytes, ...)
T55E4 003:903.020   Data:  97 61 1D FF 97 61 1D FF 96 60 1D FF 95 60 1D FF ...
T55E4 003:903.106   completely In flash
T55E4 003:903.182 - 0.243ms returns 0xBB0
T55E4 003:904.079 JLINK_WriteMem(0x200BCA20, 0xB90 Bytes, ...)
T55E4 003:904.132   Data:  35 2A 22 FF 35 2A 22 FF 34 2A 22 FF 33 2A 22 FF ...
T55E4 003:904.178   completely In flash
T55E4 003:904.218 - 0.139ms returns 0xB90
T55E4 003:905.009 JLINK_WriteMem(0x200BD5B0, 0xBA0 Bytes, ...)
T55E4 003:905.075   Data:  85 57 1E FF 84 57 1E FF 84 56 1E FF 83 56 1E FF ...
T55E4 003:905.140   completely In flash
T55E4 003:905.199 - 0.190ms returns 0xBA0
T55E4 003:905.863 JLINK_WriteMem(0x200BE150, 0xBB0 Bytes, ...)
T55E4 003:905.928   Data:  D5 D5 D5 FF D5 D5 D5 FF 5B 18 12 58 5B 18 12 4A ...
T55E4 003:905.991   completely In flash
T55E4 003:906.058 - 0.195ms returns 0xBB0
T55E4 003:906.824 JLINK_WriteMem(0x200BED00, 0xBA0 Bytes, ...)
T55E4 003:906.904   Data:  69 47 1F FF 68 47 1F FF 68 47 1F FF 67 46 1F FF ...
T55E4 003:907.492   completely In flash
T55E4 003:907.581 - 0.757ms returns 0xBA0
T55E4 003:908.280 JLINK_WriteMem(0x200BF8A0, 0xBC0 Bytes, ...)
T55E4 003:908.372   Data:  AC 6D 1C FF AC 6D 1C FF AB 6C 1C FF AB 6C 1C FF ...
T55E4 003:908.447   completely In flash
T55E4 003:908.515 - 0.234ms returns 0xBC0
T55E4 003:909.394 JLINK_WriteMem(0x200C0460, 0xBB0 Bytes, ...)
T55E4 003:909.513   Data:  3E 30 21 FF 3E 30 21 FF 3D 2F 21 FF 3D 2F 22 FF ...
T55E4 003:909.616   completely In flash
T55E4 003:909.715 - 0.322ms returns 0xBB0
T55E4 003:910.617 JLINK_WriteMem(0x200C1010, 0xBB0 Bytes, ...)
T55E4 003:910.731   Data:  7B 51 1E FF 7A 51 1E FF 79 51 1E FF 79 50 1E FF ...
T55E4 003:910.810   completely In flash
T55E4 003:910.888 - 0.271ms returns 0xBB0
T55E4 003:911.504 JLINK_WriteMem(0x200C1BC0, 0xBC0 Bytes, ...)
T55E4 003:911.558   Data:  C7 C9 CC FF 98 82 87 FF 6D 31 2A FF B6 72 1B FF ...
T55E4 003:911.599   completely In flash
T55E4 003:911.638 - 0.134ms returns 0xBC0
T55E4 003:912.373 JLINK_WriteMem(0x200C2780, 0xBB0 Bytes, ...)
T55E4 003:912.512   Data:  45 34 21 FF 44 33 21 FF 44 33 21 FF 43 33 21 FF ...
T55E4 003:912.669   completely In flash
T55E4 003:912.826 - 0.454ms returns 0xBB0
T55E4 003:913.596 JLINK_WriteMem(0x200C3330, 0xBC0 Bytes, ...)
T55E4 003:913.674   Data:  76 4F 1F FF 76 4F 1F FF 75 4E 1F FF 74 4E 1F FF ...
T55E4 003:913.764   completely In flash
T55E4 003:913.859 - 0.263ms returns 0xBC0
T55E4 003:915.577 JLINK_WriteMem(0x200C3EF0, 0xBC0 Bytes, ...)
T55E4 003:915.656   Data:  AA 6C 1C FF AA 6C 1C FF A9 6B 1C FF A9 6B 1C FF ...
T55E4 003:915.718   completely In flash
T55E4 003:915.773 - 0.195ms returns 0xBC0
T55E4 003:916.496 JLINK_WriteMem(0x200C4AB0, 0xBC0 Bytes, ...)
T55E4 003:916.552   Data:  33 2A 22 FF 33 29 22 FF 32 29 22 FF 32 29 22 FF ...
T55E4 003:916.601   completely In flash
T55E4 003:916.640 - 0.144ms returns 0xBC0
T55E4 003:917.284 JLINK_WriteMem(0x200C5670, 0xBC0 Bytes, ...)
T55E4 003:917.368   Data:  62 44 20 FF 62 43 20 FF 61 43 20 FF 60 43 20 FF ...
T55E4 003:917.429   completely In flash
T55E4 003:917.494 - 0.211ms returns 0xBC0
T55E4 003:918.201 JLINK_WriteMem(0x200C6230, 0xBD0 Bytes, ...)
T55E4 003:918.256   Data:  8E 5C 1D FF 8D 5C 1D FF 8D 5B 1D FF 8C 5B 1D FF ...
T55E4 003:918.306   completely In flash
T55E4 003:918.346 - 0.144ms returns 0xBD0
T55E4 003:918.903 JLINK_WriteMem(0x200C6E00, 0xBD0 Bytes, ...)
T55E4 003:918.939   Data:  66 2D 2C FF A6 65 1D FF AF 6F 1C FF AF 6E 1C FF ...
T55E4 003:918.978   completely In flash
T55E4 003:919.017 - 0.114ms returns 0xBD0
T55E4 003:919.454 JLINK_WriteMem(0x200C79D0, 0xBD0 Bytes, ...)
T55E4 003:919.506   Data:  2F 27 22 FF 2F 27 22 FF 2E 27 22 FF 2D 26 22 FF ...
T55E4 003:919.550   completely In flash
T55E4 003:919.588 - 0.134ms returns 0xBD0
T55E4 003:920.001 JLINK_WriteMem(0x200C85A0, 0xBD0 Bytes, ...)
T55E4 003:920.053   Data:  4B 37 21 FF 4B 37 21 FF 4A 36 21 FF 49 36 21 FF ...
T55E4 003:920.093   completely In flash
T55E4 003:920.192 - 0.189ms returns 0xBD0
T55E4 003:921.148 JLINK_WriteMem(0x200C9170, 0xBD0 Bytes, ...)
T55E4 003:921.242   Data:  64 45 1F FF 63 44 20 FF 62 44 20 FF 62 43 20 FF ...
T55E4 003:921.324   completely In flash
T55E4 003:921.408 - 0.263ms returns 0xBD0
T55E4 003:922.451 JLINK_WriteMem(0x200C9D40, 0xBD0 Bytes, ...)
T55E4 003:922.542   Data:  74 4E 1F FF 74 4E 1F FF 73 4D 1F FF 73 4D 1F FF ...
T55E4 003:922.646   completely In flash
T55E4 003:922.742 - 0.291ms returns 0xBD0
T55E4 003:923.329 JLINK_WriteMem(0x200CA910, 0xBD0 Bytes, ...)
T55E4 003:923.421   Data:  81 55 1E FF 81 55 1E FF 80 54 1E FF 7F 54 1E FF ...
T55E4 003:923.513   completely In flash
T55E4 003:923.598 - 0.269ms returns 0xBD0
T55E4 003:924.201 JLINK_WriteMem(0x200CB4E0, 0xBD0 Bytes, ...)
T55E4 003:924.296   Data:  8C 5B 1D FF 8B 5A 1D FF 8A 5A 1E FF 8A 5A 1E FF ...
T55E4 003:924.397   completely In flash
T55E4 003:924.493 - 0.293ms returns 0xBD0
T55E4 003:925.084 JLINK_WriteMem(0x200CC0B0, 0xBD0 Bytes, ...)
T55E4 003:925.183   Data:  89 59 1E FF 88 59 1E FF 87 58 1E FF 86 58 1E FF ...
T55E4 003:925.283   completely In flash
T55E4 003:925.384 - 0.299ms returns 0xBD0
T55E4 003:925.976 JLINK_WriteMem(0x200CCC80, 0xBE0 Bytes, ...)
T55E4 003:926.078   Data:  83 56 1E FF 82 56 1E FF 82 55 1E FF 81 55 1E FF ...
T55E4 003:926.210   completely In flash
T55E4 003:926.312 - 0.336ms returns 0xBE0
T55E4 003:926.874 JLINK_WriteMem(0x200CD860, 0xBE0 Bytes, ...)
T55E4 003:926.971   Data:  6E 4B 1F FF 6E 4A 1F FF 6D 4A 1F FF 6D 49 1F FF ...
T55E4 003:927.076   completely In flash
T55E4 003:927.188 - 0.314ms returns 0xBE0
T55E4 003:927.917 JLINK_WriteMem(0x200CE440, 0xBD0 Bytes, ...)
T55E4 003:928.009   Data:  4E 39 21 FF 4E 38 21 FF 4D 38 21 FF 4C 38 21 FF ...
T55E4 003:928.109   completely In flash
T55E4 003:928.224 - 0.307ms returns 0xBD0
T55E4 003:928.767 JLINK_WriteMem(0x200CF010, 0xBE0 Bytes, ...)
T55E4 003:928.854   Data:  5B 18 12 3E 5B 18 12 35 5B 18 12 2A 5B 18 12 23 ...
T55E4 003:928.956   completely In flash
T55E4 003:929.056 - 0.289ms returns 0xBE0
T55E4 003:929.651 JLINK_WriteMem(0x200CFBF0, 0xBE0 Bytes, ...)
T55E4 003:929.751   Data:  92 5E 1D FF 91 5E 1D FF 90 5D 1D FF 90 5D 1D FF ...
T55E4 003:929.858   completely In flash
T55E4 003:929.956 - 0.305ms returns 0xBE0
T55E4 003:930.993 JLINK_WriteMem(0x200D07D0, 0xBD0 Bytes, ...)
T55E4 003:931.075   Data:  5B 40 20 FF 5A 3F 20 FF 5A 3F 20 FF 59 3F 20 FF ...
T55E4 003:931.144   completely In flash
T55E4 003:931.202 - 0.209ms returns 0xBD0
T55E4 003:931.804 JLINK_WriteMem(0x200D13A0, 0xBD0 Bytes, ...)
T55E4 003:931.866   Data:  86 8B 93 FF 6E 74 7E FF 6C 72 7C FF 6D 73 7C FF ...
T55E4 003:931.909   completely In flash
T55E4 003:931.950 - 0.146ms returns 0xBD0
T55E4 003:932.676 JLINK_WriteMem(0x200D1F70, 0xBD0 Bytes, ...)
T55E4 003:932.765   Data:  5A 3F 20 FF 59 3F 20 FF 59 3E 20 FF 58 3E 20 FF ...
T55E4 003:932.851   completely In flash
T55E4 003:932.924 - 0.249ms returns 0xBD0
T55E4 003:933.480 JLINK_WriteMem(0x200D2B40, 0xBD0 Bytes, ...)
T55E4 003:933.568   Data:  7E 53 1E FF 7D 53 1E FF 7C 52 1E FF 7C 52 1E FF ...
T55E4 003:933.694   completely In flash
T55E4 003:933.799 - 0.319ms returns 0xBD0
T55E4 003:934.812 JLINK_WriteMem(0x200D3710, 0xBD0 Bytes, ...)
T55E4 003:934.946   Data:  76 7D 87 FF 77 7D 87 FF 77 7E 88 FF 77 7E 88 FF ...
T55E4 003:935.618   completely In flash
T55E4 003:935.742 - 0.930ms returns 0xBD0
T55E4 003:936.526 JLINK_WriteMem(0x200D42E0, 0xBC0 Bytes, ...)
T55E4 003:936.627   Data:  9A A0 A7 FF 87 8D 97 FF 78 7F 8A FF 79 7F 8A FF ...
T55E4 003:936.724   completely In flash
T55E4 003:936.824 - 0.298ms returns 0xBC0
T55E4 003:937.627 JLINK_WriteMem(0x200D4EA0, 0xBB0 Bytes, ...)
T55E4 003:937.720   Data:  65 28 25 FF 6D 35 23 FF 77 45 21 FF 7E 51 1F FF ...
T55E4 003:937.825   completely In flash
T55E4 003:937.935 - 0.308ms returns 0xBB0
T55E4 003:938.722 JLINK_WriteMem(0x200D5A50, 0xBE0 Bytes, ...)
T55E4 003:938.836   Data:  A7 AD B4 FF A8 AD B5 FF AD B1 B9 FF B6 BA C0 FF ...
T55E4 003:938.947   completely In flash
T55E4 003:939.046 - 0.324ms returns 0xBE0
T55E4 003:939.741 JLINK_WriteMem(0x200D6630, 0xBE0 Bytes, ...)
T55E4 003:939.846   Data:  5B 18 12 17 5B 18 12 14 5B 18 12 12 5B 18 12 0F ...
T55E4 003:939.958   completely In flash
T55E4 003:940.061 - 0.319ms returns 0xBE0
T55E4 003:940.894 JLINK_WriteMem(0x200D7210, 0xBD0 Bytes, ...)
T55E4 003:941.010   Data:  5B 18 12 0E 5B 18 12 0D 5B 18 12 0C 5B 18 12 0A ...
T55E4 003:941.082   completely In flash
T55E4 003:941.145 - 0.251ms returns 0xBD0
T55E4 003:942.718 JLINK_WriteMem(0x200D7DE0, 0xBE0 Bytes, ...)
T55E4 003:942.796   Data:  85 01 82 17 83 C0 BF 00 83 19 82 01 8A 62 85 85 ...
T55E4 003:942.864   completely In flash
T55E4 003:942.936 - 0.218ms returns 0xBE0
T55E4 003:943.464 JLINK_WriteMem(0x200D89C0, 0xBE0 Bytes, ...)
T55E4 003:943.521   Data:  05 86 1A 82 0D 87 02 8A 01 85 01 85 12 82 05 82 ...
T55E4 003:943.588   completely In flash
T55E4 003:943.652 - 0.189ms returns 0xBE0
T55E4 003:944.286 JLINK_WriteMem(0x200D95A0, 0xBD0 Bytes, ...)
T55E4 003:944.363   Data:  16 83 04 82 04 82 03 83 07 82 26 82 59 85 12 8C ...
T55E4 003:944.452   completely In flash
T55E4 003:944.518 - 0.232ms returns 0xBD0
T55E4 003:945.004 JLINK_WriteMem(0x200DA170, 0xBE0 Bytes, ...)
T55E4 003:945.071   Data:  5B 18 12 08 5B 18 12 07 5B 18 12 06 5B 18 12 06 ...
T55E4 003:945.137   completely In flash
T55E4 003:945.202 - 0.198ms returns 0xBE0
T55E4 003:945.685 JLINK_WriteMem(0x200DAD50, 0xBE0 Bytes, ...)
T55E4 003:945.742   Data:  5B 18 12 08 5B 18 12 0A 5B 18 12 0C 5B 18 12 0E ...
T55E4 003:945.807   completely In flash
T55E4 003:945.872 - 0.187ms returns 0xBE0
T55E4 003:946.383 JLINK_WriteMem(0x200DB930, 0xBD0 Bytes, ...)
T55E4 003:946.443   Data:  02 86 C0 FF 02 85 C2 FF 02 84 C3 FF 02 82 C5 FF ...
T55E4 003:946.509   completely In flash
T55E4 003:946.574 - 0.191ms returns 0xBD0
T55E4 003:947.054 JLINK_WriteMem(0x200DC500, 0xBE0 Bytes, ...)
T55E4 003:947.116   Data:  03 60 EA FF 03 5F EB FF 03 5D ED FF 04 5C EF FF ...
T55E4 003:947.180   completely In flash
T55E4 003:947.246 - 0.192ms returns 0xBE0
T55E4 003:947.958 JLINK_WriteMem(0x200DD0E0, 0xBE0 Bytes, ...)
T55E4 003:948.042   Data:  7F 55 57 FF 6F 60 4D FF 86 BA 89 FF 46 CE 71 FF ...
T55E4 003:948.110   completely In flash
T55E4 003:948.166 - 0.210ms returns 0xBE0
T55E4 003:948.744 JLINK_WriteMem(0x200DDCC0, 0xBE0 Bytes, ...)
T55E4 003:948.786   Data:  01 D1 6F FF 00 D0 71 FF 00 CF 72 FF 00 CE 74 FF ...
T55E4 003:948.834   completely In flash
T55E4 003:948.877 - 0.133ms returns 0xBE0
T55E4 003:949.368 JLINK_WriteMem(0x200DE8A0, 0xBE0 Bytes, ...)
T55E4 003:949.400   Data:  5B 18 12 31 5B 18 12 39 5B 18 12 41 5B 18 12 49 ...
T55E4 003:949.439   completely In flash
T55E4 003:949.476 - 0.108ms returns 0xBE0
T55E4 003:950.015 JLINK_WriteMem(0x200DF480, 0xBE0 Bytes, ...)
T55E4 003:950.076   Data:  A6 C3 FC FF F8 FA FF FF 39 76 FB FF 04 50 FC FF ...
T55E4 003:950.122   completely In flash
T55E4 003:950.160 - 0.146ms returns 0xBE0
T55E4 003:950.804 JLINK_WriteMem(0x200E0060, 0xBD0 Bytes, ...)
T55E4 003:950.867   Data:  78 BF 37 FF 74 BF 39 FF 70 C0 3B FF 6C C1 3D FF ...
T55E4 003:950.909   completely In flash
T55E4 003:950.948 - 0.144ms returns 0xBD0
T55E4 003:951.548 JLINK_WriteMem(0x200E0C30, 0xBD0 Bytes, ...)
T55E4 003:951.596   Data:  08 83 98 FF 08 82 9A FF 08 81 9B FF 13 80 9D FF ...
T55E4 003:951.649   completely In flash
T55E4 003:951.688 - 0.140ms returns 0xBD0
T55E4 003:952.316 JLINK_WriteMem(0x200E1800, 0xBD0 Bytes, ...)
T55E4 003:952.385   Data:  FE FE FF FF 51 7F F9 FF 04 46 F6 FF 04 45 F5 FF ...
T55E4 003:952.436   completely In flash
T55E4 003:952.483 - 0.168ms returns 0xBD0
T55E4 003:953.026 JLINK_WriteMem(0x200E23D0, 0xBE0 Bytes, ...)
T55E4 003:953.096   Data:  5B 18 12 13 5B 18 12 0E 5B 18 12 0A 5B 18 12 08 ...
T55E4 003:953.156   completely In flash
T55E4 003:953.217 - 0.190ms returns 0xBE0
T55E4 003:953.636 JLINK_WriteMem(0x200E2FB0, 0xBE0 Bytes, ...)
T55E4 003:953.692   Data:  41 C7 51 FF 3D C8 53 FF 39 C8 55 FF 34 C9 57 FF ...
T55E4 003:953.736   completely In flash
T55E4 003:953.776 - 0.139ms returns 0xBE0
T55E4 003:954.354 JLINK_WriteMem(0x200E3B90, 0xBD0 Bytes, ...)
T55E4 003:954.404   Data:  E7 A6 04 D4 E7 A6 04 D4 E8 A6 05 D4 E8 A6 05 D4 ...
T55E4 003:954.456   completely In flash
T55E4 003:954.512 - 0.158ms returns 0xBD0
T55E4 003:955.094 JLINK_WriteMem(0x200E4760, 0xBD0 Bytes, ...)
T55E4 003:955.150   Data:  04 48 F9 FF 04 48 F9 FF 04 47 F8 FF 04 46 F7 FF ...
T55E4 003:955.214   completely In flash
T55E4 003:955.274 - 0.181ms returns 0xBD0
T55E4 003:955.951 JLINK_WriteMem(0x200E5330, 0xBD0 Bytes, ...)
T55E4 003:956.016   Data:  04 26 D1 FF 04 25 CF FF 04 24 CE FF 04 23 CC FF ...
T55E4 003:956.080   completely In flash
T55E4 003:956.145 - 0.194ms returns 0xBD0
T55E4 003:956.856 JLINK_WriteMem(0x200E5F00, 0xBD0 Bytes, ...)
T55E4 003:956.918   Data:  5B 18 12 02 5B 18 12 01 5B 18 12 01 00 00 00 00 ...
T55E4 003:956.982   completely In flash
T55E4 003:957.047 - 0.191ms returns 0xBD0
T55E4 003:958.016 JLINK_WriteMem(0x200E6AD0, 0xBD0 Bytes, ...)
T55E4 003:958.176   Data:  E7 AE 03 FF E2 AF 05 FF DE AF 07 FF DA B0 09 FF ...
T55E4 003:958.282   completely In flash
T55E4 003:958.382 - 0.368ms returns 0xBD0
T55E4 003:959.081 JLINK_WriteMem(0x200E76A0, 0xBD0 Bytes, ...)
T55E4 003:959.148   Data:  7D BE 35 FF 78 BF 37 FF 6E B4 37 FF 64 A5 37 FF ...
T55E4 003:959.214   completely In flash
T55E4 003:959.277 - 0.197ms returns 0xBD0
T55E4 003:960.004 JLINK_WriteMem(0x200E8270, 0xBE0 Bytes, ...)
T55E4 003:960.083   Data:  E9 A7 04 D6 E8 A6 04 D6 E8 A6 04 D6 E8 A6 04 D5 ...
T55E4 003:960.152   completely In flash
T55E4 003:960.216 - 0.211ms returns 0xBE0
T55E4 003:960.893 JLINK_WriteMem(0x200E8E50, 0xBD0 Bytes, ...)
T55E4 003:960.971   Data:  E5 A1 08 C9 E4 A1 08 C9 E4 A1 08 C8 E4 9F 08 C8 ...
T55E4 003:961.030   completely In flash
T55E4 003:961.094 - 0.201ms returns 0xBD0
T55E4 003:961.559 JLINK_WriteMem(0x200E9A20, 0xBD0 Bytes, ...)
T55E4 003:961.612   Data:  E3 9F 08 C7 E3 9F 08 C7 E3 A0 09 C7 E3 A0 0A C6 ...
T55E4 003:961.682   completely In flash
T55E4 003:961.745 - 0.186ms returns 0xBD0
T55E4 003:962.184 JLINK_WriteMem(0x200EA5F0, 0xBD0 Bytes, ...)
T55E4 003:962.239   Data:  E3 A0 09 C7 E3 A0 09 C7 E3 A0 0A C5 E3 9F 0A C5 ...
T55E4 003:962.638   completely In flash
T55E4 003:962.705 - 0.522ms returns 0xBD0
T55E4 003:963.244 JLINK_WriteMem(0x200EB1C0, 0xBE0 Bytes, ...)
T55E4 003:963.282   Data:  E1 9C 0B C2 E1 9C 0B C2 E1 9B 0B C2 E1 9B 0B C2 ...
T55E4 003:963.323   completely In flash
T55E4 003:963.361 - 0.118ms returns 0xBE0
T55E4 003:963.902 JLINK_WriteMem(0x200EBDA0, 0xBD0 Bytes, ...)
T55E4 003:963.936   Data:  DE 92 10 BB DE 92 10 BB DE 93 0F BA DE 93 0F BA ...
T55E4 003:963.976   completely In flash
T55E4 003:964.023 - 0.121ms returns 0xBD0
T55E4 003:964.761 JLINK_WriteMem(0x200EC970, 0xBD0 Bytes, ...)
T55E4 003:964.852   Data:  D9 84 14 B6 D9 83 14 B6 D9 83 14 B6 D9 82 14 B5 ...
T55E4 003:964.919   completely In flash
T55E4 003:964.981 - 0.220ms returns 0xBD0
T55E4 003:965.675 JLINK_WriteMem(0x200ED540, 0xBE0 Bytes, ...)
T55E4 003:965.768   Data:  04 21 CA FF 04 1F C8 FF 04 1E C6 FF 04 1C C5 FF ...
T55E4 003:965.819   completely In flash
T55E4 003:965.866 - 0.191ms returns 0xBE0
T55E4 003:966.410 JLINK_WriteMem(0x200EE120, 0xBE0 Bytes, ...)
T55E4 003:966.443   Data:  04 04 A8 FF 04 02 A6 FF 04 01 A4 FF 04 00 A3 FF ...
T55E4 003:966.494   completely In flash
T55E4 003:966.532 - 0.123ms returns 0xBE0
T55E4 003:967.051 JLINK_WriteMem(0x200EED00, 0xBD0 Bytes, ...)
T55E4 003:967.085   Data:  5B 18 12 3D 5B 18 12 32 5B 18 12 27 5B 18 12 1E ...
T55E4 003:967.126   completely In flash
T55E4 003:967.165 - 0.114ms returns 0xBD0
T55E4 003:969.116 JLINK_WriteMem(0x200EF8D0, 0xBD0 Bytes, ...)
T55E4 003:969.309   Data:  5B 18 12 3F 5B 18 12 4C 93 76 74 9A C0 C0 BF FF ...
T55E4 003:969.456   completely In flash
T55E4 003:969.592 - 0.476ms returns 0xBD0
T55E4 003:970.437 JLINK_WriteMem(0x200F04A0, 0xBE0 Bytes, ...)
T55E4 003:970.547   Data:  E5 A3 07 CD E5 A2 07 CC E5 A2 07 CB E5 A2 07 CB ...
T55E4 003:970.648   completely In flash
T55E4 003:970.756 - 0.320ms returns 0xBE0
T55E4 003:971.452 JLINK_WriteMem(0x200F1080, 0xBE0 Bytes, ...)
T55E4 003:971.548   Data:  E0 9B 0D C1 E0 9B 0C C0 E0 9B 0C C0 E0 9A 0C C0 ...
T55E4 003:971.647   completely In flash
T55E4 003:971.751 - 0.300ms returns 0xBE0
T55E4 003:972.320 JLINK_WriteMem(0x200F1C60, 0xBE0 Bytes, ...)
T55E4 003:972.412   Data:  DA 88 13 B7 DA 88 13 B7 DA 88 13 B6 DA 88 14 B6 ...
T55E4 003:972.512   completely In flash
T55E4 003:972.614 - 0.294ms returns 0xBE0
T55E4 003:973.193 JLINK_WriteMem(0x200F2840, 0xBE0 Bytes, ...)
T55E4 003:973.285   Data:  04 18 BF FF 04 17 BE FF 04 15 BC FF 04 14 BA FF ...
T55E4 003:973.386   completely In flash
T55E4 003:973.486 - 0.293ms returns 0xBE0
T55E4 003:974.386 JLINK_WriteMem(0x200F3420, 0xBE0 Bytes, ...)
T55E4 003:974.579   Data:  5B 18 12 05 5B 18 12 08 5B 18 12 0D 5B 18 12 13 ...
T55E4 003:974.778   completely In flash
T55E4 003:974.970 - 0.585ms returns 0xBE0
T55E4 003:975.640 JLINK_WriteMem(0x200F4000, 0xBE0 Bytes, ...)
T55E4 003:975.731   Data:  E3 A0 09 C6 E3 A0 09 C6 E3 9F 09 C6 E3 9F 09 C6 ...
T55E4 003:975.833   completely In flash
T55E4 003:975.933 - 0.293ms returns 0xBE0
T55E4 003:976.521 JLINK_WriteMem(0x200F4BE0, 0xBE0 Bytes, ...)
T55E4 003:976.620   Data:  DE 95 0F BC DF 93 0F BC DF 93 0F BC DE 94 0F BB ...
T55E4 003:976.744   completely In flash
T55E4 003:976.842 - 0.321ms returns 0xBE0
T55E4 003:977.445 JLINK_WriteMem(0x200F57C0, 0xBE0 Bytes, ...)
T55E4 003:977.550   Data:  DC 8C 12 B8 DC 8C 12 B7 DC 8C 12 B7 DC 8B 12 B7 ...
T55E4 003:977.652   completely In flash
T55E4 003:977.756 - 0.311ms returns 0xBE0
T55E4 003:978.273 JLINK_WriteMem(0x200F63A0, 0xBE0 Bytes, ...)
T55E4 003:978.357   Data:  DC 8C 12 B8 DC 8C 12 B7 DC 8B 12 B7 DC 8A 12 B7 ...
T55E4 003:978.406   completely In flash
T55E4 003:978.454 - 0.182ms returns 0xBE0
T55E4 003:979.049 JLINK_WriteMem(0x200F6F80, 0xBE0 Bytes, ...)
T55E4 003:979.113   Data:  D9 76 17 B5 D9 75 17 B5 D9 76 17 B5 D8 75 18 B5 ...
T55E4 003:979.175   completely In flash
T55E4 003:979.237 - 0.188ms returns 0xBE0
T55E4 003:979.680 JLINK_WriteMem(0x200F7B60, 0xBE0 Bytes, ...)
T55E4 003:979.742   Data:  D8 61 1B B8 D8 60 1B B8 D7 5F 1B B8 D7 5F 1B B8 ...
T55E4 003:979.801   completely In flash
T55E4 003:979.858 - 0.178ms returns 0xBE0
T55E4 003:980.266 JLINK_WriteMem(0x200F8740, 0xBE0 Bytes, ...)
T55E4 003:980.334   Data:  D9 4D 1D BE DA 4C 1D BE DA 4B 1D BE DA 4B 1D BF ...
T55E4 003:980.395   completely In flash
T55E4 003:980.456 - 0.191ms returns 0xBE0
T55E4 003:981.218 JLINK_WriteMem(0x200F9320, 0xBE0 Bytes, ...)
T55E4 003:981.304   Data:  DA 49 1D BF DA 49 1D BF DA 48 1D C0 DA 46 1D C0 ...
T55E4 003:981.363   completely In flash
T55E4 003:981.407 - 0.190ms returns 0xBE0
T55E4 003:981.906 JLINK_WriteMem(0x200F9F00, 0xBE0 Bytes, ...)
T55E4 003:981.982   Data:  DA 45 1D C1 DA 45 1E C1 DA 44 1E C1 DB 44 1E C1 ...
T55E4 003:982.038   completely In flash
T55E4 003:982.092 - 0.187ms returns 0xBE0
T55E4 003:982.577 JLINK_WriteMem(0x200FAAE0, 0xBD0 Bytes, ...)
T55E4 003:982.658   Data:  DA 46 1D C0 DA 46 1D C1 DA 45 1D C1 DA 44 1E C1 ...
T55E4 003:982.732   completely In flash
T55E4 003:982.808 - 0.231ms returns 0xBD0
T55E4 003:983.440 JLINK_WriteMem(0x200FB6B0, 0xBE0 Bytes, ...)
T55E4 003:983.494   Data:  D8 53 1C BC D8 53 1C BC D9 53 1C BC D9 51 1D BC ...
T55E4 003:983.538   completely In flash
T55E4 003:983.576 - 0.135ms returns 0xBE0
T55E4 003:984.060 JLINK_WriteMem(0x200FC290, 0xBE0 Bytes, ...)
T55E4 003:984.152   Data:  D8 62 1B B8 D8 61 1B B8 D8 60 1B B8 D7 5F 1B B8 ...
T55E4 003:984.246   completely In flash
T55E4 003:984.330 - 0.270ms returns 0xBE0
T55E4 003:985.054 JLINK_WriteMem(0x200FCE70, 0xBE0 Bytes, ...)
T55E4 003:985.150   Data:  D8 76 17 B5 D9 76 17 B5 D9 76 17 B5 D9 75 17 B5 ...
T55E4 003:985.256   completely In flash
T55E4 003:985.358 - 0.304ms returns 0xBE0
T55E4 003:986.083 JLINK_WriteMem(0x200FDA50, 0xBE0 Bytes, ...)
T55E4 003:986.178   Data:  D9 76 17 B5 D9 75 17 B5 D9 75 17 B5 D8 76 18 B5 ...
T55E4 003:986.286   completely In flash
T55E4 003:986.384 - 0.301ms returns 0xBE0
T55E4 003:987.116 JLINK_WriteMem(0x200FE630, 0xBE0 Bytes, ...)
T55E4 003:987.216   Data:  D8 74 18 B5 D8 73 18 B5 D8 71 18 B5 D8 71 19 B5 ...
T55E4 003:987.321   completely In flash
T55E4 003:987.423 - 0.308ms returns 0xBE0
T55E4 003:988.124 JLINK_WriteMem(0x200FF210, 0xBE0 Bytes, ...)
T55E4 003:988.224   Data:  D8 6E 19 B6 D8 6D 19 B6 D8 6C 19 B6 D8 6C 19 B6 ...
T55E4 003:988.335   completely In flash
T55E4 003:988.436 - 0.313ms returns 0xBE0
T55E4 003:989.002 JLINK_WriteMem(0x200FFDF0, 0xBE0 Bytes, ...)
T55E4 003:989.087   Data:  D8 64 1B B7 D8 63 1B B7 D8 63 1B B7 D8 62 1B B8 ...
T55E4 003:989.594   completely In flash
T55E4 003:990.691 - 1.687ms returns 0xBE0
T55E4 003:991.532 JLINK_WriteMem(0x201009D0, 0xBE0 Bytes, ...)
T55E4 003:991.624   Data:  D8 60 1B B8 D8 5F 1B B8 D8 5E 1B B9 D8 5D 1C B9 ...
T55E4 003:991.730   completely In flash
T55E4 003:991.831 - 0.299ms returns 0xBE0
T55E4 003:992.601 JLINK_WriteMem(0x201015B0, 0xBD0 Bytes, ...)
T55E4 003:992.687   Data:  D8 57 1C BB D8 57 1C BB D9 56 1C BB D9 55 1C BB ...
T55E4 003:992.753   completely In flash
T55E4 003:992.817 - 0.217ms returns 0xBD0
T55E4 003:993.669 JLINK_WriteMem(0x20102180, 0xBD0 Bytes, ...)
T55E4 003:993.772   Data:  DA 49 1D BF DA 48 1D C0 DA 47 1D C0 DA 47 1D C0 ...
T55E4 003:993.874   completely In flash
T55E4 003:993.975 - 0.306ms returns 0xBD0
T55E4 003:995.272 JLINK_WriteMem(0x20102D50, 0xBD0 Bytes, ...)
T55E4 003:995.376   Data:  D9 50 1D BC D9 50 1D BD D9 4F 1D BD D9 4E 1D BD ...
T55E4 003:995.482   completely In flash
T55E4 003:995.587 - 0.314ms returns 0xBD0
T55E4 003:996.245 JLINK_WriteMem(0x20103920, 0xBD0 Bytes, ...)
T55E4 003:996.300   Data:  DA 4B 1D BF DA 48 1D BF DA 48 1D BF DA 48 1D C0 ...
T55E4 003:996.342   completely In flash
T55E4 003:996.382 - 0.137ms returns 0xBD0
T55E4 003:996.998 JLINK_WriteMem(0x201044F0, 0xBD0 Bytes, ...)
T55E4 003:997.056   Data:  D8 53 1C BC D9 53 1C BC D9 52 1C BC D9 51 1C BC ...
T55E4 003:997.108   completely In flash
T55E4 003:997.146 - 0.148ms returns 0xBD0
T55E4 003:997.900 JLINK_WriteMem(0x201050C0, 0xBD0 Bytes, ...)
T55E4 003:997.978   Data:  D8 5F 1B B9 D8 5E 1C B9 D8 5D 1C B9 D8 5C 1B B9 ...
T55E4 003:998.520   completely In flash
T55E4 003:998.607 - 0.707ms returns 0xBD0
T55E4 003:999.252 JLINK_WriteMem(0x20105C90, 0xBD0 Bytes, ...)
T55E4 003:999.327   Data:  D8 68 1A B6 D8 68 1A B6 D8 67 1A B7 D8 66 1A B7 ...
T55E4 003:999.402   completely In flash
T55E4 003:999.474 - 0.222ms returns 0xBD0
T55E4 004:000.074 JLINK_WriteMem(0x20106860, 0xBD0 Bytes, ...)
T55E4 004:000.150   Data:  D8 6B 1A B6 D8 6A 1A B6 D8 69 1A B6 D8 68 1A B6 ...
T55E4 004:000.242   completely In flash
T55E4 004:000.330 - 0.255ms returns 0xBD0
T55E4 004:001.152 JLINK_WriteMem(0x20107430, 0xBD0 Bytes, ...)
T55E4 004:001.214   Data:  97 97 98 FF 95 97 98 FF 93 95 96 FF 96 83 7D FE ...
T55E4 004:001.254   completely In flash
T55E4 004:001.291 - 0.139ms returns 0xBD0
T55E4 004:001.724 JLINK_WriteMem(0x20108000, 0xBD0 Bytes, ...)
T55E4 004:001.779   Data:  D5 A1 26 FF D8 A2 13 FF D8 A2 13 FF D9 A3 13 FF ...
T55E4 004:001.818   completely In flash
T55E4 004:001.856 - 0.133ms returns 0xBD0
T55E4 004:002.285 JLINK_WriteMem(0x20108BD0, 0xBD0 Bytes, ...)
T55E4 004:002.348   Data:  5B 18 12 37 5B 18 12 2C 5B 18 12 23 5B 18 12 1B ...
T55E4 004:002.405   completely In flash
T55E4 004:002.457 - 0.173ms returns 0xBD0
T55E4 004:002.998 JLINK_WriteMem(0x201097A0, 0xBD0 Bytes, ...)
T55E4 004:003.054   Data:  E5 0B 1C E1 E6 08 1B E1 EA 13 28 E2 DE 13 20 E9 ...
T55E4 004:003.106   completely In flash
T55E4 004:003.156 - 0.158ms returns 0xBD0
T55E4 004:003.796 JLINK_WriteMem(0x2010A370, 0xBD0 Bytes, ...)
T55E4 004:003.866   Data:  DD 38 1D C7 DD 38 1D C7 DD 36 1E C8 DD 34 1E C9 ...
T55E4 004:003.928   completely In flash
T55E4 004:003.992 - 0.197ms returns 0xBD0
T55E4 004:004.718 JLINK_WriteMem(0x2010AF40, 0xBD0 Bytes, ...)
T55E4 004:004.792   Data:  D8 58 1C BA D8 57 1C BA D8 57 1C BB D8 57 1C BB ...
T55E4 004:004.876   completely In flash
T55E4 004:004.959 - 0.242ms returns 0xBD0
T55E4 004:005.712 JLINK_WriteMem(0x2010BB10, 0xBD0 Bytes, ...)
T55E4 004:005.792   Data:  A0 A0 A2 FF A0 A1 A3 FF A1 A2 A4 FF A2 A2 A4 FF ...
T55E4 004:005.857   completely In flash
T55E4 004:005.920 - 0.209ms returns 0xBD0
T55E4 004:006.516 JLINK_WriteMem(0x2010C6E0, 0xBE0 Bytes, ...)
T55E4 004:006.582   Data:  98 97 98 FF 98 98 98 FF 97 97 98 FF 97 96 98 FF ...
T55E4 004:006.652   completely In flash
T55E4 004:006.716 - 0.201ms returns 0xBE0
T55E4 004:007.586 JLINK_WriteMem(0x2010D2C0, 0xBD0 Bytes, ...)
T55E4 004:007.700   Data:  AF AF B0 FF B1 B0 B1 FF B2 B1 B2 FF B3 B3 B4 FF ...
T55E4 004:007.800   completely In flash
T55E4 004:007.899 - 0.313ms returns 0xBD0
T55E4 004:009.394 JLINK_WriteMem(0x2010DE90, 0xBD0 Bytes, ...)
T55E4 004:009.494   Data:  E5 0F 1D DF E5 0F 1D DF E5 0E 1D E0 E5 0E 1D E0 ...
T55E4 004:009.596   completely In flash
T55E4 004:009.700 - 0.307ms returns 0xBD0
T55E4 004:010.496 JLINK_WriteMem(0x2010EA60, 0xBE0 Bytes, ...)
T55E4 004:010.598   Data:  E0 22 1E D2 E0 22 1E D3 E0 21 1E D3 E0 21 1E D4 ...
T55E4 004:010.698   completely In flash
T55E4 004:010.801 - 0.305ms returns 0xBE0
T55E4 004:011.640 JLINK_WriteMem(0x2010F640, 0xBD0 Bytes, ...)
T55E4 004:011.721   Data:  DE 2E 1E CC DE 2D 1E CC DE 2C 1E CD DE 2B 1E CD ...
T55E4 004:011.808   completely In flash
T55E4 004:011.886 - 0.245ms returns 0xBD0
T55E4 004:012.833 JLINK_WriteMem(0x20110210, 0xBD0 Bytes, ...)
T55E4 004:012.943   Data:  DE 28 1E CF DF 28 1E D0 DF 28 1E D0 E0 28 1E D0 ...
T55E4 004:013.030   completely In flash
T55E4 004:013.104 - 0.272ms returns 0xBD0
T55E4 004:013.847 JLINK_WriteMem(0x20110DE0, 0xBD0 Bytes, ...)
T55E4 004:013.929   Data:  E2 1E 1E D5 E1 1E 1E D5 E2 1D 1E D6 E1 1C 1E D6 ...
T55E4 004:013.987   completely In flash
T55E4 004:014.037 - 0.191ms returns 0xBD0
T55E4 004:014.813 JLINK_WriteMem(0x201119B0, 0xBE0 Bytes, ...)
T55E4 004:015.011   Data:  A5 9C 9A FC A6 A6 A5 FE A5 A7 A9 FE A1 A4 A6 FF ...
T55E4 004:015.052   completely In flash
T55E4 004:015.091 - 0.278ms returns 0xBE0
T55E4 004:015.514 JLINK_WriteMem(0x20112590, 0xBE0 Bytes, ...)
T55E4 004:015.580   Data:  B1 B1 B4 FF AA A5 A4 D4 5B 18 12 53 5B 18 12 48 ...
T55E4 004:015.620   completely In flash
T55E4 004:015.658 - 0.143ms returns 0xBE0
T55E4 004:016.002 JLINK_WriteMem(0x20113170, 0xBE0 Bytes, ...)
T55E4 004:016.041   Data:  C3 C4 C6 FF C1 C3 C5 FF BF C2 C4 FF BE C0 C3 FF ...
T55E4 004:016.081   completely In flash
T55E4 004:016.119 - 0.117ms returns 0xBE0
T55E4 004:016.472 JLINK_WriteMem(0x20113D50, 0xBE0 Bytes, ...)
T55E4 004:016.516   Data:  5B 18 12 00 5B 18 12 01 5B 18 12 01 5B 18 12 02 ...
T55E4 004:016.555   completely In flash
T55E4 004:016.592 - 0.121ms returns 0xBE0
T55E4 004:016.922 JLINK_WriteMem(0x20114930, 0xBE0 Bytes, ...)
T55E4 004:016.962   Data:  B0 B2 B4 FF B8 BA BB FF BE BF C1 FF B9 B7 BA F5 ...
T55E4 004:017.001   completely In flash
T55E4 004:017.051 - 0.129ms returns 0xBE0
T55E4 004:017.686 JLINK_WriteMem(0x20115510, 0xBE0 Bytes, ...)
T55E4 004:017.773   Data:  5B 18 12 4F 5B 18 12 46 5B 18 12 3C 5B 18 12 34 ...
T55E4 004:017.860   completely In flash
T55E4 004:017.940 - 0.255ms returns 0xBE0
T55E4 004:018.644 JLINK_WriteMem(0x201160F0, 0xBD0 Bytes, ...)
T55E4 004:018.744   Data:  5B 18 12 23 5B 18 12 29 5B 18 12 30 5B 18 12 37 ...
T55E4 004:018.839   completely In flash
T55E4 004:018.920 - 0.276ms returns 0xBD0
T55E4 004:019.599 JLINK_WriteMem(0x20116CC0, 0xBE0 Bytes, ...)
T55E4 004:019.701   Data:  BD BF C2 FF BC BD C0 FF BA BC BF FF B8 BA BD FF ...
T55E4 004:019.804   completely In flash
T55E4 004:019.903 - 0.305ms returns 0xBE0
T55E4 004:021.437 JLINK_WriteMem(0x201178A0, 0xBE0 Bytes, ...)
T55E4 004:021.519   Data:  5B 18 12 33 5B 18 12 2D 5B 18 12 27 5B 18 12 22 ...
T55E4 004:021.590   completely In flash
T55E4 004:021.708 - 0.270ms returns 0xBE0
T55E4 004:022.237 JLINK_WriteMem(0x20118480, 0xBD0 Bytes, ...)
T55E4 004:022.299   Data:  AB AF B6 FF AD B1 B7 FF AE B2 B8 FF AF B2 B9 FF ...
T55E4 004:022.347   completely In flash
T55E4 004:022.388 - 0.151ms returns 0xBD0
T55E4 004:022.755 JLINK_WriteMem(0x20119050, 0xBE0 Bytes, ...)
T55E4 004:022.804   Data:  95 9B A4 FF 96 9C A5 FF 96 9C A5 FF 97 9C A5 FF ...
T55E4 004:022.842   completely In flash
T55E4 004:022.880 - 0.126ms returns 0xBE0
T55E4 004:023.255 JLINK_WriteMem(0x20119C30, 0xBD0 Bytes, ...)
T55E4 004:023.300   Data:  5B 18 12 47 5B 18 12 46 5B 18 12 43 5B 18 12 42 ...
T55E4 004:023.368   completely In flash
T55E4 004:023.434 - 0.178ms returns 0xBD0
T55E4 004:024.120 JLINK_WriteMem(0x2011A800, 0xBD0 Bytes, ...)
T55E4 004:024.209   Data:  00 94 03 85 1F 83 00 CF CE 00 83 1E 85 02 8F 06 ...
T55E4 004:024.289   completely In flash
T55E4 004:024.369 - 0.248ms returns 0xBD0
T55E4 004:025.005 JLINK_WriteMem(0x2011B3D0, 0xBE0 Bytes, ...)
T55E4 004:025.100   Data:  82 17 82 10 83 84 10 82 2F 82 12 83 02 82 09 82 ...
T55E4 004:025.181   completely In flash
T55E4 004:025.234 - 0.230ms returns 0xBE0
T55E4 004:025.707 JLINK_WriteMem(0x2011BFB0, 0xBE0 Bytes, ...)
T55E4 004:025.764   Data:  0B 82 87 89 46 82 02 83 05 82 01 83 82 0D 82 06 ...
T55E4 004:025.816   completely In flash
T55E4 004:025.860 - 0.153ms returns 0xBE0
T55E4 004:026.355 JLINK_WriteMem(0x2011CB90, 0xBD0 Bytes, ...)
T55E4 004:026.408   Data:  5B 18 12 03 5B 18 12 03 5B 18 12 02 5B 18 12 01 ...
T55E4 004:026.457   completely In flash
T55E4 004:026.504 - 0.150ms returns 0xBD0
T55E4 004:027.010 JLINK_WriteMem(0x2011D760, 0xBD0 Bytes, ...)
T55E4 004:027.081   Data:  5B 18 12 14 5B 18 12 16 5B 18 12 19 5B 18 12 1C ...
T55E4 004:027.158   completely In flash
T55E4 004:027.230 - 0.220ms returns 0xBD0
T55E4 004:028.044 JLINK_WriteMem(0x2011E330, 0xBD0 Bytes, ...)
T55E4 004:028.156   Data:  FB FB FB FF F4 ED ED FF E9 D5 D5 FF DA B0 AF FF ...
T55E4 004:028.241   completely In flash
T55E4 004:028.315 - 0.271ms returns 0xBD0
T55E4 004:028.928 JLINK_WriteMem(0x2011EF00, 0xBD0 Bytes, ...)
T55E4 004:028.989   Data:  5B 18 12 03 5B 18 12 02 5B 18 12 01 5B 18 12 00 ...
T55E4 004:029.037   completely In flash
T55E4 004:029.078 - 0.151ms returns 0xBD0
T55E4 004:029.687 JLINK_WriteMem(0x2011FAD0, 0xBD0 Bytes, ...)
T55E4 004:029.740   Data:  B9 B8 B8 FF C7 C7 C6 FF CB CB CA FF B7 B7 B7 FF ...
T55E4 004:029.785   completely In flash
T55E4 004:029.824 - 0.138ms returns 0xBD0
T55E4 004:030.316 JLINK_WriteMem(0x201206A0, 0xBE0 Bytes, ...)
T55E4 004:030.352   Data:  E2 D1 D1 FF C1 62 5C FF BA 24 00 FF C5 74 70 FF ...
T55E4 004:030.399   completely In flash
T55E4 004:030.438 - 0.122ms returns 0xBE0
T55E4 004:030.908 JLINK_WriteMem(0x20121280, 0xBE0 Bytes, ...)
T55E4 004:030.988   Data:  AE A6 A6 DA 5C 1A 15 62 5B 18 12 4F 5B 18 12 47 ...
T55E4 004:031.041   completely In flash
T55E4 004:031.102 - 0.194ms returns 0xBE0
T55E4 004:031.800 JLINK_WriteMem(0x20121E60, 0xBE0 Bytes, ...)
T55E4 004:031.857   Data:  B8 B8 B8 FF A4 A4 A4 FF A4 A4 A4 FF AC AA AB FF ...
T55E4 004:031.901   completely In flash
T55E4 004:031.939 - 0.139ms returns 0xBE0
T55E4 004:032.610 JLINK_WriteMem(0x20122A40, 0xBE0 Bytes, ...)
T55E4 004:032.682   Data:  E3 E3 E2 FF E2 E2 E2 FF E2 E2 E1 FF E1 E1 E0 FF ...
T55E4 004:033.356   completely In flash
T55E4 004:033.471 - 0.861ms returns 0xBE0
T55E4 004:034.232 JLINK_WriteMem(0x20123620, 0xBD0 Bytes, ...)
T55E4 004:034.338   Data:  96 95 94 FF 95 95 94 FF 95 94 94 FF 95 94 94 FF ...
T55E4 004:034.441   completely In flash
T55E4 004:034.535 - 0.303ms returns 0xBD0
T55E4 004:035.172 JLINK_WriteMem(0x201241F0, 0xBE0 Bytes, ...)
T55E4 004:035.258   Data:  D6 D6 D6 FF D5 D5 D5 FF D5 D4 D4 FF D5 D4 D4 FF ...
T55E4 004:035.363   completely In flash
T55E4 004:035.464 - 0.292ms returns 0xBE0
T55E4 004:036.050 JLINK_WriteMem(0x20124DD0, 0xBE0 Bytes, ...)
T55E4 004:036.138   Data:  9D 9C 9C FF 9D 9C 9C FF 9C 9C 9C FF 9C 9B 9B FF ...
T55E4 004:036.233   completely In flash
T55E4 004:036.337 - 0.287ms returns 0xBE0
T55E4 004:036.911 JLINK_WriteMem(0x201259B0, 0xBE0 Bytes, ...)
T55E4 004:037.010   Data:  D5 D5 D4 FF D6 D5 D5 FF D7 D6 D6 FF D8 D8 D7 FF ...
T55E4 004:037.110   completely In flash
T55E4 004:037.211 - 0.300ms returns 0xBE0
T55E4 004:037.796 JLINK_WriteMem(0x20126590, 0xBD0 Bytes, ...)
T55E4 004:037.891   Data:  E5 A2 08 CA E5 A2 08 CA E5 A1 08 C9 E4 A1 08 C9 ...
T55E4 004:037.993   completely In flash
T55E4 004:038.088 - 0.293ms returns 0xBD0
T55E4 004:039.019 JLINK_WriteMem(0x20127160, 0xBE0 Bytes, ...)
T55E4 004:039.115   Data:  5B 18 12 20 5B 18 12 18 5B 18 12 12 5B 18 12 0E ...
T55E4 004:039.214   completely In flash
T55E4 004:039.318 - 0.299ms returns 0xBE0
T55E4 004:039.854 JLINK_WriteMem(0x20127D40, 0xBE0 Bytes, ...)
T55E4 004:039.949   Data:  D4 D3 D3 FF D4 D5 D4 FF D6 D6 D5 FF D8 D7 D7 FF ...
T55E4 004:040.054   completely In flash
T55E4 004:040.152 - 0.298ms returns 0xBE0
T55E4 004:040.681 JLINK_WriteMem(0x20128920, 0xBE0 Bytes, ...)
T55E4 004:040.765   Data:  EB A9 02 DC EB A9 03 DB E9 A8 03 DA E9 A8 03 DA ...
T55E4 004:040.864   completely In flash
T55E4 004:040.964 - 0.283ms returns 0xBE0
T55E4 004:041.534 JLINK_WriteMem(0x20129500, 0xBE0 Bytes, ...)
T55E4 004:041.626   Data:  E3 9F 08 C7 E3 9F 09 C7 E3 A0 09 C7 E3 A0 09 C6 ...
T55E4 004:041.722   completely In flash
T55E4 004:041.824 - 0.290ms returns 0xBE0
T55E4 004:042.423 JLINK_WriteMem(0x2012A0E0, 0xBE0 Bytes, ...)
T55E4 004:042.507   Data:  DE 94 0E BC DF 93 0F BC DF 93 0F BC DE 93 0F BC ...
T55E4 004:042.606   completely In flash
T55E4 004:042.709 - 0.287ms returns 0xBE0
T55E4 004:043.372 JLINK_WriteMem(0x2012ACC0, 0xBE0 Bytes, ...)
T55E4 004:043.480   Data:  8C 8C 8B FF 8D 8C 8C FF 8D 8D 8C FF 8D 8D 8D FF ...
T55E4 004:043.551   completely In flash
T55E4 004:043.612 - 0.240ms returns 0xBE0
T55E4 004:044.496 JLINK_WriteMem(0x2012B8A0, 0xBE0 Bytes, ...)
T55E4 004:044.588   Data:  E2 DE DD FF E3 E3 E3 FF D2 CA CA EC 5B 18 12 54 ...
T55E4 004:044.659   completely In flash
T55E4 004:044.729 - 0.233ms returns 0xBE0
T55E4 004:045.572 JLINK_WriteMem(0x2012C480, 0xBE0 Bytes, ...)
T55E4 004:045.677   Data:  8A 89 89 FF 95 95 94 FF DD DD DE FF F9 F9 F9 FF ...
T55E4 004:045.803   completely In flash
T55E4 004:045.908 - 0.336ms returns 0xBE0
T55E4 004:047.906 JLINK_WriteMem(0x2012D060, 0xBE0 Bytes, ...)
T55E4 004:047.990   Data:  DC 8A 12 B7 DB 8A 12 B7 DA 89 13 B7 DA 88 13 B7 ...
T55E4 004:048.048   completely In flash
T55E4 004:048.098 - 0.193ms returns 0xBE0
T55E4 004:048.842 JLINK_WriteMem(0x2012DC40, 0xBE0 Bytes, ...)
T55E4 004:048.935   Data:  DC 8E 10 B8 DC 8D 11 B8 DB 8C 11 B8 DC 8C 12 B8 ...
T55E4 004:048.997   completely In flash
T55E4 004:049.059 - 0.217ms returns 0xBE0
T55E4 004:049.715 JLINK_WriteMem(0x2012E820, 0xBE0 Bytes, ...)
T55E4 004:049.785   Data:  DE 93 0F BA DE 93 0F BA DD 92 0F BA DE 91 10 BA ...
T55E4 004:049.842   completely In flash
T55E4 004:049.896 - 0.181ms returns 0xBE0
T55E4 004:050.445 JLINK_WriteMem(0x2012F400, 0xBE0 Bytes, ...)
T55E4 004:050.524   Data:  DD 91 10 BA DE 90 10 BA DE 90 10 BA DD 91 10 BA ...
T55E4 004:050.585   completely In flash
T55E4 004:050.643 - 0.198ms returns 0xBE0
T55E4 004:051.270 JLINK_WriteMem(0x2012FFE0, 0xBD0 Bytes, ...)
T55E4 004:051.335   Data:  DE 94 0F BB DD 94 10 BB DE 93 10 BB DE 92 10 BB ...
T55E4 004:051.393   completely In flash
T55E4 004:051.451 - 0.181ms returns 0xBD0
T55E4 004:051.997 JLINK_WriteMem(0x20130BB0, 0xBE0 Bytes, ...)
T55E4 004:052.071   Data:  DE 96 0E BD DE 95 0E BC DE 96 0E BC DE 95 0E BC ...
T55E4 004:052.134   completely In flash
T55E4 004:052.191 - 0.194ms returns 0xBE0
T55E4 004:052.781 JLINK_WriteMem(0x20131790, 0xBE0 Bytes, ...)
T55E4 004:052.862   Data:  E3 A0 09 C7 E3 A0 09 C6 E3 9F 09 C6 E3 9F 0A C5 ...
T55E4 004:052.935   completely In flash
T55E4 004:053.004 - 0.223ms returns 0xBE0
T55E4 004:053.649 JLINK_WriteMem(0x20132370, 0xBE0 Bytes, ...)
T55E4 004:053.746   Data:  E5 A2 07 CC E5 A2 07 CB E5 A2 07 CB E4 A2 08 CB ...
T55E4 004:053.832   completely In flash
T55E4 004:053.918 - 0.270ms returns 0xBE0
T55E4 004:054.420 JLINK_WriteMem(0x20132F50, 0xBE0 Bytes, ...)
T55E4 004:054.463   Data:  C0 7A 14 EB E5 A1 00 D7 EB A9 04 D3 E8 A6 04 D4 ...
T55E4 004:054.502   completely In flash
T55E4 004:054.544 - 0.124ms returns 0xBE0
T55E4 004:054.991 JLINK_WriteMem(0x20133B30, 0xBE0 Bytes, ...)
T55E4 004:055.020   Data:  AE AE AE FF A2 98 98 FF 62 29 2B FF 97 87 79 FF ...
T55E4 004:055.060   completely In flash
T55E4 004:055.101 - 0.110ms returns 0xBE0
T55E4 004:055.679 JLINK_WriteMem(0x20134710, 0xBC0 Bytes, ...)
T55E4 004:055.717   Data:  5B 18 12 02 5B 18 12 01 5B 18 12 01 00 00 00 00 ...
T55E4 004:055.756   completely In flash
T55E4 004:055.794 - 0.115ms returns 0xBC0
T55E4 004:056.359 JLINK_WriteMem(0x201352D0, 0xBB0 Bytes, ...)
T55E4 004:056.420   Data:  6D 4D 4F FF 83 82 81 FF 83 82 81 FF AE 4A 42 FF ...
T55E4 004:056.460   completely In flash
T55E4 004:056.498 - 0.140ms returns 0xBB0
T55E4 004:056.974 JLINK_WriteMem(0x20135E80, 0xBE0 Bytes, ...)
T55E4 004:057.010   Data:  D8 6C 19 B6 D8 6B 1A B6 D8 6A 1A B6 D8 69 1A B6 ...
T55E4 004:057.048   completely In flash
T55E4 004:057.088 - 0.113ms returns 0xBE0
T55E4 004:057.668 JLINK_WriteMem(0x20136A60, 0xBE0 Bytes, ...)
T55E4 004:057.730   Data:  D8 79 17 B5 D8 79 16 B5 D8 79 16 B5 D8 79 17 B5 ...
T55E4 004:057.796   completely In flash
T55E4 004:057.865 - 0.197ms returns 0xBE0
T55E4 004:058.430 JLINK_WriteMem(0x20137640, 0xBD0 Bytes, ...)
T55E4 004:058.468   Data:  DE 93 0F BA DD 92 0F BA DD 92 0F BA DE 91 10 BA ...
T55E4 004:058.509   completely In flash
T55E4 004:058.556 - 0.126ms returns 0xBD0
T55E4 004:059.048 JLINK_WriteMem(0x20138210, 0xBE0 Bytes, ...)
T55E4 004:059.108   Data:  E0 9B 0B C1 E0 9C 0B C1 E0 9B 0C C1 E0 9B 0C C1 ...
T55E4 004:059.170   completely In flash
T55E4 004:059.234 - 0.185ms returns 0xBE0
T55E4 004:059.798 JLINK_WriteMem(0x20138DF0, 0xBE0 Bytes, ...)
T55E4 004:059.878   Data:  F1 F1 F1 FF 9C 9B 9E FF 81 80 81 FF 6A 68 6B FF ...
T55E4 004:059.944   completely In flash
T55E4 004:060.005 - 0.207ms returns 0xBE0
T55E4 004:060.703 JLINK_WriteMem(0x201399D0, 0xBD0 Bytes, ...)
T55E4 004:060.798   Data:  AC AB AB FF AA AA A9 FF AA AA AA FF AB AB AA FF ...
T55E4 004:060.895   completely In flash
T55E4 004:060.990 - 0.288ms returns 0xBD0
T55E4 004:061.662 JLINK_WriteMem(0x2013A5A0, 0xBE0 Bytes, ...)
T55E4 004:061.736   Data:  D8 63 1B B7 D8 62 1B B8 D8 62 1B B8 D8 61 1B B8 ...
T55E4 004:061.803   completely In flash
T55E4 004:061.867 - 0.205ms returns 0xBE0
T55E4 004:063.053 JLINK_WriteMem(0x2013B180, 0xBD0 Bytes, ...)
T55E4 004:063.166   Data:  D9 76 17 B5 D9 75 17 B5 D9 75 17 B5 D8 75 18 B5 ...
T55E4 004:063.256   completely In flash
T55E4 004:063.349 - 0.297ms returns 0xBD0
T55E4 004:064.039 JLINK_WriteMem(0x2013BD50, 0xBE0 Bytes, ...)
T55E4 004:064.150   Data:  DD 8F 10 B9 DD 8F 10 B9 DC 8F 10 B9 DC 8E 10 B8 ...
T55E4 004:064.211   completely In flash
T55E4 004:064.268 - 0.229ms returns 0xBE0
T55E4 004:065.023 JLINK_WriteMem(0x2013C930, 0xBE0 Bytes, ...)
T55E4 004:065.122   Data:  DE 93 0F BC DF 93 0F BC DF 93 0F BC DD 93 0F BC ...
T55E4 004:065.213   completely In flash
T55E4 004:065.274 - 0.252ms returns 0xBE0
T55E4 004:065.850 JLINK_WriteMem(0x2013D510, 0xBE0 Bytes, ...)
T55E4 004:065.925   Data:  57 57 56 FF 5E 5E 5E FF FB FA FB FF 5F 5E 5F FF ...
T55E4 004:065.992   completely In flash
T55E4 004:066.046 - 0.196ms returns 0xBE0
T55E4 004:066.422 JLINK_WriteMem(0x2013E0F0, 0xBE0 Bytes, ...)
T55E4 004:066.467   Data:  5B 18 12 03 5B 18 12 05 5B 18 12 08 5B 18 12 0C ...
T55E4 004:066.511   completely In flash
T55E4 004:066.549 - 0.128ms returns 0xBE0
T55E4 004:066.902 JLINK_WriteMem(0x2013ECD0, 0xBD0 Bytes, ...)
T55E4 004:066.939   Data:  BF BF BF FF C0 BF BF FF C0 BF BF FF C0 C0 BE FF ...
T55E4 004:066.981   completely In flash
T55E4 004:067.023 - 0.121ms returns 0xBD0
T55E4 004:067.698 JLINK_WriteMem(0x2013F8A0, 0xBD0 Bytes, ...)
T55E4 004:067.788   Data:  DA 4B 1D BF DA 4B 1D BF DA 4A 1D BF DA 49 1D BF ...
T55E4 004:067.861   completely In flash
T55E4 004:067.922 - 0.224ms returns 0xBD0
T55E4 004:068.772 JLINK_WriteMem(0x20140470, 0xBD0 Bytes, ...)
T55E4 004:068.863   Data:  D9 75 17 B5 D9 76 17 B5 D9 76 17 B5 D8 75 18 B5 ...
T55E4 004:068.931   completely In flash
T55E4 004:068.992 - 0.220ms returns 0xBD0
T55E4 004:069.690 JLINK_WriteMem(0x20141040, 0xBD0 Bytes, ...)
T55E4 004:069.767   Data:  DE 92 10 BB DE 93 0F BA DE 93 0F BA DD 92 0F BA ...
T55E4 004:069.833   completely In flash
T55E4 004:069.898 - 0.208ms returns 0xBD0
T55E4 004:070.540 JLINK_WriteMem(0x20141C10, 0xBE0 Bytes, ...)
T55E4 004:070.603   Data:  5D 5D 5D FF 5C 5D 5C FF 5C 5C 5C FF 5C 5C 5C FF ...
T55E4 004:070.672   completely In flash
T55E4 004:070.739 - 0.199ms returns 0xBE0
T55E4 004:071.352 JLINK_WriteMem(0x201427F0, 0xBE0 Bytes, ...)
T55E4 004:071.422   Data:  5B 18 12 48 5B 18 12 38 5B 18 12 2C 5B 18 12 22 ...
T55E4 004:071.493   completely In flash
T55E4 004:071.558 - 0.205ms returns 0xBE0
T55E4 004:072.216 JLINK_WriteMem(0x201433D0, 0xBE0 Bytes, ...)
T55E4 004:072.269   Data:  E2 2F 21 CB D4 00 00 D2 B5 61 5D E8 B6 AA AA F8 ...
T55E4 004:072.836   completely In flash
T55E4 004:072.919 - 0.702ms returns 0xBE0
T55E4 004:074.370 JLINK_WriteMem(0x20143FB0, 0xBD0 Bytes, ...)
T55E4 004:074.456   Data:  DC 39 1E C6 DC 38 1D C7 DD 37 1E C7 DD 37 1E C7 ...
T55E4 004:074.512   completely In flash
T55E4 004:074.562 - 0.192ms returns 0xBD0
T55E4 004:075.365 JLINK_WriteMem(0x20144B80, 0xBD0 Bytes, ...)
T55E4 004:075.427   Data:  D9 51 1D BC D9 50 1D BD D9 50 1D BD D9 4F 1D BD ...
T55E4 004:075.474   completely In flash
T55E4 004:075.519 - 0.155ms returns 0xBD0
T55E4 004:076.190 JLINK_WriteMem(0x20145750, 0xBD0 Bytes, ...)
T55E4 004:076.266   Data:  D8 60 1B B8 D8 60 1B B8 D7 5F 1B B8 D7 60 1B B8 ...
T55E4 004:076.355   completely In flash
T55E4 004:076.434 - 0.243ms returns 0xBD0
T55E4 004:077.146 JLINK_WriteMem(0x20146320, 0xBD0 Bytes, ...)
T55E4 004:077.248   Data:  D8 79 16 B5 D8 79 16 B5 D8 78 17 B5 D8 77 17 B5 ...
T55E4 004:077.342   completely In flash
T55E4 004:077.434 - 0.288ms returns 0xBD0
T55E4 004:078.250 JLINK_WriteMem(0x20146EF0, 0xBD0 Bytes, ...)
T55E4 004:078.352   Data:  5B 18 12 0D 5B 18 12 13 5B 18 12 1A 5B 18 12 25 ...
T55E4 004:078.462   completely In flash
T55E4 004:078.559 - 0.310ms returns 0xBD0
T55E4 004:079.508 JLINK_WriteMem(0x20147AC0, 0xBD0 Bytes, ...)
T55E4 004:079.659   Data:  D8 D9 DB FF E3 E3 E3 FF E7 E7 E6 FF E7 E7 E7 FF ...
T55E4 004:079.814   completely In flash
T55E4 004:079.971 - 0.463ms returns 0xBD0
T55E4 004:080.804 JLINK_WriteMem(0x20148690, 0xBC0 Bytes, ...)
T55E4 004:080.896   Data:  DA 42 1E C2 DA 41 1E C2 DA 41 1E C2 DB 41 1E C3 ...
T55E4 004:080.962   completely In flash
T55E4 004:081.101 - 0.298ms returns 0xBC0
T55E4 004:081.646 JLINK_WriteMem(0x20149250, 0xBD0 Bytes, ...)
T55E4 004:081.728   Data:  D8 6F 19 B5 D8 6E 19 B6 D8 6E 19 B6 D8 6D 19 B6 ...
T55E4 004:081.771   completely In flash
T55E4 004:081.815 - 0.170ms returns 0xBD0
T55E4 004:082.396 JLINK_WriteMem(0x20149E20, 0xBC0 Bytes, ...)
T55E4 004:082.443   Data:  C8 CA CC FF C8 CA CC FF C8 C9 CC FF 77 4D 52 FF ...
T55E4 004:082.484   completely In flash
T55E4 004:082.523 - 0.128ms returns 0xBC0
T55E4 004:083.022 JLINK_WriteMem(0x2014A9E0, 0xBE0 Bytes, ...)
T55E4 004:083.062   Data:  D8 D7 D7 FF D8 D8 D8 FF DA D9 D8 FF DA DA DA FF ...
T55E4 004:083.109   completely In flash
T55E4 004:083.158 - 0.135ms returns 0xBE0
T55E4 004:084.014 JLINK_WriteMem(0x2014B5C0, 0xBD0 Bytes, ...)
T55E4 004:084.144   Data:  DE 28 1E CF DE 28 1E D0 DF 28 1E D0 DF 27 1E D0 ...
T55E4 004:084.246   completely In flash
T55E4 004:084.326 - 0.313ms returns 0xBD0
T55E4 004:085.050 JLINK_WriteMem(0x2014C190, 0xBD0 Bytes, ...)
T55E4 004:085.138   Data:  D9 4D 1D BE D9 4C 1D BE DA 4C 1D BE DA 4B 1D BE ...
T55E4 004:085.234   completely In flash
T55E4 004:085.324 - 0.275ms returns 0xBD0
T55E4 004:086.068 JLINK_WriteMem(0x2014CD60, 0xBD0 Bytes, ...)
T55E4 004:086.160   Data:  D8 6D 19 B6 D8 6C 19 B6 D8 6B 19 B6 D8 6C 1A B6 ...
T55E4 004:086.261   completely In flash
T55E4 004:086.367 - 0.299ms returns 0xBD0
T55E4 004:087.155 JLINK_WriteMem(0x2014D930, 0xBD0 Bytes, ...)
T55E4 004:087.256   Data:  A9 AC B0 FF A9 AC B0 FF AA AD B1 FF AC AD B1 FF ...
T55E4 004:087.361   completely In flash
T55E4 004:087.459 - 0.304ms returns 0xBD0
T55E4 004:088.193 JLINK_WriteMem(0x2014E500, 0xBD0 Bytes, ...)
T55E4 004:088.284   Data:  C3 C3 C3 FF C4 C4 C4 FF C5 C5 C5 FF C5 C6 C5 FF ...
T55E4 004:088.388   completely In flash
T55E4 004:088.489 - 0.297ms returns 0xBD0
T55E4 004:089.255 JLINK_WriteMem(0x2014F0D0, 0xBD0 Bytes, ...)
T55E4 004:089.347   Data:  E0 24 1E D2 E0 23 1E D2 E0 23 1E D2 E0 22 1E D3 ...
T55E4 004:089.444   completely In flash
T55E4 004:089.540 - 0.285ms returns 0xBD0
T55E4 004:090.344 JLINK_WriteMem(0x2014FCA0, 0xBD0 Bytes, ...)
T55E4 004:090.438   Data:  DA 46 1D C0 DA 46 1D C1 DA 45 1E C1 DB 44 1E C1 ...
T55E4 004:090.537   completely In flash
T55E4 004:090.630 - 0.287ms returns 0xBD0
T55E4 004:091.342 JLINK_WriteMem(0x20150870, 0xBD0 Bytes, ...)
T55E4 004:091.420   Data:  B9 BA BB FF BA BB BC FF BB BB BD FF B9 BA BC FF ...
T55E4 004:091.506   completely In flash
T55E4 004:091.572 - 0.231ms returns 0xBD0
T55E4 004:092.421 JLINK_WriteMem(0x20151440, 0xBD0 Bytes, ...)
T55E4 004:092.570   Data:  5B 18 12 04 5B 18 12 05 5B 18 12 09 5B 18 12 0C ...
T55E4 004:092.731   completely In flash
T55E4 004:092.882 - 0.461ms returns 0xBD0
T55E4 004:093.685 JLINK_WriteMem(0x20152010, 0xBD0 Bytes, ...)
T55E4 004:093.764   Data:  C7 C6 C6 FF C8 C6 C6 FF 79 58 5A FF 7B 5D 5F FF ...
T55E4 004:093.820   completely In flash
T55E4 004:093.872 - 0.187ms returns 0xBD0
T55E4 004:094.789 JLINK_WriteMem(0x20152BE0, 0xBD0 Bytes, ...)
T55E4 004:094.886   Data:  A1 A1 A2 FF A2 A3 A3 FF A4 A3 A4 FF A4 A4 A5 FF ...
T55E4 004:094.980   completely In flash
T55E4 004:095.077 - 0.288ms returns 0xBD0
T55E4 004:095.849 JLINK_WriteMem(0x201537B0, 0xBD0 Bytes, ...)
T55E4 004:095.942   Data:  E5 10 1D DE E5 0F 1D DF E5 0F 1D DF E5 0E 1D E0 ...
T55E4 004:096.044   completely In flash
T55E4 004:096.148 - 0.300ms returns 0xBD0
T55E4 004:096.942 JLINK_WriteMem(0x20154380, 0xBD0 Bytes, ...)
T55E4 004:097.054   Data:  E3 18 1E D9 E3 18 1E D9 E3 17 1E DA E3 17 1E DA ...
T55E4 004:097.160   completely In flash
T55E4 004:097.256 - 0.315ms returns 0xBD0
T55E4 004:098.048 JLINK_WriteMem(0x20154F50, 0xBD0 Bytes, ...)
T55E4 004:098.136   Data:  E5 0E 1D E0 E5 0E 1D E0 E5 0E 1D E1 E5 0D 1D E1 ...
T55E4 004:098.198   completely In flash
T55E4 004:098.256 - 0.209ms returns 0xBD0
T55E4 004:098.755 JLINK_WriteMem(0x20155B20, 0xBD0 Bytes, ...)
T55E4 004:098.832   Data:  A7 A3 A2 FC A8 AB AC FE A5 A8 AA FF 9E 9E A0 FF ...
T55E4 004:098.900   completely In flash
T55E4 004:098.960 - 0.205ms returns 0xBD0
T55E4 004:099.682 JLINK_WriteMem(0x201566F0, 0xBD0 Bytes, ...)
T55E4 004:099.732   Data:  B6 B4 B6 FF B6 B2 B3 FE 79 5B 5C FF 71 49 4B FF ...
T55E4 004:099.773   completely In flash
T55E4 004:099.812 - 0.130ms returns 0xBD0
T55E4 004:101.100 JLINK_WriteMem(0x201572C0, 0xBE0 Bytes, ...)
T55E4 004:101.154   Data:  C7 C9 CC FF C7 C9 CC FF C8 CA CD FF C9 CA CD FF ...
T55E4 004:101.194   completely In flash
T55E4 004:101.232 - 0.131ms returns 0xBE0
T55E4 004:101.838 JLINK_WriteMem(0x20157EA0, 0xBE0 Bytes, ...)
T55E4 004:101.892   Data:  8F 8F 90 FF 8F 90 90 FF 8F 91 91 FF 90 91 91 FF ...
T55E4 004:101.938   completely In flash
T55E4 004:101.981 - 0.144ms returns 0xBE0
T55E4 004:102.525 JLINK_WriteMem(0x20158A80, 0xBE0 Bytes, ...)
T55E4 004:102.596   Data:  B5 B6 B8 FF B3 B4 B6 FF B1 B2 B4 FF AF B0 B3 FF ...
T55E4 004:102.651   completely In flash
T55E4 004:102.706 - 0.181ms returns 0xBE0
T55E4 004:103.295 JLINK_WriteMem(0x20159660, 0xBE0 Bytes, ...)
T55E4 004:103.372   Data:  C0 C2 C4 FF BF C0 C3 FF BE BF C2 FF BB BD C0 FF ...
T55E4 004:103.434   completely In flash
T55E4 004:103.496 - 0.202ms returns 0xBE0
T55E4 004:104.258 JLINK_WriteMem(0x2015A240, 0xBD0 Bytes, ...)
T55E4 004:104.323   Data:  A6 A8 AA FF A4 A5 A8 FF A2 A3 A6 FF A0 A1 A4 FF ...
T55E4 004:104.394   completely In flash
T55E4 004:104.462 - 0.205ms returns 0xBD0
T55E4 004:105.268 JLINK_WriteMem(0x2015AE10, 0xBD0 Bytes, ...)
T55E4 004:105.342   Data:  84 85 86 FF 83 85 86 FF 84 85 87 FF 85 85 88 FF ...
T55E4 004:105.408   completely In flash
T55E4 004:105.480 - 0.213ms returns 0xBD0
T55E4 004:106.097 JLINK_WriteMem(0x2015B9E0, 0xBE0 Bytes, ...)
T55E4 004:106.188   Data:  5B 18 12 02 5B 18 12 03 5B 18 12 04 5B 18 12 05 ...
T55E4 004:106.262   completely In flash
T55E4 004:106.323 - 0.226ms returns 0xBE0
T55E4 004:106.877 JLINK_WriteMem(0x2015C5C0, 0xBE0 Bytes, ...)
T55E4 004:106.920   Data:  7F 80 83 FF 7E 80 82 FF 7F 80 83 FF 82 83 86 FF ...
T55E4 004:106.964   completely In flash
T55E4 004:107.004 - 0.128ms returns 0xBE0
T55E4 004:107.500 JLINK_WriteMem(0x2015D1A0, 0xBE0 Bytes, ...)
T55E4 004:107.537   Data:  AA AD B5 FF AA AF B5 FF AB B0 B7 FF AC B0 B7 FF ...
T55E4 004:107.577   completely In flash
T55E4 004:107.615 - 0.114ms returns 0xBE0
T55E4 004:108.132 JLINK_WriteMem(0x2015DD80, 0xBD0 Bytes, ...)
T55E4 004:108.177   Data:  5B 18 12 30 5B 18 12 2D 5B 18 12 29 5B 18 12 26 ...
T55E4 004:108.223   completely In flash
T55E4 004:108.266 - 0.133ms returns 0xBD0
T55E4 004:109.139 JLINK_WriteMem(0x2015E950, 0xBD0 Bytes, ...)
T55E4 004:109.284   Data:  5B 18 12 20 5B 18 12 21 5B 18 12 22 5B 18 12 23 ...
T55E4 004:109.402   completely In flash
T55E4 004:109.507 - 0.369ms returns 0xBD0
T55E4 004:110.388 JLINK_WriteMem(0x2015F520, 0xBD0 Bytes, ...)
T55E4 004:110.494   Data:  82 0E 82 2D 82 41 82 84 82 2F 82 0F 82 16 82 5C ...
T55E4 004:110.604   completely In flash
T55E4 004:110.704 - 0.317ms returns 0xBD0
T55E4 004:111.598 JLINK_WriteMem(0x201600F0, 0xBD0 Bytes, ...)
T55E4 004:111.697   Data:  5B 18 12 0F 5B 18 12 10 5B 18 12 11 5B 18 12 12 ...
T55E4 004:111.792   completely In flash
T55E4 004:111.884 - 0.287ms returns 0xBD0
T55E4 004:112.591 JLINK_WriteMem(0x20160CC0, 0xBE0 Bytes, ...)
T55E4 004:112.692   Data:  5B 18 12 3D 5B 18 12 3A 5B 18 12 37 5B 18 12 33 ...
T55E4 004:112.805   completely In flash
T55E4 004:112.906 - 0.316ms returns 0xBE0
T55E4 004:113.632 JLINK_WriteMem(0x201618A0, 0xBE0 Bytes, ...)
T55E4 004:113.723   Data:  D5 D5 D5 FF D4 D4 D4 FF D3 D3 D3 FF D2 D2 D2 FF ...
T55E4 004:113.828   completely In flash
T55E4 004:113.928 - 0.297ms returns 0xBE0
T55E4 004:114.752 JLINK_WriteMem(0x20162480, 0xBE0 Bytes, ...)
T55E4 004:114.890   Data:  BA BA BA FF B9 B9 B9 FF B8 B8 B8 FF B7 B7 B7 FF ...
T55E4 004:114.996   completely In flash
T55E4 004:115.086 - 0.335ms returns 0xBE0
T55E4 004:115.595 JLINK_WriteMem(0x20163060, 0xBE0 Bytes, ...)
T55E4 004:115.650   Data:  49 AE DD FF 4A AE DD FF 4A AE DD FF 4B AE DD FF ...
T55E4 004:115.691   completely In flash
T55E4 004:115.736 - 0.141ms returns 0xBE0
T55E4 004:116.313 JLINK_WriteMem(0x20163C40, 0xBE0 Bytes, ...)
T55E4 004:116.370   Data:  49 A7 D4 FF 49 A8 D4 FF 4A A7 D4 FF 4A A6 D4 FF ...
T55E4 004:116.429   completely In flash
T55E4 004:116.480 - 0.167ms returns 0xBE0
T55E4 004:117.010 JLINK_WriteMem(0x20164820, 0xBE0 Bytes, ...)
T55E4 004:117.059   Data:  38 AD E3 FF 38 AD E3 FF 38 AD E2 FF 38 AC E2 FF ...
T55E4 004:117.112   completely In flash
T55E4 004:117.164 - 0.155ms returns 0xBE0
T55E4 004:117.655 JLINK_WriteMem(0x20165400, 0xBE0 Bytes, ...)
T55E4 004:117.700   Data:  56 91 B4 FF 56 90 B4 FF 56 90 B4 FF 57 90 B3 FF ...
T55E4 004:117.744   completely In flash
T55E4 004:117.784 - 0.129ms returns 0xBE0
T55E4 004:118.284 JLINK_WriteMem(0x20165FE0, 0xBE0 Bytes, ...)
T55E4 004:118.329   Data:  5B 18 12 25 5B 18 12 2C 5B 18 12 34 5B 18 12 3D ...
T55E4 004:118.372   completely In flash
T55E4 004:118.412 - 0.127ms returns 0xBE0
T55E4 004:118.968 JLINK_WriteMem(0x20166BC0, 0xBC0 Bytes, ...)
T55E4 004:119.008   Data:  2B A1 D7 FF 2C A1 D7 FF 2D A1 D7 FF 2D A0 D7 FF ...
T55E4 004:119.051   completely In flash
T55E4 004:119.092 - 0.124ms returns 0xBC0
T55E4 004:119.694 JLINK_WriteMem(0x20167780, 0xBC0 Bytes, ...)
T55E4 004:119.730   Data:  29 9E D6 FF 29 9E D5 FF 2A 9E D4 FF 2A 9E D3 FF ...
T55E4 004:119.773   completely In flash
T55E4 004:119.812 - 0.117ms returns 0xBC0
T55E4 004:120.385 JLINK_WriteMem(0x20168340, 0xBB0 Bytes, ...)
T55E4 004:120.442   Data:  22 9E D6 FF 22 9D D5 FF 23 9D D5 FF 24 9D D5 FF ...
T55E4 004:120.502   completely In flash
T55E4 004:120.560 - 0.175ms returns 0xBB0
T55E4 004:121.611 JLINK_WriteMem(0x20168EF0, 0xBA0 Bytes, ...)
T55E4 004:121.665   Data:  5B 18 12 01 00 00 00 00 00 00 00 00 5B 18 12 01 ...
T55E4 004:122.276   completely In flash
T55E4 004:122.336 - 0.725ms returns 0xBA0
T55E4 004:122.972 JLINK_WriteMem(0x20169A90, 0xBB0 Bytes, ...)
T55E4 004:123.005   Data:  45 75 98 FF 46 75 98 FF 46 75 98 FF 46 74 97 FF ...
T55E4 004:123.047   completely In flash
T55E4 004:123.107 - 0.135ms returns 0xBB0
T55E4 004:123.725 JLINK_WriteMem(0x2016A640, 0xBB0 Bytes, ...)
T55E4 004:123.782   Data:  2F 81 AF FF 2F 81 AE FF 30 80 AD FF 30 7F AD FF ...
T55E4 004:123.846   completely In flash
T55E4 004:123.910 - 0.184ms returns 0xBB0
T55E4 004:124.749 JLINK_WriteMem(0x2016B1F0, 0xBB0 Bytes, ...)
T55E4 004:124.806   Data:  5B 18 12 26 5B 18 12 2F 5B 18 12 39 5B 18 12 43 ...
T55E4 004:124.846   completely In flash
T55E4 004:124.885 - 0.136ms returns 0xBB0
T55E4 004:125.549 JLINK_WriteMem(0x2016BDA0, 0xBC0 Bytes, ...)
T55E4 004:125.601   Data:  44 65 83 FF 45 65 82 FF 45 65 82 FF 45 64 82 FF ...
T55E4 004:125.647   completely In flash
T55E4 004:125.691 - 0.142ms returns 0xBC0
T55E4 004:126.257 JLINK_WriteMem(0x2016C960, 0xBD0 Bytes, ...)
T55E4 004:126.302   Data:  33 79 A3 FF 34 78 A2 FF 34 78 A2 FF 33 77 A1 FF ...
T55E4 004:126.353   completely In flash
T55E4 004:126.394 - 0.137ms returns 0xBD0
T55E4 004:127.564 JLINK_WriteMem(0x2016D530, 0xBC0 Bytes, ...)
T55E4 004:127.664   Data:  73 5D 5E FF 72 5D 5E FF 72 5C 5D FF 72 5C 5D FF ...
T55E4 004:127.748   completely In flash
T55E4 004:127.833 - 0.270ms returns 0xBC0
T55E4 004:128.575 JLINK_WriteMem(0x2016E0F0, 0xBD0 Bytes, ...)
T55E4 004:128.664   Data:  41 5E 7B FF 42 5E 7B FF 42 5D 7A FF 42 5C 79 FF ...
T55E4 004:128.735   completely In flash
T55E4 004:128.790 - 0.215ms returns 0xBD0
T55E4 004:129.562 JLINK_WriteMem(0x2016ECC0, 0xBD0 Bytes, ...)
T55E4 004:129.649   Data:  33 79 A3 FF 34 78 A2 FF 34 78 A2 FF 33 77 A1 FF ...
T55E4 004:129.711   completely In flash
T55E4 004:129.766 - 0.204ms returns 0xBD0
T55E4 004:130.305 JLINK_WriteMem(0x2016F890, 0xBC0 Bytes, ...)
T55E4 004:130.361   Data:  5B 18 12 0B 5B 18 12 0F 5B 18 12 15 5B 18 12 1B ...
T55E4 004:130.401   completely In flash
T55E4 004:130.441 - 0.136ms returns 0xBC0
T55E4 004:131.095 JLINK_WriteMem(0x20170450, 0xBD0 Bytes, ...)
T55E4 004:131.171   Data:  42 5C 79 FF 42 5C 7A FF 42 5C 7A FF 42 5C 79 FF ...
T55E4 004:131.213   completely In flash
T55E4 004:131.251 - 0.156ms returns 0xBD0
T55E4 004:131.840 JLINK_WriteMem(0x20171020, 0xBD0 Bytes, ...)
T55E4 004:131.910   Data:  32 7C A8 FF 32 7C A7 FF 32 7C A7 FF 32 7B A6 FF ...
T55E4 004:131.951   completely In flash
T55E4 004:131.991 - 0.150ms returns 0xBD0
T55E4 004:132.671 JLINK_WriteMem(0x20171BF0, 0xBD0 Bytes, ...)
T55E4 004:132.757   Data:  4F 44 57 FF 4F 43 56 FF 4F 43 55 FF 50 42 54 FF ...
T55E4 004:132.834   completely In flash
T55E4 004:132.905 - 0.235ms returns 0xBD0
T55E4 004:133.874 JLINK_WriteMem(0x201727C0, 0xBD0 Bytes, ...)
T55E4 004:133.936   Data:  3E 64 84 FF 3F 63 84 FF 3F 62 83 FF 3F 62 82 FF ...
T55E4 004:133.977   completely In flash
T55E4 004:134.017 - 0.143ms returns 0xBD0
T55E4 004:134.963 JLINK_WriteMem(0x20173390, 0xBD0 Bytes, ...)
T55E4 004:135.046   Data:  A6 9C 9C FF A7 9C 9D FF A7 9C 9D FF A8 9D 9E FF ...
T55E4 004:135.129   completely In flash
T55E4 004:135.220 - 0.257ms returns 0xBD0
T55E4 004:135.912 JLINK_WriteMem(0x20173F60, 0xBE0 Bytes, ...)
T55E4 004:135.999   Data:  4D 48 5D FF 4D 47 5C FF 4D 47 5B FF 4D 47 5B FF ...
T55E4 004:136.066   completely In flash
T55E4 004:136.129 - 0.218ms returns 0xBE0
T55E4 004:136.744 JLINK_WriteMem(0x20174B40, 0xBE0 Bytes, ...)
T55E4 004:136.804   Data:  43 5A 77 FF 43 5A 77 FF 43 5A 76 FF 43 59 75 FF ...
T55E4 004:136.850   completely In flash
T55E4 004:136.890 - 0.146ms returns 0xBE0
T55E4 004:137.524 JLINK_WriteMem(0x20175720, 0xBE0 Bytes, ...)
T55E4 004:137.659   Data:  3B 6B 8E FF 3B 6A 8E FF 3B 69 8D FF 3B 6A 8D FF ...
T55E4 004:137.800   completely In flash
T55E4 004:137.936 - 0.413ms returns 0xBE0
T55E4 004:138.690 JLINK_WriteMem(0x20176300, 0xBE0 Bytes, ...)
T55E4 004:138.788   Data:  36 73 9A FF 37 73 99 FF 37 72 98 FF 37 71 98 FF ...
T55E4 004:138.893   completely In flash
T55E4 004:139.007 - 0.317ms returns 0xBE0
T55E4 004:139.722 JLINK_WriteMem(0x20176EE0, 0xBE0 Bytes, ...)
T55E4 004:139.821   Data:  5B 18 12 04 5B 18 12 05 5B 18 12 07 5B 18 12 0B ...
T55E4 004:139.962   completely In flash
T55E4 004:140.070 - 0.348ms returns 0xBE0
T55E4 004:141.112 JLINK_WriteMem(0x20177AC0, 0xBD0 Bytes, ...)
T55E4 004:141.250   Data:  5B 18 12 00 5B 18 12 01 5B 18 12 01 5B 18 12 02 ...
T55E4 004:141.342   completely In flash
T55E4 004:141.430 - 0.321ms returns 0xBD0
T55E4 004:142.092 JLINK_WriteMem(0x20178690, 0xBE0 Bytes, ...)
T55E4 004:142.187   Data:  00 00 00 00 5B 18 12 01 5B 18 12 02 5B 18 12 04 ...
T55E4 004:142.283   completely In flash
T55E4 004:142.372 - 0.279ms returns 0xBE0
T55E4 004:143.072 JLINK_WriteMem(0x20179270, 0xBE0 Bytes, ...)
T55E4 004:143.178   Data:  5B 18 12 29 5B 18 12 31 5B 18 12 3A 5B 18 12 45 ...
T55E4 004:143.286   completely In flash
T55E4 004:143.388 - 0.316ms returns 0xBE0
T55E4 004:144.178 JLINK_WriteMem(0x20179E50, 0xBD0 Bytes, ...)
T55E4 004:144.281   Data:  40 5F 7E FF 41 5E 7D FF 41 5D 7C FF 41 5E 7C FF ...
T55E4 004:144.375   completely In flash
T55E4 004:144.473 - 0.295ms returns 0xBD0
T55E4 004:145.285 JLINK_WriteMem(0x2017AA20, 0xBD0 Bytes, ...)
T55E4 004:145.385   Data:  49 50 67 FF 49 4F 66 FF 49 4F 66 FF 4A 4E 66 FF ...
T55E4 004:145.489   completely In flash
T55E4 004:145.588 - 0.303ms returns 0xBD0
T55E4 004:146.370 JLINK_WriteMem(0x2017B5F0, 0xBD0 Bytes, ...)
T55E4 004:146.472   Data:  56 37 45 FF 56 37 44 FF 56 36 43 FF 57 36 42 FF ...
T55E4 004:146.572   completely In flash
T55E4 004:146.673 - 0.303ms returns 0xBD0
T55E4 004:147.419 JLINK_WriteMem(0x2017C1C0, 0xBE0 Bytes, ...)
T55E4 004:147.510   Data:  5B 18 12 1D 5B 18 12 24 5B 18 12 2A 5B 18 12 32 ...
T55E4 004:147.656   completely In flash
T55E4 004:147.768 - 0.349ms returns 0xBE0
T55E4 004:148.487 JLINK_WriteMem(0x2017CDA0, 0xBD0 Bytes, ...)
T55E4 004:148.550   Data:  5D 29 31 FF 5D 29 30 FF 5D 29 30 FF 5D 28 2F FF ...
T55E4 004:148.597   completely In flash
T55E4 004:148.641 - 0.154ms returns 0xBD0
T55E4 004:149.029 JLINK_WriteMem(0x2017D970, 0xBD0 Bytes, ...)
T55E4 004:149.083   Data:  57 35 41 FF 57 34 40 FF 58 34 40 FF 58 33 3F FF ...
T55E4 004:149.128   completely In flash
T55E4 004:149.174 - 0.145ms returns 0xBD0
T55E4 004:149.661 JLINK_WriteMem(0x2017E540, 0xBC0 Bytes, ...)
T55E4 004:149.743   Data:  5B 2E 37 FF 5B 2E 37 FF 5B 2E 36 FF 5C 2D 36 FF ...
T55E4 004:149.801   completely In flash
T55E4 004:149.856 - 0.195ms returns 0xBC0
T55E4 004:150.694 JLINK_WriteMem(0x2017F100, 0xBD0 Bytes, ...)
T55E4 004:150.798   Data:  5B 18 12 0D 5B 18 12 10 5B 18 12 13 5B 18 12 17 ...
T55E4 004:150.896   completely In flash
T55E4 004:150.987 - 0.294ms returns 0xBD0
T55E4 004:151.749 JLINK_WriteMem(0x2017FCD0, 0xBE0 Bytes, ...)
T55E4 004:151.870   Data:  C9 C8 D0 FF B0 AC BB FF B0 AD BB FF B1 AD BC FF ...
T55E4 004:151.971   completely In flash
T55E4 004:152.066 - 0.318ms returns 0xBE0
T55E4 004:153.874 JLINK_WriteMem(0x201808B0, 0xBD0 Bytes, ...)
T55E4 004:153.964   Data:  5B 18 12 37 5B 18 12 3A 5B 18 12 3C 5B 18 12 3E ...
T55E4 004:154.024   completely In flash
T55E4 004:154.078 - 0.205ms returns 0xBD0
T55E4 004:154.768 JLINK_WriteMem(0x20181480, 0xBD0 Bytes, ...)
T55E4 004:154.852   Data:  01 82 B4 01 FF 00 FD 01 8F 8A 88 8A 8F 01 FB F8 ...
T55E4 004:154.920   completely In flash
T55E4 004:154.991 - 0.223ms returns 0xBD0
T55E4 004:155.576 JLINK_WriteMem(0x20182050, 0xBD0 Bytes, ...)
T55E4 004:155.620   Data:  82 0E 82 06 82 05 83 09 83 14 82 0E 82 00 88 8A ...
T55E4 004:155.668   completely In flash
T55E4 004:155.709 - 0.133ms returns 0xBD0
T55E4 004:156.236 JLINK_WriteMem(0x20182C20, 0xBE0 Bytes, ...)
T55E4 004:156.308   Data:  17 82 1F 83 05 82 03 83 29 82 03 83 05 83 05 83 ...
T55E4 004:156.375   completely In flash
T55E4 004:156.446 - 0.210ms returns 0xBE0
T55E4 004:157.075 JLINK_WriteMem(0x20183800, 0xBD0 Bytes, ...)
T55E4 004:157.138   Data:  00 00 00 00 00 00 00 00 00 00 00 00 00 00 00 00 ...
T55E4 004:157.208   completely In flash
T55E4 004:157.275 - 0.201ms returns 0xBD0
T55E4 004:157.896 JLINK_WriteMem(0x201843D0, 0xBD0 Bytes, ...)
T55E4 004:157.956   Data:  5B 18 12 04 5B 18 12 05 5B 18 12 06 5B 18 12 07 ...
T55E4 004:158.056   completely In flash
T55E4 004:158.120 - 0.225ms returns 0xBD0
T55E4 004:158.767 JLINK_WriteMem(0x20184FA0, 0xBD0 Bytes, ...)
T55E4 004:158.847   Data:  5B 18 12 03 5B 18 12 04 5B 18 12 04 5B 18 12 05 ...
T55E4 004:158.914   completely In flash
T55E4 004:158.984 - 0.216ms returns 0xBD0
T55E4 004:159.499 JLINK_WriteMem(0x20185B70, 0xBE0 Bytes, ...)
T55E4 004:159.535   Data:  56 B7 E3 FF 5B B8 E4 FF 67 BE E6 FF 67 BE E6 FF ...
T55E4 004:159.575   completely In flash
T55E4 004:159.615 - 0.116ms returns 0xBE0
T55E4 004:160.088 JLINK_WriteMem(0x20186750, 0xBE0 Bytes, ...)
T55E4 004:160.141   Data:  5B 18 12 2F 5B 18 12 2A 5B 18 12 24 5B 18 12 20 ...
T55E4 004:160.209   completely In flash
T55E4 004:160.267 - 0.179ms returns 0xBE0
T55E4 004:160.792 JLINK_WriteMem(0x20187330, 0xBE0 Bytes, ...)
T55E4 004:160.842   Data:  59 AC D4 FF 5A AC D3 FF 5A AC D3 FF 5B AB D3 FF ...
T55E4 004:160.898   completely In flash
T55E4 004:160.954 - 0.162ms returns 0xBE0
T55E4 004:161.488 JLINK_WriteMem(0x20187F10, 0xBE0 Bytes, ...)
T55E4 004:161.542   Data:  C5 C5 C5 FF C4 C4 C4 FF C3 C3 C3 FF C2 C2 C2 FF ...
T55E4 004:161.606   completely In flash
T55E4 004:161.678 - 0.190ms returns 0xBE0
T55E4 004:162.188 JLINK_WriteMem(0x20188AF0, 0xBE0 Bytes, ...)
T55E4 004:162.244   Data:  4A AC DB FF 4A AC DB FF 4B AC DA FF 4B AC DA FF ...
T55E4 004:162.292   completely In flash
T55E4 004:162.332 - 0.145ms returns 0xBE0
T55E4 004:162.809 JLINK_WriteMem(0x201896D0, 0xBE0 Bytes, ...)
T55E4 004:162.844   Data:  4E A6 D1 FF 4E A6 D1 FF 4F A6 D1 FF 50 A6 D1 FF ...
T55E4 004:162.885   completely In flash
T55E4 004:162.924 - 0.115ms returns 0xBE0
T55E4 004:163.410 JLINK_WriteMem(0x2018A2B0, 0xBE0 Bytes, ...)
T55E4 004:163.446   Data:  4C A5 D0 FF 4C A4 D0 FF 4C A3 CF FF 4C A3 CF FF ...
T55E4 004:163.486   completely In flash
T55E4 004:163.525 - 0.115ms returns 0xBE0
T55E4 004:164.273 JLINK_WriteMem(0x2018AE90, 0xBE0 Bytes, ...)
T55E4 004:164.344   Data:  41 A8 D8 FF 40 A8 D7 FF 40 A8 D7 FF 41 A7 D7 FF ...
T55E4 004:164.396   completely In flash
T55E4 004:164.436 - 0.164ms returns 0xBE0
T55E4 004:164.887 JLINK_WriteMem(0x2018BA70, 0xBE0 Bytes, ...)
T55E4 004:164.962   Data:  8B 7F 7E C2 96 96 96 FF 95 95 95 FF 94 94 94 FF ...
T55E4 004:165.024   completely In flash
T55E4 004:165.078 - 0.192ms returns 0xBE0
T55E4 004:165.501 JLINK_WriteMem(0x2018C650, 0xBE0 Bytes, ...)
T55E4 004:165.567   Data:  4E 98 BF FF 4E 97 BF FF 4E 97 BF FF 4F 97 BE FF ...
T55E4 004:165.635   completely In flash
T55E4 004:165.695 - 0.194ms returns 0xBE0
T55E4 004:166.143 JLINK_WriteMem(0x2018D230, 0xBE0 Bytes, ...)
T55E4 004:166.195   Data:  2F AA E2 FF 2F A9 E2 FF 30 AA E2 FF 30 A9 E1 FF ...
T55E4 004:166.239   completely In flash
T55E4 004:166.283 - 0.140ms returns 0xBE0
T55E4 004:166.880 JLINK_WriteMem(0x2018DE10, 0xBE0 Bytes, ...)
T55E4 004:166.947   Data:  42 99 C5 FF 43 98 C4 FF 43 98 C4 FF 44 98 C3 FF ...
T55E4 004:167.016   completely In flash
T55E4 004:167.081 - 0.202ms returns 0xBE0
T55E4 004:167.981 JLINK_WriteMem(0x2018E9F0, 0xBD0 Bytes, ...)
T55E4 004:168.065   Data:  5B 18 12 03 5B 18 12 02 5B 18 12 01 00 00 00 00 ...
T55E4 004:168.143   completely In flash
T55E4 004:168.213 - 0.232ms returns 0xBD0
T55E4 004:169.158 JLINK_WriteMem(0x2018F5C0, 0xBD0 Bytes, ...)
T55E4 004:169.268   Data:  34 9C CF FF 34 9C CE FF 34 9B CD FF 35 9B CC FF ...
T55E4 004:169.378   completely In flash
T55E4 004:169.475 - 0.318ms returns 0xBD0
T55E4 004:170.397 JLINK_WriteMem(0x20190190, 0xBC0 Bytes, ...)
T55E4 004:170.484   Data:  48 89 AF FF 49 89 AF FF 49 88 AF FF 49 88 AE FF ...
T55E4 004:170.545   completely In flash
T55E4 004:170.602 - 0.205ms returns 0xBC0
T55E4 004:171.378 JLINK_WriteMem(0x20190D50, 0xBB0 Bytes, ...)
T55E4 004:171.515   Data:  52 7F A0 FF 52 7E 9F FF 52 7E 9F FF 53 7E 9F FF ...
T55E4 004:171.666   completely In flash
T55E4 004:171.821 - 0.444ms returns 0xBB0
T55E4 004:172.643 JLINK_WriteMem(0x20191900, 0xBB0 Bytes, ...)
T55E4 004:172.747   Data:  5B 18 12 47 5B 18 12 3B 5B 18 12 32 5B 18 12 2A ...
T55E4 004:172.859   completely In flash
T55E4 004:172.961 - 0.318ms returns 0xBB0
T55E4 004:173.728 JLINK_WriteMem(0x201924B0, 0xBB0 Bytes, ...)
T55E4 004:173.834   Data:  5B 18 12 04 5B 18 12 06 5B 18 12 09 5B 18 12 0D ...
T55E4 004:174.913   completely In flash
T55E4 004:175.054 - 1.325ms returns 0xBB0
T55E4 004:176.129 JLINK_WriteMem(0x20193060, 0xBB0 Bytes, ...)
T55E4 004:176.199   Data:  23 A2 DB FF 1E A0 DA FF 1F 9F DA FF 1F 9E D9 FF ...
T55E4 004:176.257   completely In flash
T55E4 004:176.312 - 0.183ms returns 0xBB0
T55E4 004:176.972 JLINK_WriteMem(0x20193C10, 0xBA0 Bytes, ...)
T55E4 004:177.071   Data:  1F 9E D8 FF 20 9D D7 FF 20 9D D7 FF 20 9D D6 FF ...
T55E4 004:177.186   completely In flash
T55E4 004:177.281 - 0.310ms returns 0xBA0
T55E4 004:178.039 JLINK_WriteMem(0x201947B0, 0xBB0 Bytes, ...)
T55E4 004:178.137   Data:  5B 18 12 55 D0 C0 C0 CC F0 EF EF FF F0 EE EF FF ...
T55E4 004:178.217   completely In flash
T55E4 004:178.296 - 0.258ms returns 0xBB0
T55E4 004:180.076 JLINK_WriteMem(0x20195360, 0xBB0 Bytes, ...)
T55E4 004:180.260   Data:  5B 18 12 0A 5B 18 12 07 5B 18 12 05 5B 18 12 04 ...
T55E4 004:180.450   completely In flash
T55E4 004:180.620 - 0.544ms returns 0xBB0
T55E4 004:181.462 JLINK_WriteMem(0x20195F10, 0xBB0 Bytes, ...)
T55E4 004:181.528   Data:  4A 6E 8D FF 4A 6E 8C FF 4A 6E 8C FF 4B 6D 8C FF ...
T55E4 004:181.570   completely In flash
T55E4 004:181.608 - 0.150ms returns 0xBB0
T55E4 004:182.170 JLINK_WriteMem(0x20196AC0, 0xBB0 Bytes, ...)
T55E4 004:182.213   Data:  3C 75 9A FF 3C 74 9A FF 3C 74 9A FF 3C 75 9A FF ...
T55E4 004:182.254   completely In flash
T55E4 004:182.292 - 0.123ms returns 0xBB0
T55E4 004:182.862 JLINK_WriteMem(0x20197670, 0xBB0 Bytes, ...)
T55E4 004:182.899   Data:  2E 82 B1 FF 2E 82 B0 FF 2F 82 B0 FF 2F 81 AF FF ...
T55E4 004:182.937   completely In flash
T55E4 004:182.975 - 0.112ms returns 0xBB0
T55E4 004:183.481 JLINK_WriteMem(0x20198220, 0xBB0 Bytes, ...)
T55E4 004:183.514   Data:  26 93 C8 FF 26 93 C8 FF 25 92 C7 FF 25 92 C7 FF ...
T55E4 004:183.553   completely In flash
T55E4 004:183.595 - 0.114ms returns 0xBB0
T55E4 004:184.134 JLINK_WriteMem(0x20198DD0, 0xBB0 Bytes, ...)
T55E4 004:184.173   Data:  5B 18 12 04 5B 18 12 06 5B 18 12 09 5B 18 12 0D ...
T55E4 004:184.225   completely In flash
T55E4 004:184.283 - 0.149ms returns 0xBB0
T55E4 004:184.962 JLINK_WriteMem(0x20199980, 0xBB0 Bytes, ...)
T55E4 004:185.020   Data:  45 60 7F FF 45 61 7E FF 45 62 7E FF 46 61 7D FF ...
T55E4 004:185.063   completely In flash
T55E4 004:185.100 - 0.139ms returns 0xBB0
T55E4 004:186.025 JLINK_WriteMem(0x2019A530, 0xBC0 Bytes, ...)
T55E4 004:186.106   Data:  38 6F 94 FF 39 6F 93 FF 39 6F 93 FF 39 6D 93 FF ...
T55E4 004:186.168   completely In flash
T55E4 004:186.225 - 0.200ms returns 0xBC0
T55E4 004:187.125 JLINK_WriteMem(0x2019B0F0, 0xBC0 Bytes, ...)
T55E4 004:187.209   Data:  31 7F AB FF 31 7E AB FF 31 7E AB FF 31 7D AA FF ...
T55E4 004:187.276   completely In flash
T55E4 004:187.337 - 0.212ms returns 0xBC0
T55E4 004:188.047 JLINK_WriteMem(0x2019BCB0, 0xBC0 Bytes, ...)
T55E4 004:188.089   Data:  28 8C BF FF 29 8C BE FF 29 8C BD FF 29 8B BD FF ...
T55E4 004:188.132   completely In flash
T55E4 004:188.176 - 0.129ms returns 0xBC0
T55E4 004:188.856 JLINK_WriteMem(0x2019C870, 0xBD0 Bytes, ...)
T55E4 004:188.957   Data:  5B 18 12 05 5B 18 12 03 5B 18 12 02 5B 18 12 01 ...
T55E4 004:189.059   completely In flash
T55E4 004:189.160 - 0.304ms returns 0xBD0
T55E4 004:189.907 JLINK_WriteMem(0x2019D440, 0xBC0 Bytes, ...)
T55E4 004:189.988   Data:  41 5E 7B FF 42 5D 7A FF 42 5D 7A FF 42 5C 79 FF ...
T55E4 004:190.051   completely In flash
T55E4 004:190.110 - 0.203ms returns 0xBC0
T55E4 004:190.806 JLINK_WriteMem(0x2019E000, 0xBC0 Bytes, ...)
T55E4 004:190.900   Data:  37 71 97 FF 37 71 97 FF 37 70 97 FF 38 70 97 FF ...
T55E4 004:190.985   completely In flash
T55E4 004:191.064 - 0.258ms returns 0xBC0
T55E4 004:191.795 JLINK_WriteMem(0x2019EBC0, 0xBC0 Bytes, ...)
T55E4 004:191.884   Data:  2B 87 B8 FF 2B 87 B7 FF 2B 87 B7 FF 2C 86 B6 FF ...
T55E4 004:191.977   completely In flash
T55E4 004:192.067 - 0.272ms returns 0xBC0
T55E4 004:192.812 JLINK_WriteMem(0x2019F780, 0xBC0 Bytes, ...)
T55E4 004:192.908   Data:  7B 68 69 FF 7B 68 69 FF 70 4C 4A 91 5B 18 12 50 ...
T55E4 004:193.006   completely In flash
T55E4 004:193.102 - 0.289ms returns 0xBC0
T55E4 004:193.849 JLINK_WriteMem(0x201A0340, 0xBC0 Bytes, ...)
T55E4 004:193.947   Data:  46 55 6F FF 46 55 6F FF 47 54 6E FF 47 54 6E FF ...
T55E4 004:194.048   completely In flash
T55E4 004:194.140 - 0.291ms returns 0xBC0
T55E4 004:194.895 JLINK_WriteMem(0x201A0F00, 0xBC0 Bytes, ...)
T55E4 004:194.989   Data:  3D 66 88 FF 3D 66 88 FF 3D 66 87 FF 3D 66 87 FF ...
T55E4 004:195.089   completely In flash
T55E4 004:195.187 - 0.293ms returns 0xBC0
T55E4 004:195.932 JLINK_WriteMem(0x201A1AC0, 0xBD0 Bytes, ...)
T55E4 004:196.028   Data:  33 7B A6 FF 33 7A A5 FF 33 79 A4 FF 33 79 A4 FF ...
T55E4 004:196.130   completely In flash
T55E4 004:196.232 - 0.300ms returns 0xBD0
T55E4 004:196.957 JLINK_WriteMem(0x201A2690, 0xBD0 Bytes, ...)
T55E4 004:197.051   Data:  5B 18 12 01 5B 18 12 01 5B 18 12 02 5B 18 12 03 ...
T55E4 004:197.152   completely In flash
T55E4 004:197.245 - 0.288ms returns 0xBD0
T55E4 004:198.334 JLINK_WriteMem(0x201A3260, 0xBD0 Bytes, ...)
T55E4 004:198.426   Data:  4B 4D 64 FF 4B 4D 64 FF 4B 4C 63 FF 4B 4C 63 FF ...
T55E4 004:198.489   completely In flash
T55E4 004:198.550 - 0.216ms returns 0xBD0
T55E4 004:199.185 JLINK_WriteMem(0x201A3E30, 0xBD0 Bytes, ...)
T55E4 004:199.247   Data:  40 62 81 FF 40 62 81 FF 40 61 80 FF 41 61 80 FF ...
T55E4 004:199.427   completely In flash
T55E4 004:199.562 - 0.376ms returns 0xBD0
T55E4 004:200.537 JLINK_WriteMem(0x201A4A00, 0xBD0 Bytes, ...)
T55E4 004:200.645   Data:  34 79 A3 FF 34 78 A2 FF 34 78 A2 FF 33 77 A1 FF ...
T55E4 004:200.744   completely In flash
T55E4 004:200.839 - 0.302ms returns 0xBD0
T55E4 004:201.665 JLINK_WriteMem(0x201A55D0, 0xBD0 Bytes, ...)
T55E4 004:201.770   Data:  D3 CF D0 FF D3 CF D0 FF D4 D0 D0 FF B5 A0 9F AD ...
T55E4 004:201.875   completely In flash
T55E4 004:201.977 - 0.313ms returns 0xBD0
T55E4 004:202.957 JLINK_WriteMem(0x201A61A0, 0xBD0 Bytes, ...)
T55E4 004:203.136   Data:  47 55 6F FF 47 54 6E FF 47 54 6E FF 47 54 6D FF ...
T55E4 004:203.223   completely In flash
T55E4 004:203.302 - 0.347ms returns 0xBD0
T55E4 004:204.297 JLINK_WriteMem(0x201A6D70, 0xBD0 Bytes, ...)
T55E4 004:204.390   Data:  3A 6C 91 FF 3A 6C 91 FF 3A 6B 90 FF 3A 6B 8F FF ...
T55E4 004:204.485   completely In flash
T55E4 004:204.579 - 0.282ms returns 0xBD0
T55E4 004:207.425 JLINK_WriteMem(0x201A7940, 0xBD0 Bytes, ...)
T55E4 004:207.501   Data:  30 7E AB FF 30 7E AB FF 30 7F AB FF 30 7F AB FF ...
T55E4 004:207.547   completely In flash
T55E4 004:207.670 - 0.245ms returns 0xBD0
T55E4 004:208.710 JLINK_WriteMem(0x201A8510, 0xBD0 Bytes, ...)
T55E4 004:208.783   Data:  51 40 51 FF 51 40 50 FF 51 40 50 FF 52 3F 4F FF ...
T55E4 004:208.844   completely In flash
T55E4 004:208.915 - 0.205ms returns 0xBD0
T55E4 004:209.501 JLINK_WriteMem(0x201A90E0, 0xBE0 Bytes, ...)
T55E4 004:209.577   Data:  48 52 6B FF 48 51 6A FF 48 51 6A FF 48 51 69 FF ...
T55E4 004:209.633   completely In flash
T55E4 004:209.692 - 0.192ms returns 0xBE0
T55E4 004:210.281 JLINK_WriteMem(0x201A9CC0, 0xBE0 Bytes, ...)
T55E4 004:210.360   Data:  42 5C 7A FF 42 5C 79 FF 42 5C 79 FF 43 5B 78 FF ...
T55E4 004:210.415   completely In flash
T55E4 004:210.468 - 0.187ms returns 0xBE0
T55E4 004:211.319 JLINK_WriteMem(0x201AA8A0, 0xBE0 Bytes, ...)
T55E4 004:211.415   Data:  3A 6B 90 FF 3A 6B 8F FF 3A 6B 8E FF 3B 6B 8E FF ...
T55E4 004:211.513   completely In flash
T55E4 004:211.605 - 0.287ms returns 0xBE0
T55E4 004:212.450 JLINK_WriteMem(0x201AB480, 0xBE0 Bytes, ...)
T55E4 004:212.583   Data:  36 75 9D FF 35 74 9C FF 35 74 9C FF 36 74 9B FF ...
T55E4 004:212.688   completely In flash
T55E4 004:212.790 - 0.340ms returns 0xBE0
T55E4 004:213.543 JLINK_WriteMem(0x201AC060, 0xBE0 Bytes, ...)
T55E4 004:213.660   Data:  5B 18 12 0E 5B 18 12 0A 5B 18 12 07 5B 18 12 05 ...
T55E4 004:213.762   completely In flash
T55E4 004:213.864 - 0.321ms returns 0xBE0
T55E4 004:214.613 JLINK_WriteMem(0x201ACC40, 0xBE0 Bytes, ...)
T55E4 004:214.753   Data:  57 36 42 FF 57 35 41 FF 3C 21 3F FF 37 2A 57 FF ...
T55E4 004:214.849   completely In flash
T55E4 004:214.936 - 0.323ms returns 0xBE0
T55E4 004:215.659 JLINK_WriteMem(0x201AD820, 0xBE0 Bytes, ...)
T55E4 004:215.743   Data:  53 3D 4D FF 53 3C 4C FF 53 3C 4C FF 53 3C 4B FF ...
T55E4 004:215.808   completely In flash
T55E4 004:215.872 - 0.213ms returns 0xBE0
T55E4 004:216.476 JLINK_WriteMem(0x201AE400, 0xBE0 Bytes, ...)
T55E4 004:216.555   Data:  53 3D 4D FF 53 3D 4D FF 53 3C 4C FF 53 3C 4C FF ...
T55E4 004:216.620   completely In flash
T55E4 004:216.678 - 0.202ms returns 0xBE0
T55E4 004:217.287 JLINK_WriteMem(0x201AEFE0, 0xBE0 Bytes, ...)
T55E4 004:217.349   Data:  54 3A 49 FF 55 3A 49 FF 55 3A 48 FF 55 3A 48 FF ...
T55E4 004:217.406   completely In flash
T55E4 004:217.462 - 0.175ms returns 0xBE0
T55E4 004:218.109 JLINK_WriteMem(0x201AFBC0, 0xBE0 Bytes, ...)
T55E4 004:218.177   Data:  55 39 47 FF 55 39 47 FF 55 39 46 FF 55 38 45 FF ...
T55E4 004:218.237   completely In flash
T55E4 004:218.298 - 0.189ms returns 0xBE0
T55E4 004:218.867 JLINK_WriteMem(0x201B07A0, 0xBE0 Bytes, ...)
T55E4 004:218.921   Data:  59 31 3B FF 5A 31 3B FF 5A 31 3B FF 5A 30 3A FF ...
T55E4 004:218.978   completely In flash
T55E4 004:219.033 - 0.166ms returns 0xBE0
T55E4 004:219.585 JLINK_WriteMem(0x201B1380, 0xBE0 Bytes, ...)
T55E4 004:219.645   Data:  5B 18 12 05 5B 18 12 04 5B 18 12 02 5B 18 12 01 ...
T55E4 004:219.701   completely In flash
T55E4 004:219.756 - 0.171ms returns 0xBE0
T55E4 004:220.310 JLINK_WriteMem(0x201B1F60, 0xBE0 Bytes, ...)
T55E4 004:220.366   Data:  3C 68 8A FF 3C 68 8A FF 3D 67 89 FF 3D 66 88 FF ...
T55E4 004:220.421   completely In flash
T55E4 004:220.477 - 0.167ms returns 0xBE0
T55E4 004:221.030 JLINK_WriteMem(0x201B2B40, 0xBE0 Bytes, ...)
T55E4 004:221.084   Data:  41 5D 7C FF 41 5D 7C FF 41 5E 7B FF 41 5E 7B FF ...
T55E4 004:221.139   completely In flash
T55E4 004:221.193 - 0.163ms returns 0xBE0
T55E4 004:221.734 JLINK_WriteMem(0x201B3720, 0xBE0 Bytes, ...)
T55E4 004:221.785   Data:  46 55 6F FF 46 55 6F FF 47 54 6E FF 47 54 6E FF ...
T55E4 004:221.845   completely In flash
T55E4 004:221.899 - 0.165ms returns 0xBE0
T55E4 004:222.437 JLINK_WriteMem(0x201B4300, 0xBE0 Bytes, ...)
T55E4 004:222.487   Data:  4D 48 5D FF 4D 47 5C FF 4D 47 5C FF 4D 47 5B FF ...
T55E4 004:222.542   completely In flash
T55E4 004:222.594 - 0.158ms returns 0xBE0
T55E4 004:223.124 JLINK_WriteMem(0x201B4EE0, 0xBE0 Bytes, ...)
T55E4 004:223.173   Data:  54 3A 49 FF 55 3A 48 FF 55 3A 48 FF 55 39 47 FF ...
T55E4 004:223.229   completely In flash
T55E4 004:223.402 - 0.277ms returns 0xBE0
T55E4 004:224.009 JLINK_WriteMem(0x201B5AC0, 0xBE0 Bytes, ...)
T55E4 004:224.081   Data:  92 92 92 FF 91 91 91 FF 94 94 94 FF 96 96 96 FF ...
T55E4 004:224.141   completely In flash
T55E4 004:224.196 - 0.187ms returns 0xBE0
T55E4 004:224.791 JLINK_WriteMem(0x201B66A0, 0xBE0 Bytes, ...)
T55E4 004:224.877   Data:  43 5A 76 FF 43 5A 76 FF 43 59 75 FF 43 59 75 FF ...
T55E4 004:224.948   completely In flash
T55E4 004:225.010 - 0.219ms returns 0xBE0
T55E4 004:225.593 JLINK_WriteMem(0x201B7280, 0xBE0 Bytes, ...)
T55E4 004:225.670   Data:  52 40 50 FF 52 3F 4F FF 52 3F 4F FF 52 3E 4E FF ...
T55E4 004:225.733   completely In flash
T55E4 004:225.792 - 0.199ms returns 0xBE0
T55E4 004:226.427 JLINK_WriteMem(0x201B7E60, 0xBE0 Bytes, ...)
T55E4 004:226.505   Data:  5B 18 12 21 5B 18 12 1B 5B 18 12 15 5B 18 12 10 ...
T55E4 004:226.569   completely In flash
T55E4 004:226.624 - 0.198ms returns 0xBE0
T55E4 004:227.222 JLINK_WriteMem(0x201B8A40, 0xBE0 Bytes, ...)
T55E4 004:227.320   Data:  51 41 52 FF 51 40 51 FF 51 40 51 FF 51 40 50 FF ...
T55E4 004:227.407   completely In flash
T55E4 004:227.487 - 0.265ms returns 0xBE0
T55E4 004:228.139 JLINK_WriteMem(0x201B9620, 0xBE0 Bytes, ...)
T55E4 004:228.230   Data:  5B 18 12 00 5B 18 12 01 5B 18 12 02 5B 18 12 03 ...
T55E4 004:228.306   completely In flash
T55E4 004:228.367 - 0.228ms returns 0xBE0
T55E4 004:229.057 JLINK_WriteMem(0x201BA200, 0xBD0 Bytes, ...)
T55E4 004:229.152   Data:  59 32 3C FF 59 31 3B FF 59 31 3B FF 5A 31 3B FF ...
T55E4 004:229.212   completely In flash
T55E4 004:229.268 - 0.212ms returns 0xBD0
T55E4 004:229.909 JLINK_WriteMem(0x201BADD0, 0xBD0 Bytes, ...)
T55E4 004:229.995   Data:  4E 44 58 FF 4F 44 57 FF 4F 44 57 FF 4F 43 56 FF ...
T55E4 004:230.068   completely In flash
T55E4 004:230.131 - 0.222ms returns 0xBD0
T55E4 004:230.882 JLINK_WriteMem(0x201BB9A0, 0xBD0 Bytes, ...)
T55E4 004:231.022   Data:  5B 18 12 3C 5B 18 12 44 5B 18 12 4B 5B 18 12 53 ...
T55E4 004:231.139   completely In flash
T55E4 004:231.199 - 0.318ms returns 0xBD0
T55E4 004:231.914 JLINK_WriteMem(0x201BC570, 0xBD0 Bytes, ...)
T55E4 004:232.000   Data:  5B 18 12 04 5B 18 12 06 5B 18 12 07 5B 18 12 0A ...
T55E4 004:232.076   completely In flash
T55E4 004:232.240 - 0.326ms returns 0xBD0
T55E4 004:233.896 JLINK_WriteMem(0x201BD140, 0xBD0 Bytes, ...)
T55E4 004:233.955   Data:  AE AE AE FF AD AD AD FF AE AE AE FF AF AF AF FF ...
T55E4 004:233.999   completely In flash
T55E4 004:234.037 - 0.142ms returns 0xBD0
T55E4 004:234.609 JLINK_WriteMem(0x201BDD10, 0xBD0 Bytes, ...)
T55E4 004:234.833   Data:  5A 30 39 FF 5A 30 39 FF 5B 2F 38 FF 5B 2F 38 FF ...
T55E4 004:234.965   completely In flash
T55E4 004:235.077 - 0.468ms returns 0xBD0
T55E4 004:235.814 JLINK_WriteMem(0x201BE8E0, 0xBE0 Bytes, ...)
T55E4 004:235.909   Data:  5B 18 12 32 5B 18 12 38 5B 18 12 3F 5B 18 12 45 ...
T55E4 004:236.023   completely In flash
T55E4 004:236.125 - 0.313ms returns 0xBE0
T55E4 004:236.627 JLINK_WriteMem(0x201BF4C0, 0xBD0 Bytes, ...)
T55E4 004:236.690   Data:  5B 18 12 0F 5B 18 12 12 5B 18 12 15 5B 18 12 19 ...
T55E4 004:236.747   completely In flash
T55E4 004:236.798 - 0.172ms returns 0xBD0
T55E4 004:237.275 JLINK_WriteMem(0x201C0090, 0xBD0 Bytes, ...)
T55E4 004:237.345   Data:  5B 18 12 1D 5B 18 12 20 5B 18 12 24 5B 18 12 27 ...
T55E4 004:237.399   completely In flash
T55E4 004:237.449 - 0.175ms returns 0xBD0
T55E4 004:237.863 JLINK_WriteMem(0x201C0C60, 0xBD0 Bytes, ...)
T55E4 004:237.917   Data:  FD FD FD FF FE FE FE FF D7 C7 C8 FF D1 BF C0 F5 ...
T55E4 004:237.980   completely In flash
T55E4 004:238.031 - 0.168ms returns 0xBD0
T55E4 004:238.402 JLINK_WriteMem(0x201C1830, 0xBE0 Bytes, ...)
T55E4 004:238.449   Data:  5B 18 12 09 5B 18 12 0A 5B 18 12 0B 5B 18 12 0C ...
T55E4 004:239.304   completely In flash
T55E4 004:239.388 - 0.985ms returns 0xBE0
T55E4 004:240.276 JLINK_WriteMem(0x201C2410, 0xBE0 Bytes, ...)
T55E4 004:240.323   Data:  04 87 01 87 84 02 82 83 83 83 83 82 83 82 02 83 ...
T55E4 004:240.363   completely In flash
T55E4 004:240.474 - 0.198ms returns 0xBE0
T55E4 004:241.025 JLINK_WriteMem(0x201C2FF0, 0xBD0 Bytes, ...)
T55E4 004:241.073   Data:  83 87 83 11 82 03 87 00 C4 C8 00 87 82 01 82 01 ...
T55E4 004:241.113   completely In flash
T55E4 004:241.153 - 0.128ms returns 0xBD0
T55E4 004:241.725 JLINK_WriteMem(0x201C3BC0, 0xBE0 Bytes, ...)
T55E4 004:241.782   Data:  5B 18 12 4E 5B 18 12 4E 5B 18 12 4D 5B 18 12 4B ...
T55E4 004:241.831   completely In flash
T55E4 004:241.878 - 0.153ms returns 0xBE0
T55E4 004:242.351 JLINK_WriteMem(0x201C47A0, 0xBD0 Bytes, ...)
T55E4 004:242.397   Data:  DC DC DC FF DB DB DB FF DA DA DA FF DA DA DA FF ...
T55E4 004:242.438   completely In flash
T55E4 004:242.486 - 0.135ms returns 0xBD0
T55E4 004:242.995 JLINK_WriteMem(0x201C5370, 0xBE0 Bytes, ...)
T55E4 004:243.035   Data:  D3 D3 D3 FF D3 D3 D3 FF D2 D2 D2 FF D1 D1 D1 FF ...
T55E4 004:243.093   completely In flash
T55E4 004:243.139 - 0.144ms returns 0xBE0
T55E4 004:243.613 JLINK_WriteMem(0x201C5F50, 0xBE0 Bytes, ...)
T55E4 004:243.684   Data:  59 7F 55 FF 6E 8C 46 FF EB C6 59 FF F0 B5 1A FF ...
T55E4 004:243.741   completely In flash
T55E4 004:243.796 - 0.183ms returns 0xBE0
T55E4 004:244.208 JLINK_WriteMem(0x201C6B30, 0xBE0 Bytes, ...)
T55E4 004:244.263   Data:  DD AF 06 FF DD AF 06 FF DD AF 07 FF DC AF 07 FF ...
T55E4 004:244.305   completely In flash
T55E4 004:244.346 - 0.138ms returns 0xBE0
T55E4 004:244.853 JLINK_WriteMem(0x201C7710, 0xBE0 Bytes, ...)
T55E4 004:244.897   Data:  D9 D3 7F FF 35 6A 23 FF 9D A9 9A FF C2 C2 C2 FF ...
T55E4 004:244.935   completely In flash
T55E4 004:244.978 - 0.124ms returns 0xBE0
T55E4 004:245.491 JLINK_WriteMem(0x201C82F0, 0xBE0 Bytes, ...)
T55E4 004:245.545   Data:  DA B0 07 FF DA B0 07 FF DA B0 08 FF D9 B0 08 FF ...
T55E4 004:245.597   completely In flash
T55E4 004:245.648 - 0.156ms returns 0xBE0
T55E4 004:246.193 JLINK_WriteMem(0x201C8ED0, 0xBE0 Bytes, ...)
T55E4 004:246.258   Data:  EF EE EE FF F1 F1 F1 FF F1 F0 F0 FF F0 F0 F0 FF ...
T55E4 004:246.341   completely In flash
T55E4 004:246.433 - 0.240ms returns 0xBE0
T55E4 004:247.778 JLINK_WriteMem(0x201C9AB0, 0xBE0 Bytes, ...)
T55E4 004:247.911   Data:  AF B6 18 FF AE B6 18 FF AE B6 18 FF AD B6 18 FF ...
T55E4 004:248.022   completely In flash
T55E4 004:248.123 - 0.346ms returns 0xBE0
T55E4 004:248.714 JLINK_WriteMem(0x201CA690, 0xBE0 Bytes, ...)
T55E4 004:248.791   Data:  C8 B2 0F FF C7 B2 0F FF C7 B3 0F FF C6 B3 0F FF ...
T55E4 004:248.870   completely In flash
T55E4 004:248.945 - 0.231ms returns 0xBE0
T55E4 004:249.449 JLINK_WriteMem(0x201CB270, 0xBE0 Bytes, ...)
T55E4 004:249.529   Data:  5B 18 12 08 5B 18 12 0B 5B 18 12 0F 5B 18 12 15 ...
T55E4 004:249.616   completely In flash
T55E4 004:249.705 - 0.256ms returns 0xBE0
T55E4 004:250.409 JLINK_WriteMem(0x201CBE50, 0xBE0 Bytes, ...)
T55E4 004:250.493   Data:  D0 B1 0B FF CF B1 0C FF CE B1 0C FF CD B2 0C FF ...
T55E4 004:250.619   completely In flash
T55E4 004:250.717 - 0.308ms returns 0xBE0
T55E4 004:251.491 JLINK_WriteMem(0x201CCA30, 0xBD0 Bytes, ...)
T55E4 004:251.588   Data:  B2 B5 17 FF B1 B5 17 FF B0 B6 17 FF B0 B6 17 FF ...
T55E4 004:251.691   completely In flash
T55E4 004:251.793 - 0.303ms returns 0xBD0
T55E4 004:252.402 JLINK_WriteMem(0x201CD600, 0xBD0 Bytes, ...)
T55E4 004:252.493   Data:  A9 B6 1A FF A9 B7 1A FF A9 B7 1A FF A8 B7 1B FF ...
T55E4 004:252.593   completely In flash
T55E4 004:252.692 - 0.290ms returns 0xBD0
T55E4 004:253.256 JLINK_WriteMem(0x201CE1D0, 0xBC0 Bytes, ...)
T55E4 004:253.334   Data:  AB B6 19 FF AA B6 1A FF A9 B6 1A FF A9 B7 1A FF ...
T55E4 004:253.398   completely In flash
T55E4 004:253.456 - 0.199ms returns 0xBC0
T55E4 004:254.137 JLINK_WriteMem(0x201CED90, 0xBB0 Bytes, ...)
T55E4 004:254.221   Data:  C1 B3 11 FF C0 B3 11 FF C0 B4 12 FF BF B4 12 FF ...
T55E4 004:254.311   completely In flash
T55E4 004:254.389 - 0.251ms returns 0xBB0
T55E4 004:255.265 JLINK_WriteMem(0x201CF940, 0xBB0 Bytes, ...)
T55E4 004:255.347   Data:  D7 B0 09 FF D6 B0 09 FF D6 B0 09 FF D5 B0 09 FF ...
T55E4 004:255.428   completely In flash
T55E4 004:255.633 - 0.368ms returns 0xBB0
T55E4 004:256.414 JLINK_WriteMem(0x201D04F0, 0xBC0 Bytes, ...)
T55E4 004:256.497   Data:  5B 18 12 45 5B 18 12 3B 5B 18 12 30 5B 18 12 27 ...
T55E4 004:256.583   completely In flash
T55E4 004:256.677 - 0.263ms returns 0xBC0
T55E4 004:257.457 JLINK_WriteMem(0x201D10B0, 0xBB0 Bytes, ...)
T55E4 004:257.550   Data:  9B B8 1F FF 9A B9 20 FF 9A B9 20 FF 99 B9 20 FF ...
T55E4 004:257.655   completely In flash
T55E4 004:257.769 - 0.313ms returns 0xBB0
T55E4 004:258.536 JLINK_WriteMem(0x201D1C60, 0xBB0 Bytes, ...)
T55E4 004:258.640   Data:  CC B2 0D FF CB B2 0D FF CB B2 0D FF CB B2 0E FF ...
T55E4 004:258.767   completely In flash
T55E4 004:258.866 - 0.330ms returns 0xBB0
T55E4 004:260.591 JLINK_WriteMem(0x201D2810, 0xBC0 Bytes, ...)
T55E4 004:260.708   Data:  64 C0 34 FF 63 C0 35 FF 62 C0 35 FF 61 C1 36 FF ...
T55E4 004:260.811   completely In flash
T55E4 004:260.909 - 0.319ms returns 0xBC0
T55E4 004:261.792 JLINK_WriteMem(0x201D33D0, 0xBB0 Bytes, ...)
T55E4 004:261.889   Data:  AA B6 1A FF A9 B6 1A FF A9 B7 1A FF A9 B7 1A FF ...
T55E4 004:261.984   completely In flash
T55E4 004:262.082 - 0.290ms returns 0xBB0
T55E4 004:263.083 JLINK_WriteMem(0x201D3F80, 0xBC0 Bytes, ...)
T55E4 004:263.161   Data:  5B 18 12 0A 5B 18 12 07 5B 18 12 04 5B 18 12 03 ...
T55E4 004:263.221   completely In flash
T55E4 004:263.273 - 0.190ms returns 0xBC0
T55E4 004:264.001 JLINK_WriteMem(0x201D4B40, 0xBC0 Bytes, ...)
T55E4 004:264.073   Data:  8E BA 25 FF 8D BA 25 FF 8C BB 25 FF 8B BB 26 FF ...
T55E4 004:264.133   completely In flash
T55E4 004:264.187 - 0.187ms returns 0xBC0
T55E4 004:264.843 JLINK_WriteMem(0x201D5700, 0xBB0 Bytes, ...)
T55E4 004:264.929   Data:  E5 E4 E4 FF 65 89 49 FF 9A 9C 13 FF CA B5 17 FF ...
T55E4 004:264.993   completely In flash
T55E4 004:265.056 - 0.213ms returns 0xBB0
T55E4 004:265.738 JLINK_WriteMem(0x201D62B0, 0xBC0 Bytes, ...)
T55E4 004:265.808   Data:  59 C2 38 FF 59 C2 39 FF 58 C2 39 FF 57 C2 39 FF ...
T55E4 004:265.865   completely In flash
T55E4 004:265.923 - 0.186ms returns 0xBC0
T55E4 004:266.571 JLINK_WriteMem(0x201D6E70, 0xBC0 Bytes, ...)
T55E4 004:266.636   Data:  8E BA 25 FF 8D BA 25 FF 8C BB 25 FF 8B BB 26 FF ...
T55E4 004:266.697   completely In flash
T55E4 004:266.758 - 0.188ms returns 0xBC0
T55E4 004:267.379 JLINK_WriteMem(0x201D7A30, 0xBB0 Bytes, ...)
T55E4 004:267.445   Data:  B6 B5 15 FF B6 B5 15 FF B6 B5 16 FF B5 B5 16 FF ...
T55E4 004:267.501   completely In flash
T55E4 004:267.553 - 0.175ms returns 0xBB0
T55E4 004:268.136 JLINK_WriteMem(0x201D85E0, 0xBB0 Bytes, ...)
T55E4 004:268.185   Data:  2F C7 48 FF 2E C8 49 FF 2D C8 49 FF 2B C8 4A FF ...
T55E4 004:268.238   completely In flash
T55E4 004:268.289 - 0.152ms returns 0xBB0
T55E4 004:268.926 JLINK_WriteMem(0x201D9190, 0xBB0 Bytes, ...)
T55E4 004:269.005   Data:  60 C1 36 FF 5F C1 36 FF 5E C1 37 FF 5D C1 37 FF ...
T55E4 004:269.072   completely In flash
T55E4 004:269.124 - 0.198ms returns 0xBB0
T55E4 004:269.793 JLINK_WriteMem(0x201D9D40, 0xBB0 Bytes, ...)
T55E4 004:269.853   Data:  7E BD 2A FF 7E BD 2B FF 7D BD 2B FF 7B BD 2B FF ...
T55E4 004:269.906   completely In flash
T55E4 004:269.958 - 0.166ms returns 0xBB0
T55E4 004:270.548 JLINK_WriteMem(0x201DA8F0, 0xBB0 Bytes, ...)
T55E4 004:270.601   Data:  8F BA 24 FF 8E BA 24 FF 8E BA 25 FF 8D BA 25 FF ...
T55E4 004:270.658   completely In flash
T55E4 004:270.701 - 0.153ms returns 0xBB0
T55E4 004:271.312 JLINK_WriteMem(0x201DB4A0, 0xBA0 Bytes, ...)
T55E4 004:271.357   Data:  92 BA 23 FF 91 BA 23 FF 90 BA 23 FF 8F BA 24 FF ...
T55E4 004:271.415   completely In flash
T55E4 004:271.462 - 0.150ms returns 0xBA0
T55E4 004:272.052 JLINK_WriteMem(0x201DC040, 0xBB0 Bytes, ...)
T55E4 004:272.100   Data:  8A BB 26 FF 88 BB 26 FF 88 BB 27 FF 87 BB 27 FF ...
T55E4 004:272.149   completely In flash
T55E4 004:272.198 - 0.147ms returns 0xBB0
T55E4 004:272.866 JLINK_WriteMem(0x201DCBF0, 0xBC0 Bytes, ...)
T55E4 004:272.934   Data:  6E BF 31 FF 6D BF 31 FF 6C BF 31 FF 6B BF 32 FF ...
T55E4 004:272.992   completely In flash
T55E4 004:273.155 - 0.289ms returns 0xBC0
T55E4 004:273.881 JLINK_WriteMem(0x201DD7B0, 0xBD0 Bytes, ...)
T55E4 004:273.948   Data:  32 C7 47 FF 31 C7 48 FF 2F C7 48 FF 2E C8 49 FF ...
T55E4 004:274.011   completely In flash
T55E4 004:274.077 - 0.196ms returns 0xBD0
T55E4 004:274.825 JLINK_WriteMem(0x201DE380, 0xBD0 Bytes, ...)
T55E4 004:274.905   Data:  7D 54 50 78 A9 A7 A7 F5 A9 A9 A9 FF 97 97 97 FF ...
T55E4 004:274.971   completely In flash
T55E4 004:275.036 - 0.211ms returns 0xBD0
T55E4 004:275.747 JLINK_WriteMem(0x201DEF50, 0xBD0 Bytes, ...)
T55E4 004:275.812   Data:  C1 C1 C1 FF C9 C9 C9 FF C7 C5 C4 F5 86 5E 5A 77 ...
T55E4 004:275.876   completely In flash
T55E4 004:275.941 - 0.195ms returns 0xBD0
T55E4 004:276.579 JLINK_WriteMem(0x201DFB20, 0xBD0 Bytes, ...)
T55E4 004:276.783   Data:  5B 18 12 23 5B 18 12 1E 5B 18 12 19 5B 18 12 14 ...
T55E4 004:276.831   completely In flash
T55E4 004:277.007 - 0.427ms returns 0xBD0
T55E4 004:292.384 JLINK_WriteMem(0x201E06F0, 0xBD0 Bytes, ...)
T55E4 004:292.507   Data:  1F CA 4E FF 1E CA 4F FF 1D CA 4F FF 1C CA 4F FF ...
T55E4 004:292.591   completely In flash
T55E4 004:292.666 - 0.283ms returns 0xBD0
T55E4 004:294.853 JLINK_WriteMem(0x201E12C0, 0xBD0 Bytes, ...)
T55E4 004:294.989   Data:  5B 18 12 16 5B 18 12 13 5B 18 12 11 5B 18 12 0E ...
T55E4 004:295.087   completely In flash
T55E4 004:295.187 - 0.334ms returns 0xBD0
T55E4 004:296.339 JLINK_WriteMem(0x201E1E90, 0xBE0 Bytes, ...)
T55E4 004:296.429   Data:  5B 18 12 2B 5B 18 12 2A 5B 18 12 29 5B 18 12 28 ...
T55E4 004:296.510   completely In flash
T55E4 004:296.588 - 0.252ms returns 0xBE0
T55E4 004:297.741 JLINK_WriteMem(0x201E2A70, 0xBE0 Bytes, ...)
T55E4 004:297.858   Data:  0A 82 85 83 15 83 A8 A8 00 83 13 83 85 84 04 8B ...
T55E4 004:297.957   completely In flash
T55E4 004:298.051 - 0.311ms returns 0xBE0
T55E4 004:299.152 JLINK_WriteMem(0x201E3650, 0xBE0 Bytes, ...)
T55E4 004:299.233   Data:  83 85 83 03 85 83 83 83 01 82 00 82 02 82 83 83 ...
T55E4 004:299.288   completely In flash
T55E4 004:299.340 - 0.189ms returns 0xBE0
T55E4 004:300.399 JLINK_WriteMem(0x201E4230, 0xBE0 Bytes, ...)
T55E4 004:300.469   Data:  0E 82 89 8B 82 10 84 83 13 82 04 82 7F 4F 87 12 ...
T55E4 004:300.530   completely In flash
T55E4 004:300.587 - 0.189ms returns 0xBE0
T55E4 004:301.399 JLINK_WriteMem(0x201E4E10, 0xBD0 Bytes, ...)
T55E4 004:301.464   Data:  5B 18 12 1B 5B 18 12 1C 5B 18 12 1D 5B 18 12 1E ...
T55E4 004:301.521   completely In flash
T55E4 004:301.580 - 0.180ms returns 0xBD0
T55E4 004:302.296 JLINK_WriteMem(0x201E59E0, 0xBD0 Bytes, ...)
T55E4 004:302.355   Data:  5B 18 12 0B 5B 18 12 0C 5B 18 12 0D 5B 18 12 0F ...
T55E4 004:302.413   completely In flash
T55E4 004:302.470 - 0.174ms returns 0xBD0
T55E4 004:303.667 JLINK_WriteMem(0x201E65B0, 0xBD0 Bytes, ...)
T55E4 004:303.746   Data:  5B 18 12 02 5B 18 12 03 5B 18 12 04 5B 18 12 04 ...
T55E4 004:303.807   completely In flash
T55E4 004:303.867 - 0.201ms returns 0xBD0
T55E4 004:304.567 JLINK_WriteMem(0x201E7180, 0xBD0 Bytes, ...)
T55E4 004:304.625   Data:  5B 18 12 0B 5B 18 12 08 5B 18 12 07 5B 18 12 05 ...
T55E4 004:304.685   completely In flash
T55E4 004:304.743 - 0.176ms returns 0xBD0
T55E4 004:305.373 JLINK_WriteMem(0x201E7D50, 0xBE0 Bytes, ...)
T55E4 004:305.433   Data:  E2 AF 04 FF E2 AF 04 FF E2 AF 05 FF E2 AF 05 FF ...
T55E4 004:305.496   completely In flash
T55E4 004:305.555 - 0.182ms returns 0xBE0
T55E4 004:306.183 JLINK_WriteMem(0x201E8930, 0xBE0 Bytes, ...)
T55E4 004:306.242   Data:  BC BC BC FF BB BB BB FF BA BA BA FF B9 B9 B9 FF ...
T55E4 004:306.302   completely In flash
T55E4 004:306.363 - 0.179ms returns 0xBE0
T55E4 004:307.057 JLINK_WriteMem(0x201E9510, 0xBE0 Bytes, ...)
T55E4 004:307.125   Data:  ED AD 01 FF ED AD 01 FF EC AD 01 FF EB AD 01 FF ...
T55E4 004:307.231   completely In flash
T55E4 004:307.293 - 0.236ms returns 0xBE0
T55E4 004:307.934 JLINK_WriteMem(0x201EA0F0, 0xBE0 Bytes, ...)
T55E4 004:307.993   Data:  D3 C6 59 FF 4F 78 21 FF 23 5B 1D FF 92 96 92 FF ...
T55E4 004:308.111   completely In flash
T55E4 004:308.218 - 0.283ms returns 0xBE0
T55E4 004:309.235 JLINK_WriteMem(0x201EACD0, 0xBD0 Bytes, ...)
T55E4 004:309.319   Data:  B9 B9 B9 FF BA BA BA FF BA BA BA FF B8 B6 B6 F5 ...
T55E4 004:309.381   completely In flash
T55E4 004:309.442 - 0.208ms returns 0xBD0
T55E4 004:310.059 JLINK_WriteMem(0x201EB8A0, 0xBE0 Bytes, ...)
T55E4 004:310.120   Data:  E5 AE 03 FF E4 AE 04 FF E3 AF 04 FF E2 AF 04 FF ...
T55E4 004:310.188   completely In flash
T55E4 004:310.248 - 0.189ms returns 0xBE0
T55E4 004:310.822 JLINK_WriteMem(0x201EC480, 0xBE0 Bytes, ...)
T55E4 004:310.879   Data:  D1 B1 0B FF D0 B1 0B FF D0 B1 0B FF CF B1 0C FF ...
T55E4 004:311.007   completely In flash
T55E4 004:311.070 - 0.248ms returns 0xBE0
T55E4 004:311.819 JLINK_WriteMem(0x201ED060, 0xBE0 Bytes, ...)
T55E4 004:311.946   Data:  DA B0 08 FF D9 B0 08 FF D8 B0 08 FF D7 B0 09 FF ...
T55E4 004:312.063   completely In flash
T55E4 004:312.123 - 0.306ms returns 0xBE0
T55E4 004:312.724 JLINK_WriteMem(0x201EDC40, 0xBE0 Bytes, ...)
T55E4 004:312.785   Data:  5B 18 12 00 00 00 00 00 00 00 00 00 5B 18 12 01 ...
T55E4 004:312.856   completely In flash
T55E4 004:312.920 - 0.196ms returns 0xBE0
T55E4 004:313.549 JLINK_WriteMem(0x201EE820, 0xBE0 Bytes, ...)
T55E4 004:313.620   Data:  CE B1 0C FF CD B2 0C FF CD B2 0C FF CD B2 0D FF ...
T55E4 004:313.686   completely In flash
T55E4 004:313.744 - 0.196ms returns 0xBE0
T55E4 004:314.410 JLINK_WriteMem(0x201EF400, 0xBE0 Bytes, ...)
T55E4 004:314.479   Data:  B9 B4 14 FF B9 B4 14 FF B8 B4 14 FF B8 B4 14 FF ...
T55E4 004:314.541   completely In flash
T55E4 004:314.601 - 0.190ms returns 0xBE0
T55E4 004:315.214 JLINK_WriteMem(0x201EFFE0, 0xBE0 Bytes, ...)
T55E4 004:315.280   Data:  B7 B5 15 FF B7 B5 15 FF B6 B5 15 FF B5 B5 16 FF ...
T55E4 004:315.349   completely In flash
T55E4 004:315.408 - 0.194ms returns 0xBE0
T55E4 004:316.025 JLINK_WriteMem(0x201F0BC0, 0xBE0 Bytes, ...)
T55E4 004:316.116   Data:  C9 B2 0E FF C9 B2 0E FF C8 B2 0E FF C8 B2 0F FF ...
T55E4 004:316.193   completely In flash
T55E4 004:316.278 - 0.253ms returns 0xBE0
T55E4 004:316.935 JLINK_WriteMem(0x201F17A0, 0xBE0 Bytes, ...)
T55E4 004:317.020   Data:  E2 AF 04 FF E2 AF 04 FF E2 AF 05 FF E2 AF 05 FF ...
T55E4 004:317.117   completely In flash
T55E4 004:317.213 - 0.278ms returns 0xBE0
T55E4 004:319.135 JLINK_WriteMem(0x201F2380, 0xBE0 Bytes, ...)
T55E4 004:319.221   Data:  9F B8 1E FF 9E B8 1E FF 9E B8 1E FF 9D B8 1E FF ...
T55E4 004:319.289   completely In flash
T55E4 004:319.347 - 0.212ms returns 0xBE0
T55E4 004:320.125 JLINK_WriteMem(0x201F2F60, 0xBD0 Bytes, ...)
T55E4 004:320.190   Data:  D1 B1 0B FF D0 B1 0B FF D0 B1 0B FF CF B1 0C FF ...
T55E4 004:320.252   completely In flash
T55E4 004:320.313 - 0.189ms returns 0xBD0
T55E4 004:320.967 JLINK_WriteMem(0x201F3B30, 0xBC0 Bytes, ...)
T55E4 004:321.041   Data:  A1 B8 1D FF A0 B8 1E FF 9F B8 1E FF 9E B8 1E FF ...
T55E4 004:321.111   completely In flash
T55E4 004:321.168 - 0.201ms returns 0xBC0
T55E4 004:321.785 JLINK_WriteMem(0x201F46F0, 0xBC0 Bytes, ...)
T55E4 004:321.841   Data:  5B 18 12 58 AD AA AA F5 AD AD AC FF AD AD AC FF ...
T55E4 004:321.905   completely In flash
T55E4 004:321.965 - 0.179ms returns 0xBC0
T55E4 004:322.583 JLINK_WriteMem(0x201F52B0, 0xBC0 Bytes, ...)
T55E4 004:322.637   Data:  CA B2 0E FF CA B2 0E FF C9 B2 0E FF C9 B2 0E FF ...
T55E4 004:322.697   completely In flash
T55E4 004:322.760 - 0.177ms returns 0xBC0
T55E4 004:323.328 JLINK_WriteMem(0x201F5E70, 0xBD0 Bytes, ...)
T55E4 004:323.399   Data:  B4 B5 16 FF B3 B5 16 FF B3 B5 16 FF B2 B5 17 FF ...
T55E4 004:323.461   completely In flash
T55E4 004:323.518 - 0.191ms returns 0xBD0
T55E4 004:324.233 JLINK_WriteMem(0x201F6A40, 0xBB0 Bytes, ...)
T55E4 004:324.297   Data:  99 B9 20 FF 99 B9 20 FF 98 B9 20 FF 98 B9 20 FF ...
T55E4 004:325.253   completely In flash
T55E4 004:325.335 - 1.102ms returns 0xBB0
T55E4 004:326.035 JLINK_WriteMem(0x201F75F0, 0xBB0 Bytes, ...)
T55E4 004:326.090   Data:  8F BA 24 FF 8F BA 24 FF 8E BA 24 FF 8E BA 24 FF ...
T55E4 004:326.161   completely In flash
T55E4 004:326.218 - 0.183ms returns 0xBB0
T55E4 004:326.783 JLINK_WriteMem(0x201F81A0, 0xBC0 Bytes, ...)
T55E4 004:326.855   Data:  8C BB 25 FF 8B BB 26 FF 8B BB 26 FF 8A BB 26 FF ...
T55E4 004:326.915   completely In flash
T55E4 004:326.973 - 0.189ms returns 0xBC0
T55E4 004:327.629 JLINK_WriteMem(0x201F8D60, 0xBB0 Bytes, ...)
T55E4 004:327.691   Data:  93 BA 23 FF 92 BA 23 FF 92 BA 23 FF 91 BA 23 FF ...
T55E4 004:327.773   completely In flash
T55E4 004:327.835 - 0.205ms returns 0xBB0
T55E4 004:328.445 JLINK_WriteMem(0x201F9910, 0xBB0 Bytes, ...)
T55E4 004:328.497   Data:  9E B8 1E FF 9E B8 1E FF 9D B8 1E FF 9D B8 1E FF ...
T55E4 004:328.558   completely In flash
T55E4 004:328.617 - 0.172ms returns 0xBB0
T55E4 004:329.233 JLINK_WriteMem(0x201FA4C0, 0xBB0 Bytes, ...)
T55E4 004:329.293   Data:  A3 B7 1D FF A3 B7 1D FF A2 B8 1D FF A1 B8 1D FF ...
T55E4 004:329.354   completely In flash
T55E4 004:329.413 - 0.180ms returns 0xBB0
T55E4 004:330.054 JLINK_WriteMem(0x201FB070, 0xBB0 Bytes, ...)
T55E4 004:330.111   Data:  B5 B5 16 FF B5 B5 16 FF B4 B5 16 FF B4 B5 16 FF ...
T55E4 004:330.171   completely In flash
T55E4 004:330.229 - 0.175ms returns 0xBB0
T55E4 004:330.957 JLINK_WriteMem(0x201FBC20, 0xBB0 Bytes, ...)
T55E4 004:331.084   Data:  CE B1 0C FF CE B1 0C FF CD B2 0C FF CD B2 0C FF ...
T55E4 004:331.129   completely In flash
T55E4 004:331.169 - 0.214ms returns 0xBB0
T55E4 004:331.713 JLINK_WriteMem(0x201FC7D0, 0xBC0 Bytes, ...)
T55E4 004:331.761   Data:  5B 18 12 1A 5B 18 12 14 5B 18 12 0E 5B 18 12 0A ...
T55E4 004:331.803   completely In flash
T55E4 004:331.843 - 0.130ms returns 0xBC0
T55E4 004:332.472 JLINK_WriteMem(0x201FD390, 0xBB0 Bytes, ...)
T55E4 004:332.536   Data:  65 C0 34 FF 64 C0 34 FF 63 C0 35 FF 1F 6A 0D FF ...
T55E4 004:332.591   completely In flash
T55E4 004:332.649 - 0.178ms returns 0xBB0
T55E4 004:333.341 JLINK_WriteMem(0x201FDF40, 0xBC0 Bytes, ...)
T55E4 004:333.418   Data:  7E BD 2A FF 7E BD 2B FF 7D BD 2B FF 7C BD 2B FF ...
T55E4 004:333.477   completely In flash
T55E4 004:333.537 - 0.195ms returns 0xBC0
T55E4 004:334.193 JLINK_WriteMem(0x201FEB00, 0xBB0 Bytes, ...)
T55E4 004:334.249   Data:  A6 B7 1B FF A5 B7 1C FF A5 B7 1C FF A4 B7 1C FF ...
T55E4 004:334.309   completely In flash
T55E4 004:334.368 - 0.174ms returns 0xBB0
T55E4 004:335.141 JLINK_WriteMem(0x201FF6B0, 0xBB0 Bytes, ...)
T55E4 004:335.256   Data:  CA B2 0E FF CA B2 0E FF C9 B2 0E FF C9 B2 0E FF ...
T55E4 004:335.789   completely In flash
T55E4 004:337.848 - 2.705ms returns 0xBB0
T55E4 004:338.749 JLINK_WriteMem(0x20200260, 0xBB0 Bytes, ...)
T55E4 004:338.826   Data:  5A C1 38 FF 59 C2 38 FF 59 C2 38 FF 58 C2 39 FF ...
T55E4 004:338.893   completely In flash
T55E4 004:338.954 - 0.206ms returns 0xBB0
T55E4 004:339.834 JLINK_WriteMem(0x20200E10, 0xBB0 Bytes, ...)
T55E4 004:339.945   Data:  8B BB 26 FF 8B BB 26 FF 8A BB 26 FF 8A BB 26 FF ...
T55E4 004:340.044   completely In flash
T55E4 004:340.106 - 0.273ms returns 0xBB0
T55E4 004:340.634 JLINK_WriteMem(0x202019C0, 0xBB0 Bytes, ...)
T55E4 004:340.697   Data:  C1 B3 11 FF C0 B3 11 FF C0 B3 11 FF BF B4 12 FF ...
T55E4 004:340.747   completely In flash
T55E4 004:340.787 - 0.154ms returns 0xBB0
T55E4 004:341.458 JLINK_WriteMem(0x20202570, 0xBC0 Bytes, ...)
T55E4 004:341.529   Data:  58 C2 39 FF 58 C2 39 FF 57 C2 39 FF 57 C2 39 FF ...
T55E4 004:341.589   completely In flash
T55E4 004:341.648 - 0.190ms returns 0xBC0
T55E4 004:342.290 JLINK_WriteMem(0x20203130, 0xBB0 Bytes, ...)
T55E4 004:342.348   Data:  95 B9 22 FF 95 B9 22 FF 94 BA 22 FF 94 BA 22 FF ...
T55E4 004:342.408   completely In flash
T55E4 004:342.467 - 0.177ms returns 0xBB0
T55E4 004:343.078 JLINK_WriteMem(0x20203CE0, 0xBB0 Bytes, ...)
T55E4 004:343.136   Data:  CA B2 0E FF CA B2 0E FF C9 B2 0E FF C9 B2 0E FF ...
T55E4 004:343.196   completely In flash
T55E4 004:343.254 - 0.176ms returns 0xBB0
T55E4 004:343.869 JLINK_WriteMem(0x20204890, 0xBC0 Bytes, ...)
T55E4 004:343.925   Data:  5F C1 36 FF 5E C1 37 FF 5D C1 37 FF 5C C1 37 FF ...
T55E4 004:344.004   completely In flash
T55E4 004:344.065 - 0.196ms returns 0xBC0
T55E4 004:345.616 JLINK_WriteMem(0x20205450, 0xBB0 Bytes, ...)
T55E4 004:345.693   Data:  97 B9 21 FF 97 B9 21 FF 96 B9 21 FF 96 B9 21 FF ...
T55E4 004:345.755   completely In flash
T55E4 004:345.815 - 0.200ms returns 0xBB0
T55E4 004:346.737 JLINK_WriteMem(0x20206000, 0xBB0 Bytes, ...)
T55E4 004:346.888   Data:  C7 B3 11 FF C6 B3 0F FF C6 B3 0F FF C5 B3 0F FF ...
T55E4 004:347.023   completely In flash
T55E4 004:347.188 - 0.452ms returns 0xBB0
T55E4 004:348.233 JLINK_WriteMem(0x20206BB0, 0xBB0 Bytes, ...)
T55E4 004:348.326   Data:  5E C1 37 FF 5C C1 37 FF 5C C1 37 FF 5B C1 38 FF ...
T55E4 004:348.390   completely In flash
T55E4 004:348.451 - 0.219ms returns 0xBB0
T55E4 004:349.147 JLINK_WriteMem(0x20207760, 0xBB0 Bytes, ...)
T55E4 004:349.223   Data:  92 BA 23 FF 92 BA 23 FF 91 BA 23 FF 90 BA 23 FF ...
T55E4 004:349.290   completely In flash
T55E4 004:349.372 - 0.225ms returns 0xBB0
T55E4 004:350.184 JLINK_WriteMem(0x20208310, 0xBB0 Bytes, ...)
T55E4 004:350.261   Data:  C0 B3 11 FF BF B4 12 FF BF B4 12 FF BE B4 12 FF ...
T55E4 004:350.327   completely In flash
T55E4 004:350.391 - 0.208ms returns 0xBB0
T55E4 004:351.155 JLINK_WriteMem(0x20208EC0, 0xBB0 Bytes, ...)
T55E4 004:351.258   Data:  51 C3 3C FF 50 C3 3C FF 4F C3 3C FF 4E C3 3C FF ...
T55E4 004:351.399   completely In flash
T55E4 004:351.503 - 0.348ms returns 0xBB0
T55E4 004:352.302 JLINK_WriteMem(0x20209A70, 0xBB0 Bytes, ...)
T55E4 004:352.405   Data:  88 BB 26 FF 88 BB 26 FF 87 BB 27 FF 87 BB 27 FF ...
T55E4 004:352.511   completely In flash
T55E4 004:352.618 - 0.317ms returns 0xBB0
T55E4 004:353.363 JLINK_WriteMem(0x2020A620, 0xBB0 Bytes, ...)
T55E4 004:353.438   Data:  B7 B5 15 FF B6 B5 15 FF B5 B5 16 FF B5 B5 16 FF ...
T55E4 004:353.493   completely In flash
T55E4 004:353.549 - 0.186ms returns 0xBB0
T55E4 004:354.178 JLINK_WriteMem(0x2020B1D0, 0xBB0 Bytes, ...)
T55E4 004:354.257   Data:  40 C5 42 FF 40 C5 42 FF 3F C5 42 FF 3E C5 42 FF ...
T55E4 004:354.317   completely In flash
T55E4 004:354.373 - 0.196ms returns 0xBB0
T55E4 004:354.991 JLINK_WriteMem(0x2020BD80, 0xBC0 Bytes, ...)
T55E4 004:355.050   Data:  74 BE 2E FF 73 BE 2F FF 73 BE 2F FF 72 BE 2F FF ...
T55E4 004:355.111   completely In flash
T55E4 004:355.168 - 0.177ms returns 0xBC0
T55E4 004:355.920 JLINK_WriteMem(0x2020C940, 0xBB0 Bytes, ...)
T55E4 004:355.990   Data:  9F B8 1E FF 9E B8 1E FF 9E B8 1E FF 9D B8 1E FF ...
T55E4 004:356.044   completely In flash
T55E4 004:356.097 - 0.176ms returns 0xBB0
T55E4 004:356.893 JLINK_WriteMem(0x2020D4F0, 0xBA0 Bytes, ...)
T55E4 004:356.995   Data:  5B 18 12 16 5B 18 12 11 5B 18 12 0D 5B 18 12 0A ...
T55E4 004:357.087   completely In flash
T55E4 004:357.176 - 0.283ms returns 0xBA0
T55E4 004:357.868 JLINK_WriteMem(0x2020E090, 0xBA0 Bytes, ...)
T55E4 004:357.941   Data:  4E C3 3C FF 4D C3 3D FF 4C C3 3D FF 4B C4 3D FF ...
T55E4 004:358.015   completely In flash
T55E4 004:358.091 - 0.223ms returns 0xBA0
T55E4 004:358.809 JLINK_WriteMem(0x2020EC30, 0xBB0 Bytes, ...)
T55E4 004:358.880   Data:  76 BE 2D FF 75 BE 2E FF 75 BE 2E FF 74 BE 2E FF ...
T55E4 004:358.940   completely In flash
T55E4 004:358.999 - 0.190ms returns 0xBB0
T55E4 004:359.624 JLINK_WriteMem(0x2020F7E0, 0xBA0 Bytes, ...)
T55E4 004:359.677   Data:  92 BA 23 FF 91 BA 23 FF 90 BA 23 FF 8F BA 24 FF ...
T55E4 004:359.742   completely In flash
T55E4 004:359.801 - 0.178ms returns 0xBA0
T55E4 004:360.435 JLINK_WriteMem(0x20210380, 0xBA0 Bytes, ...)
T55E4 004:360.487   Data:  5B 18 12 40 5B 18 12 49 5B 18 12 53 A5 96 94 B7 ...
T55E4 004:360.548   completely In flash
T55E4 004:360.609 - 0.174ms returns 0xBA0
T55E4 004:361.229 JLINK_WriteMem(0x20210F20, 0xBA0 Bytes, ...)
T55E4 004:361.290   Data:  16 6C 1B FF 68 7D 65 FF 93 93 93 FF 92 92 92 FF ...
T55E4 004:361.350   completely In flash
T55E4 004:361.460 - 0.230ms returns 0xBA0
T55E4 004:362.165 JLINK_WriteMem(0x20211AC0, 0xBA0 Bytes, ...)
T55E4 004:362.258   Data:  2B C8 4A FF 2A C8 4A FF 29 C8 4B FF 29 C8 4B FF ...
T55E4 004:362.365   completely In flash
T55E4 004:362.453 - 0.289ms returns 0xBA0
T55E4 004:363.109 JLINK_WriteMem(0x20212660, 0xBA0 Bytes, ...)
T55E4 004:363.172   Data:  35 C7 46 FF 35 C7 46 FF 34 C7 46 FF 34 C7 46 FF ...
T55E4 004:363.233   completely In flash
T55E4 004:363.293 - 0.184ms returns 0xBA0
T55E4 004:364.005 JLINK_WriteMem(0x20213200, 0xBA0 Bytes, ...)
T55E4 004:364.155   Data:  36 C7 46 FF 35 C7 46 FF 35 C7 46 FF 34 C7 46 FF ...
T55E4 004:364.238   completely In flash
T55E4 004:364.301 - 0.296ms returns 0xBA0
T55E4 004:364.990 JLINK_WriteMem(0x20213DA0, 0xBB0 Bytes, ...)
T55E4 004:365.060   Data:  2E C8 49 FF 2D C8 49 FF 2C C8 49 FF 2B C8 49 FF ...
T55E4 004:365.125   completely In flash
T55E4 004:365.187 - 0.198ms returns 0xBB0
T55E4 004:365.839 JLINK_WriteMem(0x20214950, 0xBC0 Bytes, ...)
T55E4 004:365.904   Data:  19 CB 51 FF 19 CB 51 FF 17 CB 51 FF 17 CB 51 FF ...
T55E4 004:365.967   completely In flash
T55E4 004:366.031 - 0.192ms returns 0xBC0
T55E4 004:366.764 JLINK_WriteMem(0x20215510, 0xBB0 Bytes, ...)
T55E4 004:366.841   Data:  5B 18 12 0C 5B 18 12 0A 5B 18 12 07 5B 18 12 05 ...
T55E4 004:366.925   completely In flash
T55E4 004:367.011 - 0.247ms returns 0xBB0
T55E4 004:367.761 JLINK_WriteMem(0x202160C0, 0xBD0 Bytes, ...)
T55E4 004:367.850   Data:  7B BD 2B FF 7A BD 2C FF 7A BD 2C FF 79 BD 2C FF ...
T55E4 004:367.945   completely In flash
T55E4 004:368.043 - 0.282ms returns 0xBD0
T55E4 004:368.737 JLINK_WriteMem(0x20216C90, 0xBD0 Bytes, ...)
T55E4 004:368.811   Data:  4A C4 3E FF 49 C4 3F FF 49 C4 3F FF 48 C4 3F FF ...
T55E4 004:368.874   completely In flash
T55E4 004:368.936 - 0.200ms returns 0xBD0
T55E4 004:369.539 JLINK_WriteMem(0x20217860, 0xBD0 Bytes, ...)
T55E4 004:369.593   Data:  B7 B7 B7 FF BF BF BF FF BD BD BD FF 97 7E 7B 98 ...
T55E4 004:369.649   completely In flash
T55E4 004:369.712 - 0.173ms returns 0xBD0
T55E4 004:370.377 JLINK_WriteMem(0x20218430, 0xBD0 Bytes, ...)
T55E4 004:370.455   Data:  4E C3 3C FF 4D C3 3D FF 4D C3 3D FF 4C C4 3D FF ...
T55E4 004:370.549   completely In flash
T55E4 004:370.608 - 0.231ms returns 0xBD0
T55E4 004:371.876 JLINK_WriteMem(0x20219000, 0xBD0 Bytes, ...)
T55E4 004:371.929   Data:  5B 18 12 07 5B 18 12 09 5B 18 12 0B 5B 18 12 0E ...
T55E4 004:371.976   completely In flash
T55E4 004:372.020 - 0.145ms returns 0xBD0
T55E4 004:372.514 JLINK_WriteMem(0x20219BD0, 0xBD0 Bytes, ...)
T55E4 004:372.564   Data:  3F 77 3E FF B1 B9 B0 FF C9 C9 C9 FF CA CA CA FF ...
T55E4 004:372.607   completely In flash
T55E4 004:372.651 - 0.137ms returns 0xBD0
T55E4 004:373.273 JLINK_WriteMem(0x2021A7A0, 0xBD0 Bytes, ...)
T55E4 004:373.329   Data:  D9 D9 D9 FF BD B3 B2 CC 6B 33 2E 62 5B 18 12 51 ...
T55E4 004:373.385   completely In flash
T55E4 004:373.439 - 0.166ms returns 0xBD0
T55E4 004:374.163 JLINK_WriteMem(0x2021B370, 0xBC0 Bytes, ...)
T55E4 004:374.259   Data:  CF CF CF FF C8 C8 C8 FF C9 C9 C9 FF CA CA CA FF ...
T55E4 004:374.351   completely In flash
T55E4 004:374.444 - 0.280ms returns 0xBC0
T55E4 004:375.332 JLINK_WriteMem(0x2021BF30, 0xBD0 Bytes, ...)
T55E4 004:375.415   Data:  5B 18 12 03 5B 18 12 02 5B 18 12 01 00 00 00 00 ...
T55E4 004:375.476   completely In flash
T55E4 004:375.534 - 0.202ms returns 0xBD0
T55E4 004:376.254 JLINK_WriteMem(0x2021CB00, 0xBE0 Bytes, ...)
T55E4 004:376.330   Data:  E8 E8 E8 FF E9 E9 E9 FF EA EA EA FF EB EB EB FF ...
T55E4 004:376.390   completely In flash
T55E4 004:376.447 - 0.194ms returns 0xBE0
T55E4 004:377.128 JLINK_WriteMem(0x2021D6E0, 0xBD0 Bytes, ...)
T55E4 004:377.229   Data:  8C 69 65 83 8C 69 65 82 5B 18 12 57 5B 18 12 56 ...
T55E4 004:377.325   completely In flash
T55E4 004:377.415 - 0.287ms returns 0xBD0
T55E4 004:378.114 JLINK_WriteMem(0x2021E2B0, 0xBE0 Bytes, ...)
T55E4 004:378.209   Data:  5B 18 12 1A 5B 18 12 19 5B 18 12 18 5B 18 12 18 ...
T55E4 004:378.314   completely In flash
T55E4 004:378.412 - 0.299ms returns 0xBE0
T55E4 004:379.103 JLINK_WriteMem(0x2021EE90, 0xBE0 Bytes, ...)
T55E4 004:379.204   Data:  01 84 18 82 88 89 82 1A 82 05 82 85 01 82 87 03 ...
T55E4 004:379.339   completely In flash
T55E4 004:379.450 - 0.348ms returns 0xBE0
T55E4 004:380.198 JLINK_WriteMem(0x2021FA70, 0xBE0 Bytes, ...)
T55E4 004:380.296   Data:  83 82 04 84 01 83 82 00 82 85 00 83 82 01 82 01 ...
T55E4 004:380.399   completely In flash
T55E4 004:380.505 - 0.307ms returns 0xBE0
T55E4 004:381.289 JLINK_WriteMem(0x20220650, 0xBD0 Bytes, ...)
T55E4 004:381.358   Data:  5B 18 12 01 5B 18 12 00 00 00 00 00 00 00 00 00 ...
T55E4 004:381.414   completely In flash
T55E4 004:381.475 - 0.187ms returns 0xBD0
T55E4 004:382.077 JLINK_WriteMem(0x20221220, 0xBE0 Bytes, ...)
T55E4 004:382.170   Data:  5B 18 12 19 5B 18 12 1C 5B 18 12 1E 5B 18 12 21 ...
T55E4 004:382.233   completely In flash
T55E4 004:382.291 - 0.214ms returns 0xBE0
T55E4 004:383.153 JLINK_WriteMem(0x20221E00, 0xBD0 Bytes, ...)
T55E4 004:383.231   Data:  E9 E9 E9 FF E8 E8 E8 FF E7 E7 E7 FF E6 E6 E6 FF ...
T55E4 004:383.300   completely In flash
T55E4 004:383.364 - 0.211ms returns 0xBD0
T55E4 004:383.978 JLINK_WriteMem(0x202229D0, 0xBE0 Bytes, ...)
T55E4 004:384.041   Data:  BF 98 7D FF B6 8B 6D FF A6 71 4C FF 9F 66 3E FF ...
T55E4 004:384.099   completely In flash
T55E4 004:384.160 - 0.182ms returns 0xBE0
T55E4 004:384.701 JLINK_WriteMem(0x202235B0, 0xBE0 Bytes, ...)
T55E4 004:384.742   Data:  9B 62 3B FF 9B 62 3B FF 9B 62 3C FF 9B 62 3C FF ...
T55E4 004:384.787   completely In flash
T55E4 004:384.828 - 0.126ms returns 0xBE0
T55E4 004:385.366 JLINK_WriteMem(0x20224190, 0xBE0 Bytes, ...)
T55E4 004:385.414   Data:  5B 18 12 02 5B 18 12 04 5B 18 12 05 5B 18 12 07 ...
T55E4 004:385.466   completely In flash
T55E4 004:385.517 - 0.152ms returns 0xBE0
T55E4 004:386.038 JLINK_WriteMem(0x20224D70, 0xBE0 Bytes, ...)
T55E4 004:386.086   Data:  97 5C 31 FF 98 5B 31 FF 97 5A 32 FF 97 5A 32 FF ...
T55E4 004:386.150   completely In flash
T55E4 004:386.211 - 0.172ms returns 0xBE0
T55E4 004:387.103 JLINK_WriteMem(0x20225950, 0xBC0 Bytes, ...)
T55E4 004:387.177   Data:  5B 18 12 16 5B 18 12 1C 5B 18 12 23 5B 18 12 2A ...
T55E4 004:387.241   completely In flash
T55E4 004:387.299 - 0.196ms returns 0xBC0
T55E4 004:388.037 JLINK_WriteMem(0x20226510, 0xBB0 Bytes, ...)
T55E4 004:388.101   Data:  8B 4F 34 FF 8A 4F 34 FF 8A 4E 34 FF 8A 4E 35 FF ...
T55E4 004:388.163   completely In flash
T55E4 004:388.221 - 0.184ms returns 0xBB0
T55E4 004:388.881 JLINK_WriteMem(0x202270C0, 0xBB0 Bytes, ...)
T55E4 004:388.983   Data:  94 53 25 FF 94 53 25 FF 93 54 25 FF 93 53 25 FF ...
T55E4 004:389.081   completely In flash
T55E4 004:389.183 - 0.301ms returns 0xBB0
T55E4 004:389.970 JLINK_WriteMem(0x20227C70, 0xBB0 Bytes, ...)
T55E4 004:390.076   Data:  89 4B 2A FF 89 4A 2A FF 88 4A 2A FF 88 4A 2A FF ...
T55E4 004:390.181   completely In flash
T55E4 004:390.281 - 0.312ms returns 0xBB0
T55E4 004:391.237 JLINK_WriteMem(0x20228820, 0xB90 Bytes, ...)
T55E4 004:391.345   Data:  5B 18 12 2E 5B 18 12 26 5B 18 12 1E 5B 18 12 16 ...
T55E4 004:391.475   completely In flash
T55E4 004:391.585 - 0.347ms returns 0xB90
T55E4 004:392.425 JLINK_WriteMem(0x202293B0, 0xBB0 Bytes, ...)
T55E4 004:392.529   Data:  5B 18 12 47 5B 18 12 53 99 82 82 CC AA 9E 9F FF ...
T55E4 004:392.603   completely In flash
T55E4 004:392.676 - 0.255ms returns 0xBB0
T55E4 004:393.590 JLINK_WriteMem(0x20229F60, 0xBC0 Bytes, ...)
T55E4 004:393.636   Data:  83 43 25 FF 83 42 25 FF 82 42 25 FF 81 41 25 FF ...
T55E4 004:393.685   completely In flash
T55E4 004:393.730 - 0.141ms returns 0xBC0
T55E4 004:394.570 JLINK_WriteMem(0x2022AB20, 0xBD0 Bytes, ...)
T55E4 004:394.625   Data:  5B 18 12 50 5B 18 12 44 5B 18 12 38 5B 18 12 2E ...
T55E4 004:394.675   completely In flash
T55E4 004:394.716 - 0.146ms returns 0xBD0
T55E4 004:395.619 JLINK_WriteMem(0x2022B6F0, 0xBC0 Bytes, ...)
T55E4 004:395.700   Data:  82 42 25 FF 81 41 25 FF 80 41 25 FF 80 41 25 FF ...
T55E4 004:395.777   completely In flash
T55E4 004:395.855 - 0.236ms returns 0xBC0
T55E4 004:396.624 JLINK_WriteMem(0x2022C2B0, 0xBC0 Bytes, ...)
T55E4 004:396.722   Data:  89 48 25 FF 89 49 25 FF 89 49 25 FF 89 48 25 FF ...
T55E4 004:396.843   completely In flash
T55E4 004:396.945 - 0.320ms returns 0xBC0
T55E4 004:398.636 JLINK_WriteMem(0x2022CE70, 0xBC0 Bytes, ...)
T55E4 004:398.725   Data:  5B 18 12 2D 5B 18 12 37 5B 18 12 44 5B 18 12 4F ...
T55E4 004:398.795   completely In flash
T55E4 004:398.855 - 0.220ms returns 0xBC0
T55E4 004:399.610 JLINK_WriteMem(0x2022DA30, 0xBC0 Bytes, ...)
T55E4 004:399.673   Data:  D6 D3 D3 FF D7 D3 D3 FF D8 D4 D4 FF D8 D4 D5 FF ...
T55E4 004:399.721   completely In flash
T55E4 004:399.763 - 0.153ms returns 0xBC0
T55E4 004:400.398 JLINK_WriteMem(0x2022E5F0, 0xBC0 Bytes, ...)
T55E4 004:400.456   Data:  75 36 25 FF 75 35 25 FF 74 35 25 FF 74 35 25 FF ...
T55E4 004:400.515   completely In flash
T55E4 004:400.567 - 0.169ms returns 0xBC0
T55E4 004:401.188 JLINK_WriteMem(0x2022F1B0, 0xBC0 Bytes, ...)
T55E4 004:401.255   Data:  77 38 25 FF 77 38 25 FF 77 37 25 FF 76 36 25 FF ...
T55E4 004:401.316   completely In flash
T55E4 004:401.377 - 0.189ms returns 0xBC0
T55E4 004:402.115 JLINK_WriteMem(0x2022FD70, 0xBC0 Bytes, ...)
T55E4 004:402.203   Data:  77 37 25 FF 76 36 25 FF 75 36 25 FF 75 35 25 FF ...
T55E4 004:402.306   completely In flash
T55E4 004:402.409 - 0.294ms returns 0xBC0
T55E4 004:403.347 JLINK_WriteMem(0x20230930, 0xBB0 Bytes, ...)
T55E4 004:403.450   Data:  6E 2E 26 FF 6D 2E 26 FF 6D 2E 26 FF 6D 2D 26 FF ...
T55E4 004:403.555   completely In flash
T55E4 004:403.658 - 0.311ms returns 0xBB0
T55E4 004:404.488 JLINK_WriteMem(0x202314E0, 0xBC0 Bytes, ...)
T55E4 004:404.627   Data:  5B 18 12 0B 5B 18 12 0F 5B 18 12 13 5B 18 12 19 ...
T55E4 004:404.790   completely In flash
T55E4 004:404.948 - 0.460ms returns 0xBC0
T55E4 004:405.822 JLINK_WriteMem(0x202320A0, 0xBD0 Bytes, ...)
T55E4 004:405.935   Data:  6C 2C 26 FF 6B 2C 26 FF 6B 2B 26 FF 6B 2B 26 FF ...
T55E4 004:407.533   completely In flash
T55E4 004:407.681 - 1.859ms returns 0xBD0
T55E4 004:408.519 JLINK_WriteMem(0x20232C70, 0xBD0 Bytes, ...)
T55E4 004:408.637   Data:  72 32 25 FF 72 33 25 FF 72 33 25 FF 72 32 25 FF ...
T55E4 004:408.746   completely In flash
T55E4 004:408.848 - 0.329ms returns 0xBD0
T55E4 004:409.595 JLINK_WriteMem(0x20233840, 0xBC0 Bytes, ...)
T55E4 004:409.671   Data:  70 30 25 FF 70 31 25 FF 70 30 25 FF 6F 30 25 FF ...
T55E4 004:409.735   completely In flash
T55E4 004:409.798 - 0.202ms returns 0xBC0
T55E4 004:410.457 JLINK_WriteMem(0x20234400, 0xBB0 Bytes, ...)
T55E4 004:410.527   Data:  6D 2E 26 FF 6D 2D 26 FF 6C 2D 26 FF 6C 2C 26 FF ...
T55E4 004:410.582   completely In flash
T55E4 004:410.635 - 0.177ms returns 0xBB0
T55E4 004:411.333 JLINK_WriteMem(0x20234FB0, 0xBC0 Bytes, ...)
T55E4 004:411.399   Data:  65 26 26 FF 64 25 26 FF 63 24 26 FF 62 23 26 FF ...
T55E4 004:411.460   completely In flash
T55E4 004:411.520 - 0.188ms returns 0xBC0
T55E4 004:412.167 JLINK_WriteMem(0x20235B70, 0xBD0 Bytes, ...)
T55E4 004:412.218   Data:  8C 66 67 C1 C9 C5 C5 FF D1 D1 D1 FF C8 C8 C8 FF ...
T55E4 004:412.273   completely In flash
T55E4 004:412.333 - 0.166ms returns 0xBD0
T55E4 004:412.978 JLINK_WriteMem(0x20236740, 0xBD0 Bytes, ...)
T55E4 004:413.037   Data:  A6 85 84 A2 5C 1A 15 61 5B 18 12 52 5B 18 12 4E ...
T55E4 004:413.099   completely In flash
T55E4 004:413.160 - 0.182ms returns 0xBD0
T55E4 004:413.906 JLINK_WriteMem(0x20237310, 0xBD0 Bytes, ...)
T55E4 004:414.021   Data:  5B 18 12 4E 5B 18 12 4F 5B 18 12 50 5B 18 12 4F ...
T55E4 004:414.095   completely In flash
T55E4 004:414.153 - 0.247ms returns 0xBD0
T55E4 004:414.742 JLINK_WriteMem(0x20237EE0, 0xBE0 Bytes, ...)
T55E4 004:414.817   Data:  82 82 83 86 00 86 83 82 82 82 05 82 82 82 82 88 ...
T55E4 004:414.906   completely In flash
T55E4 004:414.956 - 0.214ms returns 0xBE0
T55E4 004:415.637 JLINK_WriteMem(0x20238AC0, 0xBE0 Bytes, ...)
T55E4 004:415.721   Data:  15 82 0F 82 90 91 00 82 0F 82 82 82 04 83 09 83 ...
T55E4 004:415.799   completely In flash
T55E4 004:415.874 - 0.237ms returns 0xBE0
T55E4 004:416.520 JLINK_WriteMem(0x202396A0, 0xBE0 Bytes, ...)
T55E4 004:416.608   Data:  83 03 83 85 83 85 85 83 86 83 85 87 83 09 82 82 ...
T55E4 004:416.714   completely In flash
T55E4 004:416.801 - 0.281ms returns 0xBE0
T55E4 004:417.513 JLINK_WriteMem(0x2023A280, 0xBE0 Bytes, ...)
T55E4 004:417.612   Data:  01 83 01 87 02 87 13 84 86 13 87 02 84 89 15 87 ...
T55E4 004:417.714   completely In flash
T55E4 004:417.813 - 0.299ms returns 0xBE0
T55E4 004:418.461 JLINK_WriteMem(0x2023AE60, 0xBE0 Bytes, ...)
T55E4 004:418.532   Data:  83 01 83 87 01 85 83 03 83 01 88 01 87 01 83 01 ...
T55E4 004:418.594   completely In flash
T55E4 004:418.654 - 0.193ms returns 0xBE0
T55E4 004:419.360 JLINK_WriteMem(0x2023BA40, 0xBD0 Bytes, ...)
T55E4 004:419.427   Data:  5B 18 12 19 5B 18 12 18 5B 18 12 18 5B 18 12 17 ...
T55E4 004:419.493   completely In flash
T55E4 004:419.553 - 0.193ms returns 0xBD0
T55E4 004:420.193 JLINK_WriteMem(0x2023C610, 0xBD0 Bytes, ...)
T55E4 004:420.247   Data:  EC E7 E6 E0 E7 E0 DF D6 D6 C8 C6 B6 CF BE BD AB ...
T55E4 004:420.309   completely In flash
T55E4 004:420.369 - 0.177ms returns 0xBD0
T55E4 004:420.998 JLINK_WriteMem(0x2023D1E0, 0xBD0 Bytes, ...)
T55E4 004:421.060   Data:  5B 18 12 44 5B 18 12 48 5B 18 12 4D 5B 18 12 52 ...
T55E4 004:421.133   completely In flash
T55E4 004:421.202 - 0.204ms returns 0xBD0
T55E4 004:421.867 JLINK_WriteMem(0x2023DDB0, 0xBD0 Bytes, ...)
T55E4 004:421.926   Data:  5B 18 12 01 5B 18 12 00 00 00 00 00 00 00 00 00 ...
T55E4 004:421.986   completely In flash
T55E4 004:422.048 - 0.180ms returns 0xBD0
T55E4 004:422.593 JLINK_WriteMem(0x2023E980, 0xBE0 Bytes, ...)
T55E4 004:422.644   Data:  AE 7E 5B FF A3 6C 45 FF 9F 66 3E FF 9E 66 3E FF ...
T55E4 004:422.704   completely In flash
T55E4 004:422.765 - 0.171ms returns 0xBE0
T55E4 004:423.338 JLINK_WriteMem(0x2023F560, 0xBE0 Bytes, ...)
T55E4 004:423.398   Data:  9B 62 40 FF 9A 62 40 FF 9A 61 40 FF 9A 61 40 FF ...
T55E4 004:423.465   completely In flash
T55E4 004:423.531 - 0.194ms returns 0xBE0
T55E4 004:425.305 JLINK_WriteMem(0x20240140, 0xBE0 Bytes, ...)
T55E4 004:425.390   Data:  9B 61 39 FF 9B 61 3A FF 9B 62 3A FF 9B 62 3A FF ...
T55E4 004:425.453   completely In flash
T55E4 004:425.513 - 0.208ms returns 0xBE0
T55E4 004:426.226 JLINK_WriteMem(0x20240D20, 0xBE0 Bytes, ...)
T55E4 004:426.301   Data:  5B 18 12 02 5B 18 12 03 5B 18 12 04 5B 18 12 05 ...
T55E4 004:426.363   completely In flash
T55E4 004:426.421 - 0.195ms returns 0xBE0
T55E4 004:426.973 JLINK_WriteMem(0x20241900, 0xBE0 Bytes, ...)
T55E4 004:427.022   Data:  98 5D 36 FF 98 5C 36 FF 98 5C 36 FF 98 5C 37 FF ...
T55E4 004:427.082   completely In flash
T55E4 004:427.140 - 0.167ms returns 0xBE0
T55E4 004:427.931 JLINK_WriteMem(0x202424E0, 0xBE0 Bytes, ...)
T55E4 004:428.065   Data:  93 58 38 FF 93 58 38 FF 92 58 38 FF 92 58 38 FF ...
T55E4 004:428.173   completely In flash
T55E4 004:428.278 - 0.348ms returns 0xBE0
T55E4 004:428.993 JLINK_WriteMem(0x202430C0, 0xBE0 Bytes, ...)
T55E4 004:429.085   Data:  8D 54 3B FF 8D 53 3B FF 8D 54 3C FF 8D 53 3C FF ...
T55E4 004:429.193   completely In flash
T55E4 004:429.297 - 0.304ms returns 0xBE0
T55E4 004:430.203 JLINK_WriteMem(0x20243CA0, 0xBD0 Bytes, ...)
T55E4 004:430.359   Data:  8B 51 3A FF 8A 51 3A FF 9D 6E 5B FF A9 7F 6E FF ...
T55E4 004:430.441   completely In flash
T55E4 004:430.506 - 0.303ms returns 0xBD0
T55E4 004:431.229 JLINK_WriteMem(0x20244870, 0xBA0 Bytes, ...)
T55E4 004:431.296   Data:  8A 50 36 FF 8A 50 37 FF 8A 4F 37 FF 8A 4E 37 FF ...
T55E4 004:431.365   completely In flash
T55E4 004:431.429 - 0.200ms returns 0xBA0
T55E4 004:432.086 JLINK_WriteMem(0x20245410, 0xBB0 Bytes, ...)
T55E4 004:432.147   Data:  8F 51 2E FF 8F 51 2E FF 8F 52 2E FF 8F 52 2E FF ...
T55E4 004:432.205   completely In flash
T55E4 004:432.249 - 0.163ms returns 0xBB0
T55E4 004:432.911 JLINK_WriteMem(0x20245FC0, 0xB90 Bytes, ...)
T55E4 004:432.981   Data:  5B 18 12 0C 5B 18 12 09 5B 18 12 06 5B 18 12 04 ...
T55E4 004:433.054   completely In flash
T55E4 004:433.126 - 0.215ms returns 0xB90
T55E4 004:433.830 JLINK_WriteMem(0x20246B50, 0xBB0 Bytes, ...)
T55E4 004:433.913   Data:  8A 4C 2D FF 89 4B 2D FF 8A 4B 2D FF 8A 4C 2E FF ...
T55E4 004:433.986   completely In flash
T55E4 004:434.045 - 0.215ms returns 0xBB0
T55E4 004:434.757 JLINK_WriteMem(0x20247700, 0xBB0 Bytes, ...)
T55E4 004:434.833   Data:  FE FE FE FF FD FD FD FF FE FE FE FF FE FE FE FF ...
T55E4 004:434.929   completely In flash
T55E4 004:434.998 - 0.241ms returns 0xBB0
T55E4 004:435.693 JLINK_WriteMem(0x202482B0, 0xBB0 Bytes, ...)
T55E4 004:435.795   Data:  89 4A 27 FF 89 4A 27 FF 89 49 28 FF 88 48 28 FF ...
T55E4 004:435.906   completely In flash
T55E4 004:436.015 - 0.323ms returns 0xBB0
T55E4 004:436.823 JLINK_WriteMem(0x20248E60, 0xBA0 Bytes, ...)
T55E4 004:436.926   Data:  84 72 73 FF 77 57 55 9D 5B 18 12 4F 5B 18 12 45 ...
T55E4 004:437.037   completely In flash
T55E4 004:437.143 - 0.320ms returns 0xBA0
T55E4 004:438.008 JLINK_WriteMem(0x20249A00, 0xB90 Bytes, ...)
T55E4 004:438.112   Data:  8E 4D 25 FF 8D 4D 25 FF 8D 4C 25 FF 8D 4C 25 FF ...
T55E4 004:438.224   completely In flash
T55E4 004:438.330 - 0.323ms returns 0xB90
T55E4 004:439.131 JLINK_WriteMem(0x2024A590, 0xBA0 Bytes, ...)
T55E4 004:439.233   Data:  7F 40 27 FF 7F 40 27 FF 7F 40 28 FF 7F 40 28 FF ...
T55E4 004:439.341   completely In flash
T55E4 004:439.449 - 0.318ms returns 0xBA0
T55E4 004:440.376 JLINK_WriteMem(0x2024B130, 0xBC0 Bytes, ...)
T55E4 004:440.491   Data:  8E 4D 25 FF 8E 4D 25 FF 8D 4D 25 FF 8D 4C 25 FF ...
T55E4 004:440.603   completely In flash
T55E4 004:440.713 - 0.338ms returns 0xBC0
T55E4 004:441.749 JLINK_WriteMem(0x2024BCF0, 0xBC0 Bytes, ...)
T55E4 004:441.831   Data:  78 39 27 FF 79 3A 27 FF 78 39 27 FF 78 39 28 FF ...
T55E4 004:441.973   completely In flash
T55E4 004:442.053 - 0.304ms returns 0xBC0
T55E4 004:442.861 JLINK_WriteMem(0x2024C8B0, 0xBC0 Bytes, ...)
T55E4 004:442.928   Data:  80 41 25 FF 81 40 25 FF 81 40 25 FF 80 41 25 FF ...
T55E4 004:442.991   completely In flash
T55E4 004:443.055 - 0.195ms returns 0xBC0
T55E4 004:443.760 JLINK_WriteMem(0x2024D470, 0xBC0 Bytes, ...)
T55E4 004:443.830   Data:  8C 4C 25 FF 8C 4C 25 FF 8C 4B 25 FF 8B 4B 25 FF ...
T55E4 004:443.897   completely In flash
T55E4 004:443.963 - 0.203ms returns 0xBC0
T55E4 004:444.678 JLINK_WriteMem(0x2024E030, 0xBC0 Bytes, ...)
T55E4 004:444.749   Data:  5D 41 43 FF 5D 41 42 FF 5C 40 42 FF 5C 40 41 FF ...
T55E4 004:444.809   completely In flash
T55E4 004:444.870 - 0.192ms returns 0xBC0
T55E4 004:445.615 JLINK_WriteMem(0x2024EBF0, 0xBC0 Bytes, ...)
T55E4 004:445.678   Data:  8C 4C 25 FF 8C 4C 25 FF 8C 4B 25 FF 8B 4B 25 FF ...
T55E4 004:445.745   completely In flash
T55E4 004:445.807 - 0.192ms returns 0xBC0
T55E4 004:446.463 JLINK_WriteMem(0x2024F7B0, 0xBC0 Bytes, ...)
T55E4 004:446.531   Data:  85 45 25 FF 84 45 25 FF 84 45 25 FF 85 45 25 FF ...
T55E4 004:446.594   completely In flash
T55E4 004:446.660 - 0.197ms returns 0xBC0
T55E4 004:447.621 JLINK_WriteMem(0x20250370, 0xBD0 Bytes, ...)
T55E4 004:447.726   Data:  7F 3F 25 FF 7F 3F 25 FF 7E 3F 25 FF 7E 3F 25 FF ...
T55E4 004:447.823   completely In flash
T55E4 004:447.889 - 0.268ms returns 0xBD0
T55E4 004:448.739 JLINK_WriteMem(0x20250F40, 0xBC0 Bytes, ...)
T55E4 004:448.821   Data:  72 33 25 FF 72 33 25 FF 72 32 25 FF 72 32 25 FF ...
T55E4 004:448.898   completely In flash
T55E4 004:448.972 - 0.233ms returns 0xBC0
T55E4 004:449.703 JLINK_WriteMem(0x20251B00, 0xBC0 Bytes, ...)
T55E4 004:449.782   Data:  70 31 25 FF 70 30 25 FF 6F 30 25 FF 6F 2F 25 FF ...
T55E4 004:449.843   completely In flash
T55E4 004:449.906 - 0.203ms returns 0xBC0
T55E4 004:451.611 JLINK_WriteMem(0x202526C0, 0xBC0 Bytes, ...)
T55E4 004:451.692   Data:  AF 7C 6E FF EA E9 E9 FF EB EA EA FF EB EA EA FF ...
T55E4 004:451.760   completely In flash
T55E4 004:451.821 - 0.210ms returns 0xBC0
T55E4 004:452.390 JLINK_WriteMem(0x20253280, 0xBC0 Bytes, ...)
T55E4 004:452.452   Data:  00 00 00 00 00 00 00 00 00 00 00 00 5B 18 12 01 ...
T55E4 004:452.500   completely In flash
T55E4 004:452.546 - 0.156ms returns 0xBC0
T55E4 004:453.236 JLINK_WriteMem(0x20253E40, 0xBC0 Bytes, ...)
T55E4 004:453.305   Data:  5B 18 12 3E 5B 18 12 48 5B 18 12 54 AE 9B 9C E0 ...
T55E4 004:453.385   completely In flash
T55E4 004:453.447 - 0.211ms returns 0xBC0
T55E4 004:454.235 JLINK_WriteMem(0x20254A00, 0xBC0 Bytes, ...)
T55E4 004:454.315   Data:  7E 3F 25 FF 7E 3E 25 FF 7D 3E 25 FF 7D 3E 25 FF ...
T55E4 004:454.377   completely In flash
T55E4 004:454.435 - 0.200ms returns 0xBC0
T55E4 004:455.235 JLINK_WriteMem(0x202555C0, 0xBB0 Bytes, ...)
T55E4 004:455.299   Data:  6B 2B 26 FF 6B 2B 26 FF 6A 2B 26 FF 6A 2A 26 FF ...
T55E4 004:455.366   completely In flash
T55E4 004:455.429 - 0.194ms returns 0xBB0
T55E4 004:456.106 JLINK_WriteMem(0x20256170, 0xBB0 Bytes, ...)
T55E4 004:456.171   Data:  7F 3F 25 FF 7E 3F 25 FF 7E 3F 25 FF 7E 3E 25 FF ...
T55E4 004:456.232   completely In flash
T55E4 004:456.289 - 0.183ms returns 0xBB0
T55E4 004:456.914 JLINK_WriteMem(0x20256D20, 0xBB0 Bytes, ...)
T55E4 004:456.975   Data:  69 2A 26 FF 69 29 26 FF 69 29 26 FF 68 29 26 FF ...
T55E4 004:457.035   completely In flash
T55E4 004:457.092 - 0.178ms returns 0xBB0
T55E4 004:457.763 JLINK_WriteMem(0x202578D0, 0xBB0 Bytes, ...)
T55E4 004:457.821   Data:  78 38 25 FF 78 38 25 FF 78 39 25 FF 78 38 25 FF ...
T55E4 004:457.892   completely In flash
T55E4 004:457.949 - 0.186ms returns 0xBB0
T55E4 004:458.615 JLINK_WriteMem(0x20258480, 0xBC0 Bytes, ...)
T55E4 004:458.690   Data:  78 38 25 FF 77 38 25 FF 77 37 25 FF 76 36 25 FF ...
T55E4 004:458.763   completely In flash
T55E4 004:458.823 - 0.208ms returns 0xBC0
T55E4 004:459.481 JLINK_WriteMem(0x20259040, 0xBD0 Bytes, ...)
T55E4 004:459.549   Data:  72 32 25 FF 72 32 25 FF 71 32 25 FF 71 31 25 FF ...
T55E4 004:459.610   completely In flash
T55E4 004:459.669 - 0.188ms returns 0xBD0
T55E4 004:460.291 JLINK_WriteMem(0x20259C10, 0xBD0 Bytes, ...)
T55E4 004:460.347   Data:  6B 2B 26 FF 6B 2B 26 FF 6A 2B 26 FF 6A 2A 26 FF ...
T55E4 004:460.411   completely In flash
T55E4 004:460.469 - 0.178ms returns 0xBD0
T55E4 004:461.100 JLINK_WriteMem(0x2025A7E0, 0xBC0 Bytes, ...)
T55E4 004:461.157   Data:  5B 18 12 0A 5B 18 12 07 5B 18 12 05 5B 18 12 04 ...
T55E4 004:461.229   completely In flash
T55E4 004:461.290 - 0.190ms returns 0xBC0
T55E4 004:461.959 JLINK_WriteMem(0x2025B3A0, 0xBC0 Bytes, ...)
T55E4 004:462.018   Data:  71 32 25 FF 71 31 25 FF 70 30 25 FF 70 30 25 FF ...
T55E4 004:462.081   completely In flash
T55E4 004:462.139 - 0.181ms returns 0xBC0
T55E4 004:462.781 JLINK_WriteMem(0x2025BF60, 0xBC0 Bytes, ...)
T55E4 004:462.841   Data:  5B 18 12 04 5B 18 12 03 5B 18 12 02 5B 18 12 01 ...
T55E4 004:462.906   completely In flash
T55E4 004:462.965 - 0.184ms returns 0xBC0
T55E4 004:463.729 JLINK_WriteMem(0x2025CB20, 0xBC0 Bytes, ...)
T55E4 004:463.880   Data:  6C 2C 26 FF 6C 2C 26 FF 6B 2C 26 FF 6B 2B 26 FF ...
T55E4 004:464.027   completely In flash
T55E4 004:464.084 - 0.384ms returns 0xBC0
T55E4 004:464.895 JLINK_WriteMem(0x2025D6E0, 0xBC0 Bytes, ...)
T55E4 004:464.983   Data:  5B 18 12 03 5B 18 12 04 5B 18 12 05 5B 18 12 07 ...
T55E4 004:465.055   completely In flash
T55E4 004:465.123 - 0.228ms returns 0xBC0
T55E4 004:465.843 JLINK_WriteMem(0x2025E2A0, 0xBC0 Bytes, ...)
T55E4 004:465.911   Data:  89 4B 44 FF 9E 61 51 FF BD B2 AE FF C2 C2 C2 FF ...
T55E4 004:465.965   completely In flash
T55E4 004:466.029 - 0.186ms returns 0xBC0
T55E4 004:466.707 JLINK_WriteMem(0x2025EE60, 0xBC0 Bytes, ...)
T55E4 004:466.774   Data:  66 26 26 FF 65 26 26 FF 64 25 26 FF 63 24 26 FF ...
T55E4 004:466.846   completely In flash
T55E4 004:466.905 - 0.199ms returns 0xBC0
T55E4 004:467.823 JLINK_WriteMem(0x2025FA20, 0xBD0 Bytes, ...)
T55E4 004:467.903   Data:  8F 58 51 FF 93 65 62 FF 99 6E 6B FF 99 6D 6B FF ...
T55E4 004:467.974   completely In flash
T55E4 004:468.036 - 0.213ms returns 0xBD0
T55E4 004:468.964 JLINK_WriteMem(0x202605F0, 0xBD0 Bytes, ...)
T55E4 004:469.028   Data:  5B 18 12 2B 5B 18 12 27 5B 18 12 22 5B 18 12 1E ...
T55E4 004:469.097   completely In flash
T55E4 004:469.159 - 0.196ms returns 0xBD0
T55E4 004:470.005 JLINK_WriteMem(0x202611C0, 0xBD0 Bytes, ...)
T55E4 004:470.080   Data:  5B 18 12 31 5B 18 12 34 5B 18 12 37 5B 18 12 3B ...
T55E4 004:470.162   completely In flash
T55E4 004:470.225 - 0.221ms returns 0xBD0
T55E4 004:470.825 JLINK_WriteMem(0x20261D90, 0xBE0 Bytes, ...)
T55E4 004:470.887   Data:  5B 18 12 15 5B 18 12 14 5B 18 12 12 5B 18 12 11 ...
T55E4 004:470.959   completely In flash
T55E4 004:471.024 - 0.200ms returns 0xBE0
T55E4 004:471.611 JLINK_WriteMem(0x20262970, 0xBE0 Bytes, ...)
T55E4 004:471.668   Data:  01 82 01 82 01 82 01 82 01 82 01 82 06 82 01 82 ...
T55E4 004:471.743   completely In flash
T55E4 004:471.807 - 0.196ms returns 0xBE0
T55E4 004:472.417 JLINK_WriteMem(0x20263550, 0xBE0 Bytes, ...)
T55E4 004:472.495   Data:  84 85 85 85 85 84 85 85 8A 83 03 86 8B 87 99 1E ...
T55E4 004:472.567   completely In flash
T55E4 004:472.633 - 0.217ms returns 0xBE0
T55E4 004:473.243 JLINK_WriteMem(0x20264130, 0xBE0 Bytes, ...)
T55E4 004:473.311   Data:  84 82 84 84 82 03 82 01 84 00 83 82 01 84 00 83 ...
T55E4 004:473.362   completely In flash
T55E4 004:473.419 - 0.177ms returns 0xBE0
T55E4 004:474.042 JLINK_WriteMem(0x20264D10, 0xBE0 Bytes, ...)
T55E4 004:474.113   Data:  01 84 82 84 84 01 84 84 82 84 84 82 03 82 01 84 ...
T55E4 004:474.185   completely In flash
T55E4 004:474.289 - 0.247ms returns 0xBE0
T55E4 004:475.019 JLINK_WriteMem(0x202658F0, 0xBE0 Bytes, ...)
T55E4 004:475.104   Data:  82 01 84 00 83 82 01 84 03 82 85 8B 84 85 85 85 ...
T55E4 004:475.183   completely In flash
T55E4 004:475.260 - 0.241ms returns 0xBE0
T55E4 004:475.865 JLINK_WriteMem(0x202664D0, 0xBE0 Bytes, ...)
T55E4 004:475.936   Data:  01 82 0B 82 0B 82 01 82 02 83 02 82 01 82 01 82 ...
T55E4 004:476.017   completely In flash
T55E4 004:476.120 - 0.255ms returns 0xBE0
T55E4 004:477.675 JLINK_WriteMem(0x202670B0, 0xBE0 Bytes, ...)
T55E4 004:477.749   Data:  01 82 01 82 0B 82 01 82 0B 82 0B 82 01 82 02 83 ...
T55E4 004:477.813   completely In flash
T55E4 004:477.877 - 0.201ms returns 0xBE0
T55E4 004:478.479 JLINK_WriteMem(0x20267C90, 0xBE0 Bytes, ...)
T55E4 004:478.533   Data:  84 85 85 85 85 8A 85 8A 85 8B 84 8B 8B 84 8B 85 ...
T55E4 004:478.604   completely In flash
T55E4 004:478.667 - 0.188ms returns 0xBE0
T55E4 004:479.359 JLINK_WriteMem(0x20268870, 0xBE0 Bytes, ...)
T55E4 004:479.448   Data:  85 8A 85 8A 85 8B 8A 85 8B 1E 82 06 82 06 82 06 ...
T55E4 004:479.516   completely In flash
T55E4 004:479.578 - 0.220ms returns 0xBE0
T55E4 004:480.199 JLINK_WriteMem(0x20269450, 0xBE0 Bytes, ...)
T55E4 004:480.352   Data:  84 8B 8A 85 8B 84 8B 85 8A 85 85 85 84 85 85 85 ...
T55E4 004:480.413   completely In flash
T55E4 004:480.536 - 0.337ms returns 0xBE0
T55E4 004:481.753 JLINK_WriteMem(0x2026A030, 0xBE0 Bytes, ...)
T55E4 004:481.839   Data:  8B 85 8A 85 8A 8B 85 8A 85 85 85 84 85 85 85 8A ...
T55E4 004:481.907   completely In flash
T55E4 004:481.972 - 0.219ms returns 0xBE0
T55E4 004:482.554 JLINK_WriteMem(0x2026AC10, 0xBE0 Bytes, ...)
T55E4 004:482.607   Data:  8B 85 86 00 89 8B 85 8A 85 8A 85 8B 85 84 85 85 ...
T55E4 004:482.681   completely In flash
T55E4 004:482.743 - 0.188ms returns 0xBE0
T55E4 004:483.321 JLINK_WriteMem(0x2026B7F0, 0xBE0 Bytes, ...)
T55E4 004:483.373   Data:  84 85 85 85 8A 85 8A 85 8B 85 8A 8B 84 8B 85 84 ...
T55E4 004:483.434   completely In flash
T55E4 004:483.505 - 0.185ms returns 0xBE0
T55E4 004:484.133 JLINK_WriteMem(0x2026C3D0, 0xBE0 Bytes, ...)
T55E4 004:484.206   Data:  8A 85 85 85 84 85 85 85 84 85 85 85 84 8B 85 8A ...
T55E4 004:484.273   completely In flash
T55E4 004:484.337 - 0.203ms returns 0xBE0
T55E4 004:485.127 JLINK_WriteMem(0x2026CFB0, 0xBE0 Bytes, ...)
T55E4 004:485.182   Data:  0B 82 0B 82 00 95 84 01 8A 84 8B 85 8A 85 8B 8A ...
T55E4 004:485.251   completely In flash
T55E4 004:485.310 - 0.183ms returns 0xBE0
T55E4 004:486.092 JLINK_WriteMem(0x2026DB90, 0xBE0 Bytes, ...)
T55E4 004:486.150   Data:  01 82 01 82 01 82 01 82 01 82 01 82 01 82 01 82 ...
T55E4 004:486.217   completely In flash
T55E4 004:486.281 - 0.188ms returns 0xBE0
T55E4 004:487.088 JLINK_WriteMem(0x2026E770, 0xBE0 Bytes, ...)
T55E4 004:487.167   Data:  01 82 01 82 01 82 01 82 01 82 01 82 01 82 01 82 ...
T55E4 004:487.241   completely In flash
T55E4 004:487.303 - 0.216ms returns 0xBE0
T55E4 004:488.221 JLINK_WriteMem(0x2026F350, 0xBD0 Bytes, ...)
T55E4 004:488.282   Data:  01 82 01 82 01 82 01 82 01 82 01 82 01 82 01 82 ...
T55E4 004:488.343   completely In flash
T55E4 004:488.403 - 0.182ms returns 0xBD0
T55E4 004:489.183 JLINK_WriteMem(0x2026FF20, 0xBC0 Bytes, ...)
T55E4 004:489.247   Data:  EE A5 05 FF EE A6 05 FF EE A6 04 FF EE A6 04 FF ...
T55E4 004:489.304   completely In flash
T55E4 004:489.354 - 0.171ms returns 0xBC0
T55E4 004:489.921 JLINK_WriteMem(0x20270AE0, 0xBC0 Bytes, ...)
T55E4 004:489.973   Data:  ED 45 44 FF ED 46 43 FF ED 46 43 FF ED 47 43 FF ...
T55E4 004:490.025   completely In flash
T55E4 004:490.073 - 0.153ms returns 0xBC0
T55E4 004:490.525 JLINK_WriteMem(0x202716A0, 0xBC0 Bytes, ...)
T55E4 004:490.567   Data:  EE 92 12 FF EE 93 12 FF EE 93 11 FF EE 94 11 FF ...
T55E4 004:490.613   completely In flash
T55E4 004:490.655 - 0.129ms returns 0xBC0
T55E4 004:491.107 JLINK_WriteMem(0x20272260, 0xBC0 Bytes, ...)
T55E4 004:491.153   Data:  ED 32 51 FF ED 33 50 FF ED 34 4F FF ED 34 4F FF ...
T55E4 004:491.202   completely In flash
T55E4 004:491.250 - 0.143ms returns 0xBC0
T55E4 004:491.889 JLINK_WriteMem(0x20272E20, 0xBC0 Bytes, ...)
T55E4 004:491.967   Data:  EE 7C 20 FF EE 7D 20 FF EE 7D 1F FF EE 7D 1F FF ...
T55E4 004:492.039   completely In flash
T55E4 004:492.103 - 0.213ms returns 0xBC0
T55E4 004:493.143 JLINK_WriteMem(0x202739E0, 0xBC0 Bytes, ...)
T55E4 004:493.222   Data:  ED 1A 60 FF ED 1A 60 FF ED 1B 60 FF ED 1B 5F FF ...
T55E4 004:493.295   completely In flash
T55E4 004:493.357 - 0.215ms returns 0xBC0
T55E4 004:494.045 JLINK_WriteMem(0x202745A0, 0xBC0 Bytes, ...)
T55E4 004:494.106   Data:  EE 69 2C FF EE 69 2C FF EE 6A 2C FF EE 6B 2B FF ...
T55E4 004:494.213   completely In flash
T55E4 004:494.272 - 0.228ms returns 0xBC0
T55E4 004:495.059 JLINK_WriteMem(0x20275160, 0xBC0 Bytes, ...)
T55E4 004:495.149   Data:  ED 06 6D FF ED 06 6D FF ED 07 6C FF ED 07 6C FF ...
T55E4 004:495.217   completely In flash
T55E4 004:495.283 - 0.224ms returns 0xBC0
T55E4 004:496.008 JLINK_WriteMem(0x20275D20, 0xBB0 Bytes, ...)
T55E4 004:496.073   Data:  ED 4E 3E FF ED 4F 3E FF ED 50 3D FF ED 50 3D FF ...
T55E4 004:497.307   completely In flash
T55E4 004:497.419 - 1.410ms returns 0xBB0
T55E4 004:498.094 JLINK_WriteMem(0x202768D0, 0xBA0 Bytes, ...)
T55E4 004:498.160   Data:  EE 91 13 FF EE 91 12 FF EE 91 12 FF EE 92 12 FF ...
T55E4 004:498.225   completely In flash
T55E4 004:498.288 - 0.194ms returns 0xBA0
T55E4 004:498.934 JLINK_WriteMem(0x20277470, 0xB90 Bytes, ...)
T55E4 004:499.017   Data:  ED 1E 5E FF ED 1F 5D FF ED 20 5C FF ED 20 5C FF ...
T55E4 004:499.082   completely In flash
T55E4 004:499.144 - 0.209ms returns 0xB90
T55E4 004:499.926 JLINK_WriteMem(0x20278000, 0xB90 Bytes, ...)
T55E4 004:500.000   Data:  EE 60 32 FF EE 61 32 FF EE 61 32 FF EE 61 31 FF ...
T55E4 004:500.062   completely In flash
T55E4 004:500.123 - 0.197ms returns 0xB90
T55E4 004:501.179 JLINK_WriteMem(0x20278B90, 0xB80 Bytes, ...)
T55E4 004:501.248   Data:  EE A1 08 FF C0 84 0F FF 7B 58 19 FF 36 2C 23 FF ...
T55E4 004:501.307   completely In flash
T55E4 004:501.363 - 0.184ms returns 0xB80
T55E4 004:501.971 JLINK_WriteMem(0x20279710, 0xB90 Bytes, ...)
T55E4 004:502.043   Data:  ED 36 4E FF ED 37 4D FF ED 38 4D FF ED 38 4D FF ...
T55E4 004:502.103   completely In flash
T55E4 004:502.161 - 0.191ms returns 0xB90
T55E4 004:502.604 JLINK_WriteMem(0x2027A2A0, 0xB80 Bytes, ...)
T55E4 004:502.656   Data:  EE 7A 21 FF EE 7B 21 FF EE 7B 21 FF EE 7C 21 FF ...
T55E4 004:502.700   completely In flash
T55E4 004:502.744 - 0.140ms returns 0xB80
T55E4 004:505.038 JLINK_WriteMem(0x2027AE20, 0xB90 Bytes, ...)
T55E4 004:505.123   Data:  ED 10 67 FF ED 11 66 FF ED 11 66 FF ED 12 66 FF ...
T55E4 004:505.189   completely In flash
T55E4 004:505.253 - 0.215ms returns 0xB90
T55E4 004:506.004 JLINK_WriteMem(0x2027B9B0, 0xB80 Bytes, ...)
T55E4 004:506.092   Data:  EE 5A 36 FF EE 5B 36 FF EE 5B 35 FF EE 5B 35 FF ...
T55E4 004:506.161   completely In flash
T55E4 004:506.223 - 0.219ms returns 0xB80
T55E4 004:507.173 JLINK_WriteMem(0x2027C530, 0xB70 Bytes, ...)
T55E4 004:507.297   Data:  EE 9E 0A FF E3 97 0C FF 73 52 1B FF 3B 2F 23 FF ...
T55E4 004:507.409   completely In flash
T55E4 004:507.519 - 0.347ms returns 0xB70
T55E4 004:508.339 JLINK_WriteMem(0x2027D0A0, 0xB80 Bytes, ...)
T55E4 004:508.437   Data:  ED 35 4F FF ED 36 4E FF ED 36 4E FF ED 37 4D FF ...
T55E4 004:508.502   completely In flash
T55E4 004:508.564 - 0.225ms returns 0xB80
T55E4 004:509.331 JLINK_WriteMem(0x2027DC20, 0xB70 Bytes, ...)
T55E4 004:509.412   Data:  EE 78 23 FF EE 78 22 FF EE 78 22 FF EE 79 22 FF ...
T55E4 004:509.478   completely In flash
T55E4 004:509.539 - 0.209ms returns 0xB70
T55E4 004:510.384 JLINK_WriteMem(0x2027E790, 0xB80 Bytes, ...)
T55E4 004:510.439   Data:  ED 0B 6A FF ED 0C 69 FF ED 0C 69 FF ED 0D 69 FF ...
T55E4 004:510.503   completely In flash
T55E4 004:510.564 - 0.179ms returns 0xB80
T55E4 004:511.522 JLINK_WriteMem(0x2027F310, 0xB80 Bytes, ...)
T55E4 004:511.619   Data:  ED 52 3B FF ED 52 3B FF ED 53 3B FF ED 54 3A FF ...
T55E4 004:511.707   completely In flash
T55E4 004:511.790 - 0.268ms returns 0xB80
T55E4 004:512.468 JLINK_WriteMem(0x2027FE90, 0xB70 Bytes, ...)
T55E4 004:512.519   Data:  EE 9A 0C FF EE 9B 0C FF EE 9B 0B FF EE 9B 0B FF ...
T55E4 004:512.583   completely In flash
T55E4 004:512.642 - 0.174ms returns 0xB70
T55E4 004:513.323 JLINK_WriteMem(0x20280A00, 0xB80 Bytes, ...)
T55E4 004:513.403   Data:  ED 37 4D FF ED 38 4D FF ED 38 4D FF ED 39 4C FF ...
T55E4 004:513.466   completely In flash
T55E4 004:513.525 - 0.202ms returns 0xB80
T55E4 004:514.302 JLINK_WriteMem(0x20281580, 0xB70 Bytes, ...)
T55E4 004:514.361   Data:  EE 7D 20 FF EE 7D 1F FF EE 7D 1F FF EE 7E 1F FF ...
T55E4 004:514.405   completely In flash
T55E4 004:514.448 - 0.146ms returns 0xB70
T55E4 004:515.049 JLINK_WriteMem(0x202820F0, 0xB80 Bytes, ...)
T55E4 004:515.089   Data:  ED 1B 60 FF ED 1B 5F FF ED 1B 5F FF ED 1D 5E FF ...
T55E4 004:515.133   completely In flash
T55E4 004:515.189 - 0.140ms returns 0xB80
T55E4 004:515.937 JLINK_WriteMem(0x20282C70, 0xB60 Bytes, ...)
T55E4 004:516.016   Data:  EE 66 2F FF EE 67 2E FF EE 67 2D FF EE 67 2D FF ...
T55E4 004:516.099   completely In flash
T55E4 004:516.161 - 0.224ms returns 0xB60
T55E4 004:516.997 JLINK_WriteMem(0x202837D0, 0xB80 Bytes, ...)
T55E4 004:517.082   Data:  ED 01 71 FF ED 01 70 FF ED 01 70 FF ED 02 6F FF ...
T55E4 004:517.185   completely In flash
T55E4 004:517.281 - 0.284ms returns 0xB80
T55E4 004:517.893 JLINK_WriteMem(0x20284350, 0xB80 Bytes, ...)
T55E4 004:517.981   Data:  ED 4A 41 FF ED 4B 41 FF ED 4B 40 FF ED 4B 40 FF ...
T55E4 004:518.080   completely In flash
T55E4 004:518.177 - 0.285ms returns 0xB80
T55E4 004:518.861 JLINK_WriteMem(0x20284ED0, 0xB60 Bytes, ...)
T55E4 004:518.953   Data:  EE 96 10 FF EE 96 0F FF EE 97 0F FF EE 97 0E FF ...
T55E4 004:519.045   completely In flash
T55E4 004:519.136 - 0.275ms returns 0xB60
T55E4 004:519.698 JLINK_WriteMem(0x20285A30, 0xB80 Bytes, ...)
T55E4 004:519.765   Data:  ED 34 4F FF ED 34 4F FF ED 35 4F FF ED 36 4E FF ...
T55E4 004:519.814   completely In flash
T55E4 004:519.863 - 0.165ms returns 0xB80
T55E4 004:520.526 JLINK_WriteMem(0x202865B0, 0xB60 Bytes, ...)
T55E4 004:520.633   Data:  EE 7C 20 FF EE 7C 20 FF EE 7D 20 FF EE 7D 1F FF ...
T55E4 004:520.743   completely In flash
T55E4 004:520.852 - 0.326ms returns 0xB60
T55E4 004:521.482 JLINK_WriteMem(0x20287110, 0xB80 Bytes, ...)
T55E4 004:521.592   Data:  ED 18 61 FF ED 19 61 FF ED 1A 60 FF ED 1A 60 FF ...
T55E4 004:521.701   completely In flash
T55E4 004:521.805 - 0.324ms returns 0xB80
T55E4 004:522.428 JLINK_WriteMem(0x20287C90, 0xB60 Bytes, ...)
T55E4 004:522.530   Data:  EE 68 2D FF EE 69 2C FF EE 69 2C FF EE 6A 2C FF ...
T55E4 004:522.645   completely In flash
T55E4 004:522.754 - 0.326ms returns 0xB60
T55E4 004:523.741 JLINK_WriteMem(0x202887F0, 0xB80 Bytes, ...)
T55E4 004:523.808   Data:  ED 05 6E FF ED 05 6E FF ED 06 6E FF ED 06 6D FF ...
T55E4 004:523.856   completely In flash
T55E4 004:523.899 - 0.158ms returns 0xB80
T55E4 004:524.754 JLINK_WriteMem(0x20289370, 0xB60 Bytes, ...)
T55E4 004:524.850   Data:  ED 50 3D FF ED 51 3D FF ED 51 3C FF ED 52 3C FF ...
T55E4 004:524.965   completely In flash
T55E4 004:525.055 - 0.302ms returns 0xB60
T55E4 004:525.601 JLINK_WriteMem(0x20289ED0, 0xB60 Bytes, ...)
T55E4 004:525.654   Data:  40 33 23 FF 40 32 23 FF 3F 32 23 FF 3E 31 23 FF ...
T55E4 004:525.696   completely In flash
T55E4 004:525.738 - 0.138ms returns 0xB60
T55E4 004:526.333 JLINK_WriteMem(0x2028AA30, 0xB60 Bytes, ...)
T55E4 004:526.401   Data:  ED 49 42 FF ED 49 41 FF ED 49 41 FF ED 4A 41 FF ...
T55E4 004:526.459   completely In flash
T55E4 004:526.515 - 0.182ms returns 0xB60
T55E4 004:527.419 JLINK_WriteMem(0x2028B590, 0xB70 Bytes, ...)
T55E4 004:527.535   Data:  3A 2F 23 FF 39 2E 23 FF 38 2E 23 FF 37 2D 23 FF ...
T55E4 004:527.636   completely In flash
T55E4 004:527.736 - 0.318ms returns 0xB70
T55E4 004:528.515 JLINK_WriteMem(0x2028C100, 0xB50 Bytes, ...)
T55E4 004:528.619   Data:  EE 59 37 FF EE 5A 36 FF EE 5A 36 FF EE 5B 36 FF ...
T55E4 004:528.728   completely In flash
T55E4 004:528.826 - 0.311ms returns 0xB50
T55E4 004:529.719 JLINK_WriteMem(0x2028CC50, 0xB70 Bytes, ...)
T55E4 004:529.829   Data:  ED 12 65 FF ED 13 64 FF ED 13 64 FF ED 14 64 FF ...
T55E4 004:529.939   completely In flash
T55E4 004:530.046 - 0.327ms returns 0xB70
T55E4 004:531.961 JLINK_WriteMem(0x2028D7C0, 0xB50 Bytes, ...)
T55E4 004:532.043   Data:  EE 74 25 FF EE 75 25 FF EE 75 24 FF EE 75 24 FF ...
T55E4 004:532.101   completely In flash
T55E4 004:532.161 - 0.200ms returns 0xB50
T55E4 004:533.001 JLINK_WriteMem(0x2028E310, 0xB50 Bytes, ...)
T55E4 004:533.113   Data:  ED 3B 4A FF ED 3C 4A FF ED 3C 4A FF ED 3D 4A FF ...
T55E4 004:533.211   completely In flash
T55E4 004:533.307 - 0.306ms returns 0xB50
T55E4 004:534.019 JLINK_WriteMem(0x2028EE60, 0xB70 Bytes, ...)
T55E4 004:534.112   Data:  36 2C 23 FF 35 2C 23 FF ED 00 71 FF ED 01 71 FF ...
T55E4 004:534.209   completely In flash
T55E4 004:534.305 - 0.286ms returns 0xB70
T55E4 004:535.080 JLINK_WriteMem(0x2028F9D0, 0xB40 Bytes, ...)
T55E4 004:535.176   Data:  EE 69 2C FF EE 69 2C FF EE 6A 2C FF EE 6B 2B FF ...
T55E4 004:535.245   completely In flash
T55E4 004:535.311 - 0.232ms returns 0xB40
T55E4 004:536.099 JLINK_WriteMem(0x20290510, 0xB40 Bytes, ...)
T55E4 004:536.172   Data:  ED 39 4C FF ED 3A 4B FF ED 3A 4B FF ED 3B 4B FF ...
T55E4 004:536.241   completely In flash
T55E4 004:536.306 - 0.208ms returns 0xB40
T55E4 004:537.269 JLINK_WriteMem(0x20291050, 0xB40 Bytes, ...)
T55E4 004:537.365   Data:  ED 17 62 FF ED 18 61 FF ED 18 61 FF ED 19 61 FF ...
T55E4 004:537.434   completely In flash
T55E4 004:537.503 - 0.234ms returns 0xB40
T55E4 004:538.261 JLINK_WriteMem(0x20291B90, 0xB60 Bytes, ...)
T55E4 004:538.333   Data:  ED 01 70 FF ED 02 6F FF ED 02 6F FF ED 03 6F FF ...
T55E4 004:538.401   completely In flash
T55E4 004:538.467 - 0.207ms returns 0xB60
T55E4 004:539.238 JLINK_WriteMem(0x202926F0, 0xB50 Bytes, ...)
T55E4 004:539.321   Data:  4D 3A 23 FF 4C 3A 23 FF 4B 39 23 FF 4A 38 23 FF ...
T55E4 004:539.400   completely In flash
T55E4 004:539.468 - 0.230ms returns 0xB50
T55E4 004:540.181 JLINK_WriteMem(0x20293240, 0xB50 Bytes, ...)
T55E4 004:540.268   Data:  EE 6F 28 FF EE 70 28 FF EE 71 27 FF EE 71 27 FF ...
T55E4 004:540.340   completely In flash
T55E4 004:540.406 - 0.226ms returns 0xB50
T55E4 004:541.233 JLINK_WriteMem(0x20293D90, 0xB40 Bytes, ...)
T55E4 004:541.336   Data:  EE 60 32 FF EE 61 32 FF EE 61 32 FF EE 61 31 FF ...
T55E4 004:541.433   completely In flash
T55E4 004:541.517 - 0.284ms returns 0xB40
T55E4 004:542.362 JLINK_WriteMem(0x202948D0, 0xB40 Bytes, ...)
T55E4 004:542.429   Data:  ED 51 3D FF ED 51 3C FF ED 52 3C FF ED 52 3B FF ...
T55E4 004:542.484   completely In flash
T55E4 004:542.532 - 0.170ms returns 0xB40
T55E4 004:543.129 JLINK_WriteMem(0x20295410, 0xB30 Bytes, ...)
T55E4 004:543.220   Data:  ED 45 45 FF ED 45 44 FF ED 45 44 FF ED 46 43 FF ...
T55E4 004:543.285   completely In flash
T55E4 004:543.343 - 0.214ms returns 0xB30
T55E4 004:544.034 JLINK_WriteMem(0x20295F40, 0xB30 Bytes, ...)
T55E4 004:544.128   Data:  ED 45 45 FF ED 45 44 FF ED 45 44 FF ED 46 43 FF ...
T55E4 004:544.210   completely In flash
T55E4 004:544.284 - 0.250ms returns 0xB30
T55E4 004:544.981 JLINK_WriteMem(0x20296A70, 0xB10 Bytes, ...)
T55E4 004:545.048   Data:  EE 5B 35 FF EE 5C 35 FF EE 5D 34 FF EE 5D 34 FF ...
T55E4 004:545.144   completely In flash
T55E4 004:545.232 - 0.251ms returns 0xB10
T55E4 004:546.012 JLINK_WriteMem(0x20297580, 0xB20 Bytes, ...)
T55E4 004:546.097   Data:  4B 39 23 FF 4A 38 23 FF 49 38 23 FF 48 37 23 FF ...
T55E4 004:546.200   completely In flash
T55E4 004:546.297 - 0.285ms returns 0xB20
T55E4 004:547.269 JLINK_WriteMem(0x202980A0, 0xB30 Bytes, ...)
T55E4 004:547.393   Data:  ED 12 65 FF ED 12 65 FF ED 13 64 FF ED 13 64 FF ...
T55E4 004:547.461   completely In flash
T55E4 004:547.523 - 0.255ms returns 0xB30
T55E4 004:548.204 JLINK_WriteMem(0x20298BD0, 0xB20 Bytes, ...)
T55E4 004:548.287   Data:  ED 3B 4B FF ED 3B 4A FF ED 3B 4A FF ED 3C 4A FF ...
T55E4 004:548.359   completely In flash
T55E4 004:548.427 - 0.223ms returns 0xB20
T55E4 004:549.077 JLINK_WriteMem(0x202996F0, 0xAF0 Bytes, ...)
T55E4 004:549.143   Data:  6A 4C 23 FF 69 4B 23 FF 68 4B 23 FF 67 4A 23 FF ...
T55E4 004:549.239   completely In flash
T55E4 004:549.328 - 0.250ms returns 0xAF0
T55E4 004:549.918 JLINK_WriteMem(0x2029A1E0, 0xB10 Bytes, ...)
T55E4 004:549.994   Data:  ED 0C 69 FF ED 0D 69 FF ED 0D 68 FF ED 0D 68 FF ...
T55E4 004:550.085   completely In flash
T55E4 004:550.171 - 0.253ms returns 0xB10
T55E4 004:551.107 JLINK_WriteMem(0x2029ACF0, 0xAD0 Bytes, ...)
T55E4 004:551.193   Data:  ED 52 3B FF ED 52 3B FF ED 53 3B FF ED 54 3A FF ...
T55E4 004:551.261   completely In flash
T55E4 004:551.323 - 0.216ms returns 0xAD0
T55E4 004:552.023 JLINK_WriteMem(0x2029B7C0, 0xAD0 Bytes, ...)
T55E4 004:552.121   Data:  ED 16 63 FF ED 17 63 FF ED 17 62 FF ED 17 62 FF ...
T55E4 004:552.230   completely In flash
T55E4 004:552.341 - 0.318ms returns 0xAD0
T55E4 004:553.078 JLINK_WriteMem(0x2029C290, 0xAB0 Bytes, ...)
T55E4 004:553.156   Data:  41 33 23 FF 40 33 23 FF 40 32 23 FF ED 00 71 FF ...
T55E4 004:553.226   completely In flash
T55E4 004:553.292 - 0.215ms returns 0xAB0
T55E4 004:554.045 JLINK_WriteMem(0x2029CD40, 0xAB0 Bytes, ...)
T55E4 004:554.154   Data:  41 33 23 FF ED 00 71 FF ED 01 71 FF ED 01 70 FF ...
T55E4 004:554.260   completely In flash
T55E4 004:554.363 - 0.318ms returns 0xAB0
T55E4 004:555.061 JLINK_WriteMem(0x2029D7F0, 0xA90 Bytes, ...)
T55E4 004:555.103   Data:  ED 1D 5E FF ED 1E 5E FF ED 1F 5D FF ED 20 5C FF ...
T55E4 004:555.148   completely In flash
T55E4 004:555.188 - 0.127ms returns 0xA90
T55E4 004:555.764 JLINK_WriteMem(0x2029E280, 0xA90 Bytes, ...)
T55E4 004:555.797   Data:  64 48 23 FF 63 48 23 FF 63 47 23 FF 62 47 23 FF ...
T55E4 004:555.837   completely In flash
T55E4 004:555.877 - 0.113ms returns 0xA90
T55E4 004:556.647 JLINK_WriteMem(0x2029ED10, 0xA90 Bytes, ...)
T55E4 004:556.752   Data:  ED 10 67 FF ED 11 66 FF ED 11 66 FF ED 12 66 FF ...
T55E4 004:556.864   completely In flash
T55E4 004:556.967 - 0.320ms returns 0xA90
T55E4 004:558.258 JLINK_WriteMem(0x2029F7A0, 0xA70 Bytes, ...)
T55E4 004:558.338   Data:  69 4B 23 FF 68 4B 23 FF 67 4A 23 FF 66 49 23 FF ...
T55E4 004:558.405   completely In flash
T55E4 004:558.463 - 0.205ms returns 0xA70
T55E4 004:559.147 JLINK_WriteMem(0x202A0210, 0xA30 Bytes, ...)
T55E4 004:559.209   Data:  7B 56 24 FF 7A 56 24 FF 79 55 24 FF 78 54 24 FF ...
T55E4 004:559.273   completely In flash
T55E4 004:559.334 - 0.187ms returns 0xA30
T55E4 004:559.983 JLINK_WriteMem(0x202A0C40, 0xA30 Bytes, ...)
T55E4 004:560.044   Data:  5F 45 23 FF 5E 45 23 FF 5D 44 23 FF 5C 43 23 FF ...
T55E4 004:560.118   completely In flash
T55E4 004:560.180 - 0.197ms returns 0xA30
T55E4 004:560.846 JLINK_WriteMem(0x202A1670, 0xA30 Bytes, ...)
T55E4 004:560.942   Data:  ED 07 6C FF ED 08 6C FF ED 09 6B FF ED 09 6B FF ...
T55E4 004:561.015   completely In flash
T55E4 004:561.076 - 0.230ms returns 0xA30
T55E4 004:561.704 JLINK_WriteMem(0x202A20A0, 0xA20 Bytes, ...)
T55E4 004:561.775   Data:  74 52 24 FF 73 52 24 FF 73 51 24 FF 72 51 23 FF ...
T55E4 004:561.837   completely In flash
T55E4 004:561.897 - 0.194ms returns 0xA20
T55E4 004:562.522 JLINK_WriteMem(0x202A2AC0, 0xA10 Bytes, ...)
T55E4 004:562.578   Data:  ED 05 6E FF ED 05 6E FF ED 06 6E FF ED 06 6D FF ...
T55E4 004:562.662   completely In flash
T55E4 004:562.725 - 0.202ms returns 0xA10
T55E4 004:563.339 JLINK_WriteMem(0x202A34D0, 0x9E0 Bytes, ...)
T55E4 004:563.397   Data:  63 48 23 FF 63 47 23 FF 62 47 23 FF 61 47 23 FF ...
T55E4 004:563.459   completely In flash
T55E4 004:563.703 - 0.362ms returns 0x9E0
T55E4 004:564.664 JLINK_WriteMem(0x202A3EB0, 0x980 Bytes, ...)
T55E4 004:564.739   Data:  56 40 23 FF 55 3F 23 FF 54 3F 23 FF 54 3E 23 FF ...
T55E4 004:564.812   completely In flash
T55E4 004:564.871 - 0.208ms returns 0x980
T55E4 004:565.555 JLINK_WriteMem(0x202A4830, 0x980 Bytes, ...)
T55E4 004:565.629   Data:  5F 45 23 FF 5E 45 23 FF 5D 44 23 FF 5C 43 23 FF ...
T55E4 004:565.685   completely In flash
T55E4 004:565.741 - 0.186ms returns 0x980
T55E4 004:566.367 JLINK_WriteMem(0x202A51B0, 0x980 Bytes, ...)
T55E4 004:566.415   Data:  6D 4E 23 FF 6C 4D 23 FF 6B 4C 23 FF 6A 4C 23 FF ...
T55E4 004:566.477   completely In flash
T55E4 004:566.536 - 0.169ms returns 0x980
T55E4 004:567.158 JLINK_WriteMem(0x202A5B30, 0x980 Bytes, ...)
T55E4 004:567.221   Data:  79 55 24 FF 78 54 24 FF 77 54 24 FF 76 53 24 FF ...
T55E4 004:567.283   completely In flash
T55E4 004:567.344 - 0.186ms returns 0x980
T55E4 004:567.950 JLINK_WriteMem(0x202A64B0, 0x980 Bytes, ...)
T55E4 004:568.006   Data:  84 5B 24 FF 83 5B 24 FF 82 5B 24 FF 82 5A 24 FF ...
T55E4 004:568.066   completely In flash
T55E4 004:568.121 - 0.171ms returns 0x980
T55E4 004:568.617 JLINK_WriteMem(0x202A6E30, 0x980 Bytes, ...)
T55E4 004:568.693   Data:  8C 60 24 FF 8B 60 24 FF 8A 5F 24 FF 89 5F 24 FF ...
T55E4 004:568.746   completely In flash
T55E4 004:568.804 - 0.187ms returns 0x980
T55E4 004:569.479 JLINK_WriteMem(0x202A77B0, 0x980 Bytes, ...)
T55E4 004:569.537   Data:  8E 62 24 FF 8D 61 24 FF 8C 60 24 FF 8B 60 24 FF ...
T55E4 004:569.599   completely In flash
T55E4 004:569.661 - 0.183ms returns 0x980
T55E4 004:570.286 JLINK_WriteMem(0x202A8130, 0x980 Bytes, ...)
T55E4 004:570.341   Data:  8C 60 24 FF 8B 60 24 FF 8A 5F 24 FF 89 5F 24 FF ...
T55E4 004:570.403   completely In flash
T55E4 004:570.470 - 0.184ms returns 0x980
T55E4 004:571.108 JLINK_WriteMem(0x202A8AB0, 0x980 Bytes, ...)
T55E4 004:571.168   Data:  86 5D 24 FF 85 5C 24 FF 84 5C 24 FF 84 5B 24 FF ...
T55E4 004:571.236   completely In flash
T55E4 004:571.301 - 0.194ms returns 0x980
T55E4 004:572.023 JLINK_WriteMem(0x202A9430, 0x980 Bytes, ...)
T55E4 004:572.102   Data:  81 5A 24 FF 80 59 24 FF 7F 59 24 FF 7E 58 24 FF ...
T55E4 004:572.156   completely In flash
T55E4 004:572.205 - 0.182ms returns 0x980
T55E4 004:572.790 JLINK_WriteMem(0x202A9DB0, 0x980 Bytes, ...)
T55E4 004:572.844   Data:  7B 56 24 FF 7A 56 24 FF 79 55 24 FF 78 54 24 FF ...
T55E4 004:572.895   completely In flash
T55E4 004:572.943 - 0.154ms returns 0x980
T55E4 004:573.573 JLINK_WriteMem(0x202AA730, 0x9B0 Bytes, ...)
T55E4 004:573.631   Data:  74 52 24 FF 73 52 24 FF 73 51 24 FF 72 51 23 FF ...
T55E4 004:573.690   completely In flash
T55E4 004:573.747 - 0.174ms returns 0x9B0
T55E4 004:574.369 JLINK_WriteMem(0x202AB0E0, 0xA00 Bytes, ...)
T55E4 004:574.424   Data:  98 68 24 FF 97 67 24 FF 96 67 24 FF 96 66 24 FF ...
T55E4 004:574.488   completely In flash
T55E4 004:574.549 - 0.180ms returns 0xA00
T55E4 004:575.186 JLINK_WriteMem(0x202ABAE0, 0xA30 Bytes, ...)
T55E4 004:575.243   Data:  14 CB 52 FF 13 CB 53 FF 12 CB 53 FF 12 CB 53 FF ...
T55E4 004:575.309   completely In flash
T55E4 004:575.374 - 0.188ms returns 0xA30
T55E4 004:576.073 JLINK_WriteMem(0x202AC510, 0xA40 Bytes, ...)
T55E4 004:576.153   Data:  94 66 24 FF 94 65 24 FF 93 65 24 FF 93 64 24 FF ...
T55E4 004:576.225   completely In flash
T55E4 004:576.291 - 0.218ms returns 0xA40
T55E4 004:576.995 JLINK_WriteMem(0x202ACF50, 0xA40 Bytes, ...)
T55E4 004:577.071   Data:  85 5C 24 FF 84 5C 24 FF 84 5B 24 FF 83 5B 24 FF ...
T55E4 004:577.137   completely In flash
T55E4 004:577.201 - 0.207ms returns 0xA40
T55E4 004:577.859 JLINK_WriteMem(0x202AD990, 0xA50 Bytes, ...)
T55E4 004:577.920   Data:  82 5A 24 FF 81 5A 24 FF 80 59 24 FF 7F 59 24 FF ...
T55E4 004:577.986   completely In flash
T55E4 004:578.049 - 0.191ms returns 0xA50
T55E4 004:578.802 JLINK_WriteMem(0x202AE3E0, 0xA50 Bytes, ...)
T55E4 004:578.862   Data:  86 5D 24 FF 85 5C 24 FF 84 5C 24 FF 84 5B 24 FF ...
T55E4 004:578.928   completely In flash
T55E4 004:578.994 - 0.192ms returns 0xA50
T55E4 004:579.747 JLINK_WriteMem(0x202AEE30, 0xA50 Bytes, ...)
T55E4 004:579.819   Data:  98 68 24 FF 97 67 24 FF 96 67 24 FF 96 66 24 FF ...
T55E4 004:579.887   completely In flash
T55E4 004:579.953 - 0.207ms returns 0xA50
T55E4 004:580.663 JLINK_WriteMem(0x202AF880, 0xA50 Bytes, ...)
T55E4 004:580.759   Data:  11 CC 54 FF 11 CC 54 FF 10 CC 54 FF 0F CC 54 FF ...
T55E4 004:580.853   completely In flash
T55E4 004:580.930 - 0.267ms returns 0xA50
T55E4 004:581.703 JLINK_WriteMem(0x202B02D0, 0xA80 Bytes, ...)
T55E4 004:581.781   Data:  75 52 24 FF 74 52 24 FF 73 52 24 FF 73 51 24 FF ...
T55E4 004:581.841   completely In flash
T55E4 004:581.900 - 0.197ms returns 0xA80
T55E4 004:582.595 JLINK_WriteMem(0x202B0D50, 0xA60 Bytes, ...)
T55E4 004:582.673   Data:  AC 74 24 FF AB 73 24 FF AA 73 24 FF A9 72 24 FF ...
T55E4 004:582.738   completely In flash
T55E4 004:582.798 - 0.204ms returns 0xA60
T55E4 004:583.429 JLINK_WriteMem(0x202B17B0, 0xAA0 Bytes, ...)
T55E4 004:583.484   Data:  73 51 24 FF 72 51 23 FF 72 50 23 FF 71 50 23 FF ...
T55E4 004:583.545   completely In flash
T55E4 004:583.606 - 0.176ms returns 0xAA0
T55E4 004:585.135 JLINK_WriteMem(0x202B2250, 0xA80 Bytes, ...)
T55E4 004:585.200   Data:  07 CD 57 FF 07 CD 57 FF 06 CD 58 FF 05 CD 58 FF ...
T55E4 004:585.263   completely In flash
T55E4 004:585.322 - 0.187ms returns 0xA80
T55E4 004:585.989 JLINK_WriteMem(0x202B2CD0, 0xAA0 Bytes, ...)
T55E4 004:586.042   Data:  89 5F 24 FF 88 5E 24 FF 87 5D 24 FF 86 5D 24 FF ...
T55E4 004:586.112   completely In flash
T55E4 004:586.173 - 0.184ms returns 0xAA0
T55E4 004:586.802 JLINK_WriteMem(0x202B3770, 0xAC0 Bytes, ...)
T55E4 004:586.870   Data:  34 C7 46 FF 32 C7 47 FF 32 C7 47 FF 32 C7 48 FF ...
T55E4 004:586.943   completely In flash
T55E4 004:587.069 - 0.266ms returns 0xAC0
T55E4 004:587.798 JLINK_WriteMem(0x202B4230, 0xAC0 Bytes, ...)
T55E4 004:587.872   Data:  1F CA 4E FF 1E CA 4F FF 1E CA 4F FF 1D CA 4F FF ...
T55E4 004:587.943   completely In flash
T55E4 004:588.007 - 0.210ms returns 0xAC0
T55E4 004:588.695 JLINK_WriteMem(0x202B4CF0, 0xAF0 Bytes, ...)
T55E4 004:588.770   Data:  81 8C 27 FF 82 73 26 FF 82 67 25 FF 82 5A 24 FF ...
T55E4 004:588.849   completely In flash
T55E4 004:588.912 - 0.217ms returns 0xAF0
T55E4 004:589.603 JLINK_WriteMem(0x202B57E0, 0xB00 Bytes, ...)
T55E4 004:589.677   Data:  47 C4 40 FF 46 C4 40 FF 46 C4 40 FF 44 C5 40 FF ...
T55E4 004:589.746   completely In flash
T55E4 004:589.807 - 0.203ms returns 0xB00
T55E4 004:590.440 JLINK_WriteMem(0x202B62E0, 0xB30 Bytes, ...)
T55E4 004:590.493   Data:  74 AB 2D FF 76 9E 2C FF 78 8C 2A FF 7B 79 28 FF ...
T55E4 004:590.551   completely In flash
T55E4 004:590.609 - 0.168ms returns 0xB30
T55E4 004:591.242 JLINK_WriteMem(0x202B6E10, 0xB40 Bytes, ...)
T55E4 004:591.298   Data:  9D 6B 24 FF 9C 6A 24 FF 9B 6A 24 FF 9A 69 24 FF ...
T55E4 004:591.363   completely In flash
T55E4 004:591.425 - 0.183ms returns 0xB40
T55E4 004:592.116 JLINK_WriteMem(0x202B7950, 0xB40 Bytes, ...)
T55E4 004:592.184   Data:  53 C3 3B FF 53 C3 3B FF 52 C3 3B FF 51 C3 3B FF ...
T55E4 004:592.254   completely In flash
T55E4 004:592.314 - 0.198ms returns 0xB40
T55E4 004:592.953 JLINK_WriteMem(0x202B8490, 0xB40 Bytes, ...)
T55E4 004:593.033   Data:  9B 6A 24 FF 9A 69 24 FF 99 68 24 FF 98 68 24 FF ...
T55E4 004:593.095   completely In flash
T55E4 004:593.156 - 0.203ms returns 0xB40
T55E4 004:593.850 JLINK_WriteMem(0x202B8FD0, 0xB50 Bytes, ...)
T55E4 004:593.912   Data:  59 C2 38 FF 59 C2 38 FF 58 C2 39 FF 58 C2 39 FF ...
T55E4 004:593.979   completely In flash
T55E4 004:594.068 - 0.217ms returns 0xB50
T55E4 004:594.801 JLINK_WriteMem(0x202B9B20, 0xB40 Bytes, ...)
T55E4 004:594.856   Data:  A6 70 24 FF A5 70 24 FF A5 6F 24 FF A4 6F 24 FF ...
T55E4 004:594.924   completely In flash
T55E4 004:594.986 - 0.184ms returns 0xB40
T55E4 004:595.618 JLINK_WriteMem(0x202BA660, 0xB60 Bytes, ...)
T55E4 004:595.673   Data:  68 C0 33 FF 67 C0 33 FF 66 C0 34 FF 66 C0 34 FF ...
T55E4 004:595.739   completely In flash
T55E4 004:595.805 - 0.187ms returns 0xB60
T55E4 004:596.383 JLINK_WriteMem(0x202BB1C0, 0xB40 Bytes, ...)
T55E4 004:596.444   Data:  08 CD 57 FF 07 CD 57 FF 07 CD 57 FF 06 CD 58 FF ...
T55E4 004:596.508   completely In flash
T55E4 004:596.571 - 0.188ms returns 0xB40
T55E4 004:597.404 JLINK_WriteMem(0x202BBD00, 0xB70 Bytes, ...)
T55E4 004:597.495   Data:  7D BD 2B FF 7B BD 2B FF 7B BD 2B FF 7B BD 2C FF ...
T55E4 004:597.569   completely In flash
T55E4 004:597.630 - 0.228ms returns 0xB70
T55E4 004:598.294 JLINK_WriteMem(0x202BC870, 0xB50 Bytes, ...)
T55E4 004:598.365   Data:  21 C9 4E FF 20 CA 4E FF 1F CA 4E FF 1F CA 4E FF ...
T55E4 004:598.416   completely In flash
T55E4 004:598.457 - 0.163ms returns 0xB50
T55E4 004:599.021 JLINK_WriteMem(0x202BD3C0, 0xB70 Bytes, ...)
T55E4 004:599.058   Data:  8E BA 24 FF 8E BA 24 FF 8E BA 25 FF 8D BA 25 FF ...
T55E4 004:599.097   completely In flash
T55E4 004:599.138 - 0.116ms returns 0xB70
T55E4 004:599.715 JLINK_WriteMem(0x202BDF30, 0xB70 Bytes, ...)
T55E4 004:599.756   Data:  40 C5 42 FF 3E C5 42 FF 3E C5 42 FF 3E C6 43 FF ...
T55E4 004:599.800   completely In flash
T55E4 004:599.839 - 0.124ms returns 0xB70
T55E4 004:600.479 JLINK_WriteMem(0x202BEAA0, 0xB70 Bytes, ...)
T55E4 004:600.541   Data:  D5 B0 09 FF D5 B0 09 FF D5 B1 0A FF D4 B1 0A FF ...
T55E4 004:600.612   completely In flash
T55E4 004:600.679 - 0.200ms returns 0xB70
T55E4 004:601.304 JLINK_WriteMem(0x202BF610, 0xB80 Bytes, ...)
T55E4 004:601.346   Data:  7E BD 2A FF 7E BD 2A FF 7E BD 2B FF 7D BD 2B FF ...
T55E4 004:601.390   completely In flash
T55E4 004:601.431 - 0.127ms returns 0xB80
T55E4 004:602.016 JLINK_WriteMem(0x202C0190, 0xB80 Bytes, ...)
T55E4 004:602.076   Data:  40 C5 42 FF 3E C5 42 FF 3E C5 42 FF 3E C6 43 FF ...
T55E4 004:602.117   completely In flash
T55E4 004:602.158 - 0.143ms returns 0xB80
T55E4 004:602.785 JLINK_WriteMem(0x202C0D10, 0xB80 Bytes, ...)
T55E4 004:602.845   Data:  ED AD 01 FF EC AD 01 FF EB AD 01 FF EA AE 01 FF ...
T55E4 004:604.475   completely In flash
T55E4 004:604.585 - 1.799ms returns 0xB80
T55E4 004:605.399 JLINK_WriteMem(0x202C1890, 0xB90 Bytes, ...)
T55E4 004:605.473   Data:  AB B6 19 FF AB B6 19 FF AA B6 1A FF A9 B6 1A FF ...
T55E4 004:605.535   completely In flash
T55E4 004:605.594 - 0.196ms returns 0xB90
T55E4 004:606.231 JLINK_WriteMem(0x202C2420, 0xB90 Bytes, ...)
T55E4 004:606.287   Data:  84 BC 28 FF 83 BC 29 FF 83 BC 29 FF 82 BC 29 FF ...
T55E4 004:606.346   completely In flash
T55E4 004:606.405 - 0.174ms returns 0xB90
T55E4 004:607.034 JLINK_WriteMem(0x202C2FB0, 0xBA0 Bytes, ...)
T55E4 004:607.085   Data:  63 C0 35 FF 62 C0 35 FF 60 C1 36 FF 60 C1 36 FF ...
T55E4 004:607.146   completely In flash
T55E4 004:607.208 - 0.174ms returns 0xBA0
T55E4 004:607.826 JLINK_WriteMem(0x202C3B50, 0xBA0 Bytes, ...)
T55E4 004:607.880   Data:  44 C5 40 FF 44 C5 41 FF 43 C5 41 FF 43 C5 41 FF ...
T55E4 004:607.941   completely In flash
T55E4 004:607.999 - 0.172ms returns 0xBA0
T55E4 004:608.618 JLINK_WriteMem(0x202C46F0, 0xBB0 Bytes, ...)
T55E4 004:608.678   Data:  1A CB 51 FF 19 CB 51 FF 19 CB 51 FF 17 CB 51 FF ...
T55E4 004:608.739   completely In flash
T55E4 004:608.798 - 0.180ms returns 0xBB0
T55E4 004:609.419 JLINK_WriteMem(0x202C52A0, 0xBA0 Bytes, ...)
T55E4 004:609.497   Data:  DD AF 07 FF DC AF 07 FF DC AF 07 FF DC B0 07 FF ...
T55E4 004:609.558   completely In flash
T55E4 004:609.617 - 0.198ms returns 0xBA0
T55E4 004:610.221 JLINK_WriteMem(0x202C5E40, 0xBB0 Bytes, ...)
T55E4 004:610.277   Data:  BB B4 14 FF BA B4 14 FF BA B4 14 FF B9 B4 14 FF ...
T55E4 004:610.335   completely In flash
T55E4 004:610.391 - 0.170ms returns 0xBB0
T55E4 004:611.597 JLINK_WriteMem(0x202C69F0, 0xBB0 Bytes, ...)
T55E4 004:611.670   Data:  AB B6 19 FF AA B6 1A FF A9 B6 1A FF A9 B6 1A FF ...
T55E4 004:611.725   completely In flash
T55E4 004:611.784 - 0.188ms returns 0xBB0
T55E4 004:612.492 JLINK_WriteMem(0x202C75A0, 0xBC0 Bytes, ...)
T55E4 004:612.547   Data:  A6 B7 1B FF A5 B7 1C FF A4 B7 1C FF A4 B7 1C FF ...
T55E4 004:612.606   completely In flash
T55E4 004:612.666 - 0.174ms returns 0xBC0
T55E4 004:613.311 JLINK_WriteMem(0x202C8160, 0xBB0 Bytes, ...)
T55E4 004:613.363   Data:  99 B9 20 FF 98 B9 20 FF 97 B9 21 FF 97 B9 21 FF ...
T55E4 004:613.421   completely In flash
T55E4 004:613.475 - 0.164ms returns 0xBB0
T55E4 004:614.157 JLINK_WriteMem(0x202C8D10, 0xBB0 Bytes, ...)
T55E4 004:614.224   Data:  8F BA 24 FF 8F BA 24 FF 8E BA 24 FF 8E BA 24 FF ...
T55E4 004:614.287   completely In flash
T55E4 004:614.343 - 0.186ms returns 0xBB0
T55E4 004:614.913 JLINK_WriteMem(0x202C98C0, 0xBB0 Bytes, ...)
T55E4 004:614.973   Data:  89 BB 26 FF 88 BB 26 FF 88 BB 26 FF 87 BB 27 FF ...
T55E4 004:615.031   completely In flash
T55E4 004:615.088 - 0.174ms returns 0xBB0
T55E4 004:615.620 JLINK_WriteMem(0x202CA470, 0xBB0 Bytes, ...)
T55E4 004:615.699   Data:  80 BC 2A FF 7F BC 2A FF 7F BC 2A FF 7E BD 2A FF ...
T55E4 004:615.753   completely In flash
T55E4 004:615.803 - 0.183ms returns 0xBB0
T55E4 004:616.538 JLINK_WriteMem(0x202CB020, 0xBC0 Bytes, ...)
T55E4 004:616.610   Data:  79 BD 2C FF 79 BD 2D FF 78 BD 2D FF 78 BD 2D FF ...
T55E4 004:616.672   completely In flash
T55E4 004:616.734 - 0.197ms returns 0xBC0
T55E4 004:617.480 JLINK_WriteMem(0x202CBBE0, 0xBC0 Bytes, ...)
T55E4 004:617.540   Data:  70 BE 30 FF 6F BF 30 FF 6E BF 31 FF 6E BF 31 FF ...
T55E4 004:617.603   completely In flash
T55E4 004:617.663 - 0.184ms returns 0xBC0
T55E4 004:618.527 JLINK_WriteMem(0x202CC7A0, 0xBC0 Bytes, ...)
T55E4 004:618.612   Data:  63 C0 35 FF 63 C0 35 FF 62 C0 35 FF 60 C1 36 FF ...
T55E4 004:618.680   completely In flash
T55E4 004:618.790 - 0.262ms returns 0xBC0
T55E4 004:619.663 JLINK_WriteMem(0x202CD360, 0xBC0 Bytes, ...)
T55E4 004:619.713   Data:  57 C2 39 FF 55 C2 3A FF 55 C2 3A FF 54 C2 3A FF ...
T55E4 004:619.781   completely In flash
T55E4 004:619.843 - 0.180ms returns 0xBC0
T55E4 004:620.520 JLINK_WriteMem(0x202CDF20, 0xBC0 Bytes, ...)
T55E4 004:620.581   Data:  4B C4 3D FF 4A C4 3E FF 4A C4 3E FF 4A C4 3F FF ...
T55E4 004:620.625   completely In flash
T55E4 004:620.666 - 0.147ms returns 0xBC0
T55E4 004:621.330 JLINK_WriteMem(0x202CEAE0, 0xBC0 Bytes, ...)
T55E4 004:621.396   Data:  41 C5 42 FF 40 C5 42 FF 40 C5 42 FF 3E C5 42 FF ...
T55E4 004:621.459   completely In flash
T55E4 004:621.520 - 0.190ms returns 0xBC0
T55E4 004:622.203 JLINK_WriteMem(0x202CF6A0, 0xBC0 Bytes, ...)
T55E4 004:622.301   Data:  32 C7 47 FF 32 C7 48 FF 31 C7 48 FF 31 C7 48 FF ...
T55E4 004:622.424   completely In flash
T55E4 004:622.521 - 0.318ms returns 0xBC0
T55E4 004:623.242 JLINK_WriteMem(0x202D0260, 0xBB0 Bytes, ...)
T55E4 004:623.312   Data:  24 C9 4C FF 24 C9 4C FF 23 C9 4D FF 21 C9 4E FF ...
T55E4 004:623.381   completely In flash
T55E4 004:623.448 - 0.207ms returns 0xBB0
T55E4 004:624.154 JLINK_WriteMem(0x202D0E10, 0xBC0 Bytes, ...)
T55E4 004:624.227   Data:  1B CA 50 FF 1A CB 51 FF 19 CB 51 FF 19 CB 51 FF ...
T55E4 004:624.295   completely In flash
T55E4 004:624.362 - 0.208ms returns 0xBC0
T55E4 004:625.035 JLINK_WriteMem(0x202D19D0, 0xBC0 Bytes, ...)
T55E4 004:625.093   Data:  0D CC 55 FF 0C CC 56 FF 0A CD 56 FF 0A CD 56 FF ...
T55E4 004:625.186   completely In flash
T55E4 004:625.290 - 0.255ms returns 0xBC0
T55E4 004:626.108 JLINK_WriteMem(0x202D2590, 0xBC0 Bytes, ...)
T55E4 004:626.216   Data:  ED AD 01 FF EC AD 01 FF EB AD 01 FF EA AE 01 FF ...
T55E4 004:626.324   completely In flash
T55E4 004:626.429 - 0.321ms returns 0xBC0
T55E4 004:627.211 JLINK_WriteMem(0x202D3150, 0xBC0 Bytes, ...)
T55E4 004:627.311   Data:  DF AF 06 FF DE AF 06 FF DD AF 06 FF DD AF 06 FF ...
T55E4 004:627.423   completely In flash
T55E4 004:627.532 - 0.321ms returns 0xBC0
T55E4 004:628.316 JLINK_WriteMem(0x202D3D10, 0xBC0 Bytes, ...)
T55E4 004:628.412   Data:  D5 B0 09 FF D5 B1 0A FF D4 B1 0A FF D4 B1 0A FF ...
T55E4 004:628.520   completely In flash
T55E4 004:628.626 - 0.310ms returns 0xBC0
T55E4 004:629.417 JLINK_WriteMem(0x202D48D0, 0xBC0 Bytes, ...)
T55E4 004:629.513   Data:  C9 B2 0E FF C9 B2 0E FF C8 B2 0E FF C8 B2 0F FF ...
T55E4 004:629.610   completely In flash
T55E4 004:629.705 - 0.288ms returns 0xBC0
T55E4 004:630.541 JLINK_WriteMem(0x202D5490, 0xBD0 Bytes, ...)
T55E4 004:630.631   Data:  C0 B4 12 FF BF B4 12 FF BF B4 12 FF BE B4 12 FF ...
T55E4 004:630.697   completely In flash
T55E4 004:630.759 - 0.218ms returns 0xBD0
T55E4 004:631.324 JLINK_WriteMem(0x202D6060, 0xBE0 Bytes, ...)
T55E4 004:631.378   Data:  00 00 00 94 FF FF 90 00 00 00 00 00 00 00 00 00 ...
T55E4 004:631.421   completely In flash
T55E4 004:631.462 - 0.139ms returns 0xBE0
T55E4 004:632.036 JLINK_WriteMem(0x202D6C40, 0xBD0 Bytes, ...)
T55E4 004:632.070   Data:  20 00 00 00 00 00 00 00 00 24 FF FF FF 08 FF FF ...
T55E4 004:632.113   completely In flash
T55E4 004:632.154 - 0.118ms returns 0xBD0
T55E4 004:632.708 JLINK_WriteMem(0x202D7810, 0xBE0 Bytes, ...)
T55E4 004:632.782   Data:  0C FF FF FF 20 D4 FF FF 58 00 00 00 00 00 00 00 ...
T55E4 004:632.845   completely In flash
T55E4 004:632.906 - 0.199ms returns 0xBE0
T55E4 004:633.445 JLINK_WriteMem(0x202D83F0, 0xBE0 Bytes, ...)
T55E4 004:633.495   Data:  00 00 00 00 00 00 00 00 00 00 1C FF FF FF 08 00 ...
T55E4 004:633.543   completely In flash
T55E4 004:633.605 - 0.160ms returns 0xBE0
T55E4 004:634.135 JLINK_WriteMem(0x202D8FD0, 0xBE0 Bytes, ...)
T55E4 004:634.180   Data:  00 00 00 1E EB FF FF E7 1A 00 00 00 00 00 00 00 ...
T55E4 004:634.245   completely In flash
T55E4 004:634.297 - 0.162ms returns 0xBE0
T55E4 004:634.864 JLINK_WriteMem(0x202D9BB0, 0xBE0 Bytes, ...)
T55E4 004:634.923   Data:  00 00 00 00 00 00 00 00 E4 FF FF 94 F4 FF FF 84 ...
T55E4 004:634.967   completely In flash
T55E4 004:635.009 - 0.145ms returns 0xBE0
T55E4 004:635.568 JLINK_WriteMem(0x202DA790, 0xBE0 Bytes, ...)
T55E4 004:635.618   Data:  00 00 00 00 00 D7 FF FF D2 90 FF FF E4 00 00 00 ...
T55E4 004:635.664   completely In flash
T55E4 004:635.706 - 0.138ms returns 0xBE0
T55E4 004:636.316 JLINK_WriteMem(0x202DB370, 0xBE0 Bytes, ...)
T55E4 004:636.401   Data:  00 00 00 00 00 00 00 00 53 FB FF FF F8 45 00 00 ...
T55E4 004:636.492   completely In flash
T55E4 004:636.576 - 0.260ms returns 0xBE0
T55E4 004:638.331 JLINK_WriteMem(0x202DBF50, 0xBE0 Bytes, ...)
T55E4 004:638.416   Data:  D5 B4 81 4E 0C 00 00 00 00 00 00 00 00 00 00 00 ...
T55E4 004:638.485   completely In flash
T55E4 004:638.552 - 0.221ms returns 0xBE0
T55E4 004:639.272 JLINK_WriteMem(0x202DCB30, 0xBE0 Bytes, ...)
T55E4 004:639.336   Data:  00 00 00 00 50 FF FF FF 28 00 00 00 00 00 00 00 ...
T55E4 004:639.405   completely In flash
T55E4 004:639.471 - 0.199ms returns 0xBE0
T55E4 004:640.078 JLINK_WriteMem(0x202DD710, 0xBE0 Bytes, ...)
T55E4 004:640.217   Data:  00 00 00 00 00 00 00 1B F9 FF FF A2 00 71 FF FF ...
T55E4 004:640.286   completely In flash
T55E4 004:640.353 - 0.274ms returns 0xBE0
T55E4 004:640.963 JLINK_WriteMem(0x202DE2F0, 0xBE0 Bytes, ...)
T55E4 004:641.024   Data:  94 D5 F0 F5 DC A9 4F 01 00 00 00 00 00 00 00 00 ...
T55E4 004:641.095   completely In flash
T55E4 004:641.164 - 0.202ms returns 0xBE0
T55E4 004:641.856 JLINK_WriteMem(0x202DEED0, 0xBD0 Bytes, ...)
T55E4 004:641.918   Data:  00 00 86 FF FF 35 00 00 00 00 00 00 00 00 00 00 ...
T55E4 004:641.986   completely In flash
T55E4 004:642.055 - 0.199ms returns 0xBD0
T55E4 004:642.665 JLINK_WriteMem(0x202DFAA0, 0xBE0 Bytes, ...)
T55E4 004:642.734   Data:  C8 25 4C 40 00 00 00 00 22 00 01 00 1F 03 1A 23 ...
T55E4 004:642.821   completely In flash
T55E4 004:642.890 - 0.225ms returns 0xBE0
T55E4 004:643.588 JLINK_WriteMem(0x202E0680, 0xBE0 Bytes, ...)
T55E4 004:643.681   Data:  00 00 00 00 00 00 00 51 F8 FF FF FF FF FF 3C 00 ...
T55E4 004:643.750   completely In flash
T55E4 004:643.815 - 0.228ms returns 0xBE0
T55E4 004:644.502 JLINK_WriteMem(0x202E1260, 0xBE0 Bytes, ...)
T55E4 004:644.593   Data:  00 00 00 00 00 00 00 00 00 47 FE FF FF FF FF F2 ...
T55E4 004:644.661   completely In flash
T55E4 004:644.726 - 0.224ms returns 0xBE0
T55E4 004:645.367 JLINK_WriteMem(0x202E1E40, 0xBE0 Bytes, ...)
T55E4 004:645.414   Data:  FF FF FF FF 9A 00 00 00 00 00 00 00 1B FD FF FF ...
T55E4 004:645.455   completely In flash
T55E4 004:645.496 - 0.129ms returns 0xBE0
T55E4 004:646.010 JLINK_WriteMem(0x202E2A20, 0xBE0 Bytes, ...)
T55E4 004:646.043   Data:  00 00 00 00 00 00 00 00 00 00 00 00 00 00 00 00 ...
T55E4 004:646.084   completely In flash
T55E4 004:646.124 - 0.114ms returns 0xBE0
T55E4 004:646.670 JLINK_WriteMem(0x202E3600, 0xBE0 Bytes, ...)
T55E4 004:646.768   Data:  FF FF 73 00 00 00 00 00 00 00 00 00 00 00 00 00 ...
T55E4 004:646.831   completely In flash
T55E4 004:646.890 - 0.220ms returns 0xBE0
T55E4 004:647.435 JLINK_WriteMem(0x202E41E0, 0xBE0 Bytes, ...)
T55E4 004:647.502   Data:  0F 08 20 5E C6 FF FF FF FF FF FF AB 00 00 8C FF ...
T55E4 004:647.565   completely In flash
T55E4 004:647.626 - 0.191ms returns 0xBE0
T55E4 004:648.201 JLINK_WriteMem(0x202E4DC0, 0xBE0 Bytes, ...)
T55E4 004:648.256   Data:  8C FF FF FF FF E0 00 00 00 00 00 00 00 00 00 00 ...
T55E4 004:648.297   completely In flash
T55E4 004:648.337 - 0.137ms returns 0xBE0
T55E4 004:648.882 JLINK_WriteMem(0x202E59A0, 0xBE0 Bytes, ...)
T55E4 004:648.918   Data:  FF F4 00 00 00 00 00 00 00 00 00 00 00 00 00 00 ...
T55E4 004:648.959   completely In flash
T55E4 004:649.001 - 0.119ms returns 0xBE0
T55E4 004:649.531 JLINK_WriteMem(0x202E6580, 0xBE0 Bytes, ...)
T55E4 004:649.580   Data:  00 00 00 00 00 00 00 00 00 00 00 00 00 00 00 00 ...
T55E4 004:649.639   completely In flash
T55E4 004:649.697 - 0.166ms returns 0xBE0
T55E4 004:650.568 JLINK_WriteMem(0x202E7160, 0xBE0 Bytes, ...)
T55E4 004:650.690   Data:  00 00 00 00 00 2F FF FF FF FF FF 84 8C FF FF FF ...
T55E4 004:650.759   completely In flash
T55E4 004:650.821 - 0.253ms returns 0xBE0
T55E4 004:651.381 JLINK_WriteMem(0x202E7D40, 0xBE0 Bytes, ...)
T55E4 004:651.442   Data:  FF 40 00 00 00 00 00 00 00 2C FF FF FF FF FF 40 ...
T55E4 004:651.486   completely In flash
T55E4 004:651.528 - 0.147ms returns 0xBE0
T55E4 004:651.879 JLINK_WriteMem(0x202E8920, 0xBE0 Bytes, ...)
T55E4 004:651.915   Data:  FF FF FF F2 29 00 00 00 00 00 00 00 00 00 00 00 ...
T55E4 004:651.957   completely In flash
T55E4 004:651.998 - 0.119ms returns 0xBE0
T55E4 004:652.379 JLINK_WriteMem(0x202E9500, 0xBE0 Bytes, ...)
T55E4 004:652.433   Data:  00 00 00 00 0D E1 FF FF FF FF FF FF FF FF E8 12 ...
T55E4 004:652.488   completely In flash
T55E4 004:652.543 - 0.164ms returns 0xBE0
T55E4 004:652.931 JLINK_WriteMem(0x202EA0E0, 0xBE0 Bytes, ...)
T55E4 004:652.977   Data:  FF FF FF FF 38 00 00 00 00 00 00 00 00 00 00 00 ...
T55E4 004:653.036   completely In flash
T55E4 004:653.097 - 0.166ms returns 0xBE0
T55E4 004:653.623 JLINK_WriteMem(0x202EACC0, 0xBE0 Bytes, ...)
T55E4 004:653.696   Data:  00 00 00 00 00 00 00 00 00 40 FF FF FF FF FF B4 ...
T55E4 004:653.761   completely In flash
T55E4 004:653.821 - 0.199ms returns 0xBE0
T55E4 004:654.284 JLINK_WriteMem(0x202EB8A0, 0xBE0 Bytes, ...)
T55E4 004:654.366   Data:  00 00 00 00 00 00 00 00 00 00 00 2D E8 FF FF FF ...
T55E4 004:654.439   completely In flash
T55E4 004:654.505 - 0.221ms returns 0xBE0
T55E4 004:654.996 JLINK_WriteMem(0x202EC480, 0xBE0 Bytes, ...)
T55E4 004:655.075   Data:  05 F9 FF FF FF FF FF 5D 00 00 00 00 00 00 00 00 ...
T55E4 004:655.118   completely In flash
T55E4 004:655.158 - 0.163ms returns 0xBE0
T55E4 004:655.851 JLINK_WriteMem(0x202ED060, 0xBE0 Bytes, ...)
T55E4 004:655.933   Data:  00 00 00 00 00 00 00 00 00 00 00 61 FE FF FF FF ...
T55E4 004:656.001   completely In flash
T55E4 004:656.066 - 0.215ms returns 0xBE0
T55E4 004:656.761 JLINK_WriteMem(0x202EDC40, 0xBE0 Bytes, ...)
T55E4 004:656.834   Data:  FF FF FF FF FF FF FF FF 1C FF FF FF FF FF A0 00 ...
T55E4 004:656.898   completely In flash
T55E4 004:656.958 - 0.197ms returns 0xBE0
T55E4 004:657.659 JLINK_WriteMem(0x202EE820, 0xBE0 Bytes, ...)
T55E4 004:657.732   Data:  00 00 00 00 00 00 00 00 00 00 00 00 00 00 1C FF ...
T55E4 004:657.798   completely In flash
T55E4 004:657.863 - 0.204ms returns 0xBE0
T55E4 004:658.559 JLINK_WriteMem(0x202EF400, 0xBE0 Bytes, ...)
T55E4 004:658.632   Data:  00 00 00 00 00 00 00 B0 FF FF FF FF FF 3C 1C FF ...
T55E4 004:658.698   completely In flash
T55E4 004:658.765 - 0.207ms returns 0xBE0
T55E4 004:659.477 JLINK_WriteMem(0x202EFFE0, 0xBE0 Bytes, ...)
T55E4 004:659.553   Data:  A7 FC FF FF FF FF FF 94 00 00 00 00 00 00 48 F6 ...
T55E4 004:659.639   completely In flash
T55E4 004:659.708 - 0.231ms returns 0xBE0
T55E4 004:660.423 JLINK_WriteMem(0x202F0BC0, 0xBE0 Bytes, ...)
T55E4 004:660.506   Data:  00 00 00 00 00 00 00 00 00 00 29 BF FF FF FF FF ...
T55E4 004:660.573   completely In flash
T55E4 004:660.640 - 0.217ms returns 0xBE0
T55E4 004:661.355 JLINK_WriteMem(0x202F17A0, 0xBE0 Bytes, ...)
T55E4 004:661.434   Data:  1F 00 00 00 00 00 00 00 1C FF FF FF FF FF FF FF ...
T55E4 004:661.503   completely In flash
T55E4 004:661.569 - 0.215ms returns 0xBE0
T55E4 004:662.298 JLINK_WriteMem(0x202F2380, 0xBE0 Bytes, ...)
T55E4 004:662.383   Data:  00 00 00 00 00 00 00 3D FF FF FF FF FF D6 00 00 ...
T55E4 004:662.453   completely In flash
T55E4 004:662.519 - 0.222ms returns 0xBE0
T55E4 004:663.230 JLINK_WriteMem(0x202F2F60, 0xBE0 Bytes, ...)
T55E4 004:663.308   Data:  FF D9 62 00 00 00 00 00 1C 90 F5 FF FF FF FF FF ...
T55E4 004:663.393   completely In flash
T55E4 004:663.488 - 0.258ms returns 0xBE0
T55E4 004:664.995 JLINK_WriteMem(0x202F3B40, 0xBE0 Bytes, ...)
T55E4 004:665.075   Data:  00 00 00 00 00 3B 97 ED FF FF FF FF FF FF FF EC ...
T55E4 004:665.119   completely In flash
T55E4 004:665.174 - 0.179ms returns 0xBE0
T55E4 004:665.883 JLINK_WriteMem(0x202F4720, 0xBE0 Bytes, ...)
T55E4 004:665.974   Data:  FF FF C4 28 00 00 00 00 00 00 00 00 00 00 00 07 ...
T55E4 004:666.039   completely In flash
T55E4 004:666.100 - 0.217ms returns 0xBE0
T55E4 004:666.832 JLINK_WriteMem(0x202F5300, 0xBE0 Bytes, ...)
T55E4 004:666.916   Data:  00 00 01 38 9A 7D 00 00 00 00 00 00 02 C3 FF FF ...
T55E4 004:666.984   completely In flash
T55E4 004:667.051 - 0.219ms returns 0xBE0
T55E4 004:667.689 JLINK_WriteMem(0x202F5EE0, 0xBE0 Bytes, ...)
T55E4 004:667.744   Data:  D8 FF FF FF FE 3B 00 00 00 00 00 54 FF FF FF FF ...
T55E4 004:667.809   completely In flash
T55E4 004:667.875 - 0.185ms returns 0xBE0
T55E4 004:668.475 JLINK_WriteMem(0x202F6AC0, 0xBE0 Bytes, ...)
T55E4 004:668.529   Data:  00 00 00 00 00 00 00 9C FF FF FF FF FF FF 67 00 ...
T55E4 004:668.595   completely In flash
T55E4 004:668.660 - 0.185ms returns 0xBE0
T55E4 004:669.343 JLINK_WriteMem(0x202F76A0, 0xBE0 Bytes, ...)
T55E4 004:669.417   Data:  FF FF FF FF 38 00 00 00 00 00 00 00 87 FF FF FF ...
T55E4 004:669.482   completely In flash
T55E4 004:669.546 - 0.203ms returns 0xBE0
T55E4 004:670.245 JLINK_WriteMem(0x202F8280, 0xBE0 Bytes, ...)
T55E4 004:670.307   Data:  00 00 00 00 00 00 00 00 00 00 00 00 00 00 00 00 ...
T55E4 004:670.372   completely In flash
T55E4 004:670.437 - 0.192ms returns 0xBE0
T55E4 004:671.121 JLINK_WriteMem(0x202F8E60, 0xBE0 Bytes, ...)
T55E4 004:671.189   Data:  00 00 00 00 00 00 00 00 00 00 00 00 00 00 00 95 ...
T55E4 004:671.257   completely In flash
T55E4 004:671.325 - 0.204ms returns 0xBE0
T55E4 004:671.954 JLINK_WriteMem(0x202F9A40, 0xBE0 Bytes, ...)
T55E4 004:672.013   Data:  FF 31 00 00 00 00 00 00 00 00 00 03 FF FF FF FF ...
T55E4 004:672.079   completely In flash
T55E4 004:672.144 - 0.190ms returns 0xBE0
T55E4 004:672.773 JLINK_WriteMem(0x202FA620, 0xBE0 Bytes, ...)
T55E4 004:672.842   Data:  00 00 00 00 00 00 00 00 00 00 48 FF FF FF FF 78 ...
T55E4 004:672.911   completely In flash
T55E4 004:672.975 - 0.202ms returns 0xBE0
T55E4 004:673.579 JLINK_WriteMem(0x202FB200, 0xBE0 Bytes, ...)
T55E4 004:673.635   Data:  12 00 04 00 0F 03 0A 16 68 B1 4D 40 00 00 00 00 ...
T55E4 004:673.700   completely In flash
T55E4 004:673.764 - 0.185ms returns 0xBE0
T55E4 004:674.437 JLINK_WriteMem(0x202FBDE0, 0xBE0 Bytes, ...)
T55E4 004:674.511   Data:  C6 4A 00 00 D0 FF 94 F6 FF FF FF FF FF D5 0B AB ...
T55E4 004:674.579   completely In flash
T55E4 004:674.647 - 0.210ms returns 0xBE0
T55E4 004:675.382 JLINK_WriteMem(0x202FC9C0, 0xBD0 Bytes, ...)
T55E4 004:675.445   Data:  00 00 83 FF FF 55 00 00 00 00 00 00 00 00 00 00 ...
T55E4 004:675.513   completely In flash
T55E4 004:675.577 - 0.195ms returns 0xBD0
T55E4 004:676.271 JLINK_WriteMem(0x202FD590, 0xBE0 Bytes, ...)
T55E4 004:676.337   Data:  00 00 00 00 A4 FF B8 00 00 00 00 00 00 00 00 00 ...
T55E4 004:676.403   completely In flash
T55E4 004:676.469 - 0.198ms returns 0xBE0
T55E4 004:677.183 JLINK_WriteMem(0x202FE170, 0xBE0 Bytes, ...)
T55E4 004:677.254   Data:  00 00 00 00 00 00 00 00 00 00 00 00 BC FF E3 0F ...
T55E4 004:677.320   completely In flash
T55E4 004:677.385 - 0.202ms returns 0xBE0
T55E4 004:678.129 JLINK_WriteMem(0x202FED50, 0xBD0 Bytes, ...)
T55E4 004:678.189   Data:  00 00 00 00 00 1D E9 FF B3 00 00 00 00 00 00 00 ...
T55E4 004:678.255   completely In flash
T55E4 004:678.321 - 0.193ms returns 0xBD0
T55E4 004:678.933 JLINK_WriteMem(0x202FF920, 0xBE0 Bytes, ...)
T55E4 004:679.005   Data:  B3 3B 00 00 00 00 00 17 5A FF C2 F2 FF FE 68 00 ...
T55E4 004:679.453   completely In flash
T55E4 004:679.539 - 0.606ms returns 0xBE0
T55E4 004:680.281 JLINK_WriteMem(0x20300500, 0xBE0 Bytes, ...)
T55E4 004:680.359   Data:  00 00 00 00 00 00 00 00 00 00 00 00 00 00 00 00 ...
T55E4 004:680.437   completely In flash
T55E4 004:680.501 - 0.224ms returns 0xBE0
T55E4 004:681.156 JLINK_WriteMem(0x203010E0, 0xBE0 Bytes, ...)
T55E4 004:681.220   Data:  00 00 00 00 00 00 00 00 00 00 00 00 00 00 D9 FF ...
T55E4 004:681.261   completely In flash
T55E4 004:681.301 - 0.146ms returns 0xBE0
T55E4 004:681.709 JLINK_WriteMem(0x20301CC0, 0xBE0 Bytes, ...)
T55E4 004:681.753   Data:  00 00 00 00 00 00 00 00 00 00 00 00 00 00 00 00 ...
T55E4 004:681.793   completely In flash
T55E4 004:681.833 - 0.123ms returns 0xBE0
T55E4 004:682.403 JLINK_WriteMem(0x203028A0, 0xBE0 Bytes, ...)
T55E4 004:682.467   Data:  FF FF FF 51 00 00 B1 FF FF FF FF FF FF FF FF 4F ...
T55E4 004:682.521   completely In flash
T55E4 004:682.574 - 0.171ms returns 0xBE0
T55E4 004:683.089 JLINK_WriteMem(0x20303480, 0xBE0 Bytes, ...)
T55E4 004:683.138   Data:  00 00 00 00 00 00 00 00 00 00 00 00 00 00 00 00 ...
T55E4 004:683.185   completely In flash
T55E4 004:683.230 - 0.141ms returns 0xBE0
T55E4 004:683.745 JLINK_WriteMem(0x20304060, 0xBE0 Bytes, ...)
T55E4 004:683.798   Data:  FF FF FF FF FF FF 34 9C FF FF FF FF FF FF FF FF ...
T55E4 004:683.845   completely In flash
T55E4 004:683.891 - 0.146ms returns 0xBE0
T55E4 004:684.486 JLINK_WriteMem(0x20304C40, 0xBE0 Bytes, ...)
T55E4 004:684.540   Data:  00 00 00 00 00 00 00 00 00 D7 FF FF FF FF FF FF ...
T55E4 004:684.601   completely In flash
T55E4 004:684.666 - 0.180ms returns 0xBE0
T55E4 004:685.253 JLINK_WriteMem(0x20305820, 0xBE0 Bytes, ...)
T55E4 004:685.309   Data:  00 00 00 65 FE FF FF FF FF FF FF FF FF FE 63 00 ...
T55E4 004:685.371   completely In flash
T55E4 004:685.434 - 0.180ms returns 0xBE0
T55E4 004:686.022 JLINK_WriteMem(0x20306400, 0xBE0 Bytes, ...)
T55E4 004:686.082   Data:  FF 74 00 00 00 00 00 00 00 00 00 00 00 00 00 00 ...
T55E4 004:686.149   completely In flash
T55E4 004:686.215 - 0.194ms returns 0xBE0
T55E4 004:686.897 JLINK_WriteMem(0x20306FE0, 0xBE0 Bytes, ...)
T55E4 004:686.972   Data:  FF FF FF 82 00 00 00 00 00 00 00 00 01 D6 FF FF ...
T55E4 004:687.039   completely In flash
T55E4 004:687.104 - 0.208ms returns 0xBE0
T55E4 004:687.813 JLINK_WriteMem(0x20307BC0, 0xBE0 Bytes, ...)
T55E4 004:687.883   Data:  E8 81 D6 F5 9C 2D C9 F6 B6 0E E8 BD 19 26 EC D7 ...
T55E4 004:687.950   completely In flash
T55E4 004:688.015 - 0.203ms returns 0xBE0
T55E4 004:688.805 JLINK_WriteMem(0x203087A0, 0xBC0 Bytes, ...)
T55E4 004:688.873   Data:  00 00 35 8C DF C1 6D 1A 6C DB BF 6B 18 00 00 00 ...
T55E4 004:688.939   completely In flash
T55E4 004:689.006 - 0.202ms returns 0xBC0
T55E4 004:690.821 JLINK_WriteMem(0x20309360, 0xBD0 Bytes, ...)
T55E4 004:690.909   Data:  98 4A 20 40 00 00 00 00 00 00 00 00 00 00 00 00 ...
T55E4 004:690.979   completely In flash
T55E4 004:691.045 - 0.225ms returns 0xBD0
T55E4 004:691.876 JLINK_WriteMem(0x20309F30, 0xBC0 Bytes, ...)
T55E4 004:691.941   Data:  00 00 00 00 00 00 00 00 3C 01 52 00 78 02 8F 01 ...
T55E4 004:692.007   completely In flash
T55E4 004:692.072 - 0.196ms returns 0xBC0
T55E4 004:692.780 JLINK_WriteMem(0x2030AAF0, 0xBE0 Bytes, ...)
T55E4 004:692.842   Data:  00 00 00 00 00 00 00 00 98 B7 E5 40 00 00 00 00 ...
T55E4 004:692.908   completely In flash
T55E4 004:692.974 - 0.194ms returns 0xBE0
T55E4 004:693.675 JLINK_WriteMem(0x2030B6D0, 0xBE0 Bytes, ...)
T55E4 004:693.734   Data:  00 00 00 D5 50 00 00 00 B8 A2 0D 00 00 33 F5 D8 ...
T55E4 004:693.799   completely In flash
T55E4 004:693.864 - 0.190ms returns 0xBE0
T55E4 004:694.685 JLINK_WriteMem(0x2030C2B0, 0xBD0 Bytes, ...)
T55E4 004:694.750   Data:  79 00 AC E6 09 00 00 9B E3 09 00 24 FA 76 00 21 ...
T55E4 004:694.816   completely In flash
T55E4 004:694.882 - 0.196ms returns 0xBD0
T55E4 004:695.631 JLINK_WriteMem(0x2030CE80, 0xBD0 Bytes, ...)
T55E4 004:695.731   Data:  F0 F6 D7 94 25 00 00 00 00 00 00 00 00 00 00 00 ...
T55E4 004:695.797   completely In flash
T55E4 004:695.859 - 0.228ms returns 0xBD0
T55E4 004:696.707 JLINK_WriteMem(0x2030DA50, 0xB90 Bytes, ...)
T55E4 004:696.785   Data:  74 08 00 00 92 08 00 00 B1 08 00 00 D0 08 00 00 ...
T55E4 004:696.921   completely In flash
T55E4 004:696.996 - 0.290ms returns 0xB90
T55E4 004:697.541 JLINK_WriteMem(0x2030E5E0, 0xBC0 Bytes, ...)
T55E4 004:697.594   Data:  E0 7B 23 40 00 00 00 00 10 7C 23 40 00 00 00 00 ...
T55E4 004:697.656   completely In flash
T55E4 004:697.715 - 0.174ms returns 0xBC0
T55E4 004:698.124 JLINK_WriteMem(0x2030F1A0, 0xBE0 Bytes, ...)
T55E4 004:698.183   Data:  1E 00 00 00 00 00 00 00 0D 00 00 00 06 00 00 00 ...
T55E4 004:698.233   completely In flash
T55E4 004:698.282 - 0.158ms returns 0xBE0
T55E4 004:698.931 JLINK_WriteMem(0x2030FD80, 0xBD0 Bytes, ...)
T55E4 004:698.976   Data:  00 00 00 00 00 00 00 00 00 00 00 00 00 00 00 00 ...
T55E4 004:699.033   completely In flash
T55E4 004:699.082 - 0.152ms returns 0xBD0
T55E4 004:699.682 JLINK_WriteMem(0x20310950, 0xA90 Bytes, ...)
T55E4 004:699.717   Data:  00 00 41 53 43 49 49 00 00 00 00 00 00 00 00 00 ...
T55E4 004:699.760   completely In flash
T55E4 004:699.800 - 0.118ms returns 0xA90
T55E4 004:700.447 JLINK_WriteMem(0x203113E0, 0xB30 Bytes, ...)
T55E4 004:700.505   Data:  B8 93 23 40 00 00 00 00 B8 93 23 40 00 00 00 00 ...
T55E4 004:700.577   completely In flash
T55E4 004:700.647 - 0.200ms returns 0xB30
T55E4 004:701.237 JLINK_WriteMem(0x20311F10, 0xBE0 Bytes, ...)
T55E4 004:701.316   Data:  00 00 00 00 00 00 00 00 00 00 00 00 00 00 00 00 ...
T55E4 004:701.372   completely In flash
T55E4 004:701.415 - 0.179ms returns 0xBE0
T55E4 004:701.976 JLINK_WriteMem(0x20312AF0, 0xBE0 Bytes, ...)
T55E4 004:702.012   Data:  00 00 00 00 00 00 00 00 00 00 00 00 00 00 00 00 ...
T55E4 004:702.056   completely In flash
T55E4 004:702.097 - 0.121ms returns 0xBE0
T55E4 004:702.460 JLINK_WriteMem(0x203136D0, 0x6A8 Bytes, ...)
T55E4 004:702.495   Data:  00 00 00 00 00 00 00 00 00 00 00 00 00 00 00 00 ...
T55E4 004:702.535   completely In flash
T55E4 004:702.574 - 0.114ms returns 0x6A8
T55E4 004:727.577 JLINK_EndDownload()
T55E4 004:728.003    -- --------------------------------------
T55E4 004:728.128    -- Flash bank @ 0x20000000: Default: L2 verify disabled because algorithm performs L1 verify
T55E4 004:728.205    -- Start of determining dirty areas in flash cache
T55E4 004:728.283    -- Filling invalid ranges in sector buffer (flash cache) for sector @ 0x20000000 if necessary
T55E4 004:728.373    -- Filling invalid ranges in sector buffer (flash cache) for sector @ 0x20020000 if necessary
T55E4 004:728.436    -- Filling invalid ranges in sector buffer (flash cache) for sector @ 0x20030000 if necessary
T55E4 004:728.498    -- Filling invalid ranges in sector buffer (flash cache) for sector @ 0x20040000 if necessary
T55E4 004:728.561    -- Filling invalid ranges in sector buffer (flash cache) for sector @ 0x20050000 if necessary
T55E4 004:728.623    -- Filling invalid ranges in sector buffer (flash cache) for sector @ 0x20060000 if necessary
T55E4 004:728.685    -- Filling invalid ranges in sector buffer (flash cache) for sector @ 0x20070000 if necessary
T55E4 004:728.746    -- Filling invalid ranges in sector buffer (flash cache) for sector @ 0x20080000 if necessary
T55E4 004:728.808    -- Filling invalid ranges in sector buffer (flash cache) for sector @ 0x20090000 if necessary
T55E4 004:728.961    -- Filling invalid ranges in sector buffer (flash cache) for sector @ 0x200A0000 if necessary
T55E4 004:729.022    -- Filling invalid ranges in sector buffer (flash cache) for sector @ 0x200B0000 if necessary
T55E4 004:729.081    -- Filling invalid ranges in sector buffer (flash cache) for sector @ 0x200C0000 if necessary
T55E4 004:729.139    -- Filling invalid ranges in sector buffer (flash cache) for sector @ 0x200D0000 if necessary
T55E4 004:729.197    -- Filling invalid ranges in sector buffer (flash cache) for sector @ 0x200E0000 if necessary
T55E4 004:729.255    -- Filling invalid ranges in sector buffer (flash cache) for sector @ 0x200F0000 if necessary
T55E4 004:729.318    -- Filling invalid ranges in sector buffer (flash cache) for sector @ 0x20100000 if necessary
T55E4 004:729.378    -- Filling invalid ranges in sector buffer (flash cache) for sector @ 0x20110000 if necessary
T55E4 004:729.437    -- Filling invalid ranges in sector buffer (flash cache) for sector @ 0x20120000 if necessary
T55E4 004:729.498    -- Filling invalid ranges in sector buffer (flash cache) for sector @ 0x20130000 if necessary
T55E4 004:729.564    -- Filling invalid ranges in sector buffer (flash cache) for sector @ 0x20140000 if necessary
T55E4 004:729.626    -- Filling invalid ranges in sector buffer (flash cache) for sector @ 0x20150000 if necessary
T55E4 004:729.685    -- Filling invalid ranges in sector buffer (flash cache) for sector @ 0x20160000 if necessary
T55E4 004:729.741    -- Filling invalid ranges in sector buffer (flash cache) for sector @ 0x20170000 if necessary
T55E4 004:729.783    -- Filling invalid ranges in sector buffer (flash cache) for sector @ 0x20180000 if necessary
T55E4 004:729.826    -- Filling invalid ranges in sector buffer (flash cache) for sector @ 0x20190000 if necessary
T55E4 004:729.873    -- Filling invalid ranges in sector buffer (flash cache) for sector @ 0x201A0000 if necessary
T55E4 004:729.915    -- Filling invalid ranges in sector buffer (flash cache) for sector @ 0x201B0000 if necessary
T55E4 004:729.958    -- Filling invalid ranges in sector buffer (flash cache) for sector @ 0x201C0000 if necessary
T55E4 004:730.000    -- Filling invalid ranges in sector buffer (flash cache) for sector @ 0x201D0000 if necessary
T55E4 004:730.049    -- Filling invalid ranges in sector buffer (flash cache) for sector @ 0x201E0000 if necessary
T55E4 004:730.105    -- Filling invalid ranges in sector buffer (flash cache) for sector @ 0x201F0000 if necessary
T55E4 004:730.164    -- Filling invalid ranges in sector buffer (flash cache) for sector @ 0x20200000 if necessary
T55E4 004:730.217    -- Filling invalid ranges in sector buffer (flash cache) for sector @ 0x20210000 if necessary
T55E4 004:730.261    -- Filling invalid ranges in sector buffer (flash cache) for sector @ 0x20220000 if necessary
T55E4 004:730.303    -- Filling invalid ranges in sector buffer (flash cache) for sector @ 0x20230000 if necessary
T55E4 004:730.437    -- Filling invalid ranges in sector buffer (flash cache) for sector @ 0x20240000 if necessary
T55E4 004:730.498    -- Filling invalid ranges in sector buffer (flash cache) for sector @ 0x20250000 if necessary
T55E4 004:730.559    -- Filling invalid ranges in sector buffer (flash cache) for sector @ 0x20260000 if necessary
T55E4 004:730.618    -- Filling invalid ranges in sector buffer (flash cache) for sector @ 0x20270000 if necessary
T55E4 004:730.679    -- Filling invalid ranges in sector buffer (flash cache) for sector @ 0x20280000 if necessary
T55E4 004:730.739    -- Filling invalid ranges in sector buffer (flash cache) for sector @ 0x20290000 if necessary
T55E4 004:730.799    -- Filling invalid ranges in sector buffer (flash cache) for sector @ 0x202A0000 if necessary
T55E4 004:730.862    -- Filling invalid ranges in sector buffer (flash cache) for sector @ 0x202B0000 if necessary
T55E4 004:730.922    -- Filling invalid ranges in sector buffer (flash cache) for sector @ 0x202C0000 if necessary
T55E4 004:730.985    -- Filling invalid ranges in sector buffer (flash cache) for sector @ 0x202D0000 if necessary
T55E4 004:731.045    -- Filling invalid ranges in sector buffer (flash cache) for sector @ 0x202E0000 if necessary
T55E4 004:731.105    -- Filling invalid ranges in sector buffer (flash cache) for sector @ 0x202F0000 if necessary
T55E4 004:731.167    -- Filling invalid ranges in sector buffer (flash cache) for sector @ 0x20300000 if necessary
T55E4 004:731.227    -- Filling invalid ranges in sector buffer (flash cache) for sector @ 0x20310000 if necessary
T55E4 004:735.779    -- End of determining dirty areas
T55E4 004:735.920    -- Start of preparing flash programming
T55E4 004:735.997    -- Calculating RAM usage
T55E4 004:736.238    -- RAM usage = 20656 Bytes
T55E4 004:736.299    -- Preserving CPU registers
T55E4 004:736.403    -- Preparing target
T55E4 004:736.458    -- Preserving target RAM temporarily used for programming
T55E4 005:161.311    -- Downloading RAMCode
T55E4 005:245.377    -- Preparing RAMCode
T55E4 005:259.283    -- End of preparing flash programming
T55E4 005:259.433    -- CPU speed could not be measured.
T55E4 005:259.489    -- Start of comparing flash
T55E4 005:259.544    -- CRC check was estimated as fastest method
T55E4 005:259.604    -- Comparing range 0x20000000 - 0x2000FFFF (1 Sector, 64 KB), using single-block CRC calculation
T55E4 005:365.732    -- CRC matches
T55E4 005:365.812    -- Comparing range 0x20020000 - 0x2003FFFF (2 Sectors, 128 KB), using single-block CRC calculation
T55E4 005:568.929    -- CRC does not match, checking individual sectors
T55E4 005:675.399    -- CRC does not match for sector 2
T55E4 005:781.739    -- CRC does not match for sector 3
T55E4 005:781.861    -- Comparing range 0x20040000 - 0x2005FFFF (2 Sectors, 128 KB), using single-block CRC calculation
T55E4 005:984.791    -- CRC does not match, checking individual sectors
T55E4 006:091.115    -- CRC does not match for sector 4
T55E4 006:197.371    -- CRC does not match for sector 5
T55E4 006:197.502    -- Comparing range 0x20060000 - 0x2007FFFF (2 Sectors, 128 KB), using single-block CRC calculation
T55E4 006:400.480    -- CRC does not match, checking individual sectors
T55E4 006:506.855    -- CRC does not match for sector 6
T55E4 006:612.939    -- CRC does not match for sector 7
T55E4 006:613.017    -- Comparing range 0x20080000 - 0x2009FFFF (2 Sectors, 128 KB), using single-block CRC calculation
T55E4 006:815.977    -- CRC does not match, checking individual sectors
T55E4 006:922.141    -- CRC does not match for sector 8
T55E4 007:028.559    -- CRC does not match for sector 9
T55E4 007:028.768    -- Comparing range 0x200A0000 - 0x200BFFFF (2 Sectors, 128 KB), using single-block CRC calculation
T55E4 007:231.683    -- CRC does not match, checking individual sectors
T55E4 007:337.817    -- CRC does not match for sector 10
T55E4 007:443.959    -- CRC does not match for sector 11
T55E4 007:444.056    -- Comparing range 0x200C0000 - 0x200DFFFF (2 Sectors, 128 KB), using single-block CRC calculation
T55E4 007:646.913    -- CRC does not match, checking individual sectors
T55E4 007:753.220    -- CRC does not match for sector 12
T55E4 007:859.771    -- CRC does not match for sector 13
T55E4 007:859.872    -- Comparing range 0x200E0000 - 0x200FFFFF (2 Sectors, 128 KB), using single-block CRC calculation
T55E4 008:062.687    -- CRC does not match, checking individual sectors
T55E4 008:168.873    -- CRC does not match for sector 14
T55E4 008:275.325    -- CRC does not match for sector 15
T55E4 008:275.423    -- Comparing range 0x20100000 - 0x2011FFFF (2 Sectors, 128 KB), using single-block CRC calculation
T55E4 008:478.094    -- CRC does not match, checking individual sectors
T55E4 008:584.614    -- CRC does not match for sector 16
T55E4 008:690.938    -- CRC does not match for sector 17
T55E4 008:691.047    -- Comparing range 0x20120000 - 0x2013FFFF (2 Sectors, 128 KB), using single-block CRC calculation
T55E4 008:893.880    -- CRC does not match, checking individual sectors
T55E4 009:000.311    -- CRC does not match for sector 18
T55E4 009:106.496    -- CRC does not match for sector 19
T55E4 009:106.638    -- Comparing range 0x20140000 - 0x2015FFFF (2 Sectors, 128 KB), using single-block CRC calculation
T55E4 009:309.509    -- CRC does not match, checking individual sectors
T55E4 009:415.767    -- CRC does not match for sector 20
T55E4 009:522.234    -- CRC does not match for sector 21
T55E4 009:522.403    -- Comparing range 0x20160000 - 0x2017FFFF (2 Sectors, 128 KB), using single-block CRC calculation
T55E4 009:725.658    -- CRC does not match, checking individual sectors
T55E4 009:831.810    -- CRC does not match for sector 22
T55E4 009:938.286    -- CRC does not match for sector 23
T55E4 009:938.377    -- Comparing range 0x20180000 - 0x2019FFFF (2 Sectors, 128 KB), using single-block CRC calculation
T55E4 010:141.288    -- CRC does not match, checking individual sectors
T55E4 010:247.788    -- CRC does not match for sector 24
T55E4 010:353.801    -- CRC does not match for sector 25
T55E4 010:353.931    -- Comparing range 0x201A0000 - 0x201BFFFF (2 Sectors, 128 KB), using single-block CRC calculation
T55E4 010:556.862    -- CRC does not match, checking individual sectors
T55E4 010:663.325    -- CRC does not match for sector 26
T55E4 010:770.028    -- CRC does not match for sector 27
T55E4 010:770.222    -- Comparing range 0x201C0000 - 0x201DFFFF (2 Sectors, 128 KB), using single-block CRC calculation
T55E4 010:973.128    -- CRC does not match, checking individual sectors
T55E4 011:079.371    -- CRC does not match for sector 28
T55E4 011:185.422    -- CRC does not match for sector 29
T55E4 011:185.533    -- Comparing range 0x201E0000 - 0x201FFFFF (2 Sectors, 128 KB), using single-block CRC calculation
T55E4 011:388.125    -- CRC does not match, checking individual sectors
T55E4 011:494.343    -- CRC does not match for sector 30
T55E4 011:600.807    -- CRC does not match for sector 31
T55E4 011:600.885    -- Comparing range 0x20200000 - 0x2021FFFF (2 Sectors, 128 KB), using single-block CRC calculation
T55E4 011:803.705    -- CRC does not match, checking individual sectors
T55E4 011:910.081    -- CRC does not match for sector 32
T55E4 012:016.330    -- CRC does not match for sector 33
T55E4 012:016.410    -- Comparing range 0x20220000 - 0x2023FFFF (2 Sectors, 128 KB), using single-block CRC calculation
T55E4 012:219.386    -- CRC does not match, checking individual sectors
T55E4 012:325.602    -- CRC does not match for sector 34
T55E4 012:431.768    -- CRC does not match for sector 35
T55E4 012:431.838    -- Comparing range 0x20240000 - 0x2025FFFF (2 Sectors, 128 KB), using single-block CRC calculation
T55E4 012:635.181    -- CRC does not match, checking individual sectors
T55E4 012:741.396    -- CRC does not match for sector 36
T55E4 012:847.610    -- CRC does not match for sector 37
T55E4 012:847.666    -- Comparing range 0x20260000 - 0x2027FFFF (2 Sectors, 128 KB), using single-block CRC calculation
T55E4 013:050.278    -- CRC does not match, checking individual sectors
T55E4 013:156.202    -- CRC does not match for sector 38
T55E4 013:262.590    -- CRC does not match for sector 39
T55E4 013:262.646    -- Comparing range 0x20280000 - 0x2029FFFF (2 Sectors, 128 KB), using single-block CRC calculation
T55E4 013:465.302    -- CRC does not match, checking individual sectors
T55E4 013:571.344    -- CRC does not match for sector 40
T55E4 013:677.395    -- CRC does not match for sector 41
T55E4 013:677.458    -- Comparing range 0x202A0000 - 0x202BFFFF (2 Sectors, 128 KB), using single-block CRC calculation
T55E4 013:880.102    -- CRC does not match, checking individual sectors
T55E4 013:986.379    -- CRC does not match for sector 42
T55E4 014:092.381    -- CRC does not match for sector 43
T55E4 014:092.464    -- Comparing range 0x202C0000 - 0x202DFFFF (2 Sectors, 128 KB), using single-block CRC calculation
T55E4 014:295.272    -- CRC does not match, checking individual sectors
T55E4 014:401.317    -- CRC does not match for sector 44
T55E4 014:507.310    -- CRC does not match for sector 45
T55E4 014:507.381    -- Comparing range 0x202E0000 - 0x202FFFFF (2 Sectors, 128 KB), using single-block CRC calculation
T55E4 014:710.048    -- CRC does not match, checking individual sectors
T55E4 014:816.173    -- CRC does not match for sector 46
T55E4 014:922.595    -- CRC does not match for sector 47
T55E4 014:922.669    -- Comparing range 0x20300000 - 0x2031FFFF (2 Sectors, 128 KB), using single-block CRC calculation
T55E4 015:125.486    -- CRC does not match, checking individual sectors
T55E4 015:231.581    -- CRC does not match for sector 48
T55E4 015:338.253    -- CRC does not match for sector 49
T55E4 015:338.389    -- Comparing range 0x20000000 - 0x2000FFFF (1 Sector, 64 KB), using alternative single-block CRC calculation
T55E4 015:444.667    -- CRC matches
T55E4 015:444.738    -- End of comparing flash
T55E4 015:444.763    -- Start of erasing sectors
T55E4 015:444.790    -- Erasing range 0x20020000 - 0x2003FFFF (  2 Sectors, 128 KB)
T55E4 016:037.584    -- Erasing range 0x20040000 - 0x2005FFFF (  2 Sectors, 128 KB)
T55E4 016:627.557    -- Erasing range 0x20060000 - 0x2007FFFF (  2 Sectors, 128 KB)
T55E4 017:196.030    -- Erasing range 0x20080000 - 0x2009FFFF (  2 Sectors, 128 KB)
T55E4 017:796.180    -- Erasing range 0x200A0000 - 0x200BFFFF (  2 Sectors, 128 KB)
T55E4 018:371.960    -- Erasing range 0x200C0000 - 0x200DFFFF (  2 Sectors, 128 KB)
T55E4 018:951.044    -- Erasing range 0x200E0000 - 0x200FFFFF (  2 Sectors, 128 KB)
T55E4 019:522.186    -- Erasing range 0x20100000 - 0x2011FFFF (  2 Sectors, 128 KB)
T55E4 020:099.430    -- Erasing range 0x20120000 - 0x2013FFFF (  2 Sectors, 128 KB)
T55E4 020:686.518    -- Erasing range 0x20140000 - 0x2015FFFF (  2 Sectors, 128 KB)
T55E4 021:249.748    -- Erasing range 0x20160000 - 0x2017FFFF (  2 Sectors, 128 KB)
T55E4 021:811.594    -- Erasing range 0x20180000 - 0x2019FFFF (  2 Sectors, 128 KB)
T55E4 022:399.106    -- Erasing range 0x201A0000 - 0x201BFFFF (  2 Sectors, 128 KB)
T55E4 022:973.050    -- Erasing range 0x201C0000 - 0x201DFFFF (  2 Sectors, 128 KB)
T55E4 023:536.770    -- Erasing range 0x201E0000 - 0x201FFFFF (  2 Sectors, 128 KB)
T55E4 024:097.652    -- Erasing range 0x20200000 - 0x2021FFFF (  2 Sectors, 128 KB)
T55E4 024:702.412    -- Erasing range 0x20220000 - 0x2023FFFF (  2 Sectors, 128 KB)
T55E4 025:271.928    -- Erasing range 0x20240000 - 0x2025FFFF (  2 Sectors, 128 KB)
T55E4 025:830.112    -- Erasing range 0x20260000 - 0x2027FFFF (  2 Sectors, 128 KB)
T55E4 026:393.176    -- Erasing range 0x20280000 - 0x2029FFFF (  2 Sectors, 128 KB)
T55E4 026:968.128    -- Erasing range 0x202A0000 - 0x202BFFFF (  2 Sectors, 128 KB)
T55E4 027:538.044    -- Erasing range 0x202C0000 - 0x202DFFFF (  2 Sectors, 128 KB)
T55E4 028:103.532    -- Erasing range 0x202E0000 - 0x202FFFFF (  2 Sectors, 128 KB)
T55E4 028:656.448    -- Erasing range 0x20300000 - 0x2031FFFF (  2 Sectors, 128 KB)
T55E4 029:223.034    -- End of erasing sectors
T55E4 029:223.124    -- Start of flash programming
T55E4 029:223.162    -- Programming range 0x20020000 - 0x2002FFFF (  1 Sector, 64 KB)
T55E4 029:824.692    -- Programming range 0x20030000 - 0x2003FFFF (  1 Sector, 64 KB)
T55E4 030:426.580    -- Programming range 0x20040000 - 0x2004FFFF (  1 Sector, 64 KB)
T55E4 031:029.524    -- Programming range 0x20050000 - 0x2005FFFF (  1 Sector, 64 KB)
T55E4 031:632.134    -- Programming range 0x20060000 - 0x2006FFFF (  1 Sector, 64 KB)
T55E4 032:234.598    -- Programming range 0x20070000 - 0x2007FFFF (  1 Sector, 64 KB)
T55E4 032:837.078    -- Programming range 0x20080000 - 0x2008FFFF (  1 Sector, 64 KB)
T55E4 033:437.802    -- Programming range 0x20090000 - 0x2009FFFF (  1 Sector, 64 KB)
T55E4 034:039.212    -- Programming range 0x200A0000 - 0x200AFFFF (  1 Sector, 64 KB)
T55E4 034:640.444    -- Programming range 0x200B0000 - 0x200BFFFF (  1 Sector, 64 KB)
T55E4 035:242.504    -- Programming range 0x200C0000 - 0x200CFFFF (  1 Sector, 64 KB)
T55E4 035:844.184    -- Programming range 0x200D0000 - 0x200DFFFF (  1 Sector, 64 KB)
T55E4 036:446.400    -- Programming range 0x200E0000 - 0x200EFFFF (  1 Sector, 64 KB)
T55E4 037:048.456    -- Programming range 0x200F0000 - 0x200FFFFF (  1 Sector, 64 KB)
T55E4 037:649.996    -- Programming range 0x20100000 - 0x2010FFFF (  1 Sector, 64 KB)
T55E4 038:251.472    -- Programming range 0x20110000 - 0x2011FFFF (  1 Sector, 64 KB)
T55E4 038:852.456    -- Programming range 0x20120000 - 0x2012FFFF (  1 Sector, 64 KB)
T55E4 039:455.368    -- Programming range 0x20130000 - 0x2013FFFF (  1 Sector, 64 KB)
T55E4 040:057.144    -- Programming range 0x20140000 - 0x2014FFFF (  1 Sector, 64 KB)
T55E4 040:658.188    -- Programming range 0x20150000 - 0x2015FFFF (  1 Sector, 64 KB)
T55E4 041:261.464    -- Programming range 0x20160000 - 0x2016FFFF (  1 Sector, 64 KB)
T55E4 041:863.020    -- Programming range 0x20170000 - 0x2017FFFF (  1 Sector, 64 KB)
T55E4 042:464.372    -- Programming range 0x20180000 - 0x2018FFFF (  1 Sector, 64 KB)
T55E4 043:065.096    -- Programming range 0x20190000 - 0x2019FFFF (  1 Sector, 64 KB)
T55E4 043:666.852    -- Programming range 0x201A0000 - 0x201AFFFF (  1 Sector, 64 KB)
T55E4 044:270.140    -- Programming range 0x201B0000 - 0x201BFFFF (  1 Sector, 64 KB)
T55E4 044:871.668    -- Programming range 0x201C0000 - 0x201CFFFF (  1 Sector, 64 KB)
T55E4 045:473.436    -- Programming range 0x201D0000 - 0x201DFFFF (  1 Sector, 64 KB)
T55E4 046:075.204    -- Programming range 0x201E0000 - 0x201EFFFF (  1 Sector, 64 KB)
T55E4 046:676.632    -- Programming range 0x201F0000 - 0x201FFFFF (  1 Sector, 64 KB)
T55E4 047:278.344    -- Programming range 0x20200000 - 0x2020FFFF (  1 Sector, 64 KB)
T55E4 047:880.792    -- Programming range 0x20210000 - 0x2021FFFF (  1 Sector, 64 KB)
T55E4 048:483.484    -- Programming range 0x20220000 - 0x2022FFFF (  1 Sector, 64 KB)
T55E4 049:085.432    -- Programming range 0x20230000 - 0x2023FFFF (  1 Sector, 64 KB)
T55E4 049:687.920    -- Programming range 0x20240000 - 0x2024FFFF (  1 Sector, 64 KB)
T55E4 050:289.464    -- Programming range 0x20250000 - 0x2025FFFF (  1 Sector, 64 KB)
T55E4 050:890.748    -- Programming range 0x20260000 - 0x2026FFFF (  1 Sector, 64 KB)
T55E4 051:491.608    -- Programming range 0x20270000 - 0x2027FFFF (  1 Sector, 64 KB)
T55E4 052:093.724    -- Programming range 0x20280000 - 0x2028FFFF (  1 Sector, 64 KB)
T55E4 052:696.024    -- Programming range 0x20290000 - 0x2029FFFF (  1 Sector, 64 KB)
T55E4 053:299.236    -- Programming range 0x202A0000 - 0x202AFFFF (  1 Sector, 64 KB)
T55E4 053:902.552    -- Programming range 0x202B0000 - 0x202BFFFF (  1 Sector, 64 KB)
T55E4 054:505.568    -- Programming range 0x202C0000 - 0x202CFFFF (  1 Sector, 64 KB)
T55E4 055:108.564    -- Programming range 0x202D0000 - 0x202DFFFF (  1 Sector, 64 KB)
T55E4 055:710.528    -- Programming range 0x202E0000 - 0x202EFFFF (  1 Sector, 64 KB)
T55E4 056:312.716    -- Programming range 0x202F0000 - 0x202FFFFF (  1 Sector, 64 KB)
T55E4 056:913.160    -- Programming range 0x20300000 - 0x2030FFFF (  1 Sector, 64 KB)
T55E4 057:514.808    -- Programming range 0x20310000 - 0x2031FFFF (  1 Sector, 64 KB)
T55E4 057:664.904    -- End of flash programming
T55E4 057:665.000    -- 0x20020000 - 0x2031FFFF ( 48 Sectors, 3072 KB)
T55E4 057:665.024    -- Start of restoring
T55E4 057:665.048    -- Restoring RAMCode
T55E4 057:674.540    -- Restoring target memory
T55E4 057:769.792    -- Restore target
T55E4 057:769.928    -- Restoring CPU registers
T55E4 057:770.040    -- End of restoring
T55E4 057:770.168    -- Bank 0 @ 0x20000000: 1 range affected (3145728 bytes)
T55E4 057:770.292    -- Total: 53.034s (Prepare: 0.523s, Compare: 10.185s, Erase: 13.778s, Program & Verify: 28.441s, Restore: 0.105s)
T55E4 057:770.412    -- Program & Verify speed: 107 KB/s
T55E4 057:771.060 - 53043.496ms returns 3145728 (0x300000)
T55E4 057:774.508 JLINK_WriteRegs_64(NumRegs = 1, Indexes: 
T55E4 057:774.632   33)
T55E4 057:774.708    -- PC=0x20000000
T55E4 057:774.772 - 0.257ms returns 0
T55E4 057:774.816 JLINK_WriteRegs_64(NumRegs = 1, Indexes: 
T55E4 057:774.856   33)
T55E4 057:774.912    -- PC=0x20020000
T55E4 057:774.968 - 0.155ms returns 0
T55E4 057:794.004 JLINK_ReadMem(0x20020000, 0x40 Bytes, ...)
T55E4 057:794.092    -- Read from flash cache (64 bytes @ 0x20020000)
T55E4 057:794.124   Data:  00 00 20 40 00 00 00 00 FF FF DF BF FF FF FF FF ...
T55E4 057:794.156 - 0.157ms returns 0
T55E4 057:822.964 JLINK_ReadMem(0x20020000, 0x40 Bytes, ...)
T55E4 057:823.116    -- Read from flash cache (64 bytes @ 0x20020000)
T55E4 057:823.148   Data:  00 00 20 40 00 00 00 00 FF FF DF BF FF FF FF FF ...
T55E4 057:823.176 - 0.211ms returns 0
T55E4 058:456.812 JLINK_GetNumBPUnits(Type = 0xFFFFFF00)
T55E4 058:456.948 - 0.136ms returns 0x06
T55E4 058:456.968 JLINK_GetNumWPUnits()
T55E4 058:456.980 - 0.015ms returns 4
T55E4 058:457.000 JLINK_GetNumWPUnits()
T55E4 058:457.012 - 0.015ms returns 4
T55E4 058:457.032 JLINK_GetNumBPUnits(Type = 0xFFFFFF00)
T55E4 058:457.048 - 0.015ms returns 0x06
T55E4 058:457.064 JLINK_GetNumWPUnits()
T55E4 058:457.080 - 0.014ms returns 4
T55E4 058:457.096 JLINK_GetNumWPUnits()
T55E4 058:457.108 - 0.015ms returns 4
T55E4 058:457.128 JLINK_GetNumBPUnits(Type = 0xFFFFFF00)
T55E4 058:457.144 - 0.015ms returns 0x06
T55E4 058:457.160 JLINK_GetNumWPUnits()
T55E4 058:457.176 - 0.015ms returns 4
T55E4 058:457.192 JLINK_GetNumWPUnits()
T55E4 058:457.208 - 0.014ms returns 4
T55E4 058:457.260 JLINK_SetBPEx(Addr = 0x402073C0, Type = 0xFFFFFF00)
T55E4 058:457.288 - 0.024ms returns 0x00000001
T55E4 058:457.300 JLINK_ClrBPEx(BPHandle = 0x00000001)
T55E4 058:457.620 - 0.319ms returns 0x00
T55E4 058:479.168 JLINK_ReadMem(0x402073C0, 0x4 Bytes, ...)
T55E4 058:479.252   CPU_ReadMem(4 bytes @ 0x402073C0)
T55E4 058:509.432   failed
T55E4 058:509.536 - 30.365ms returns 1
T55E4 058:510.232 JLINK_SetBPEx(Addr = 0x402073C0, Type = 0xFFFFFF00)
T55E4 058:510.284 - 0.053ms returns 0x00000002
T55E4 058:533.984 JLINK_ResetPullsRESET(ON)
T55E4 058:534.056 - 0.071ms
T55E4 058:534.068 JLINK_Halt()
T55E4 058:534.088 - 0.018ms returns 0x00
T55E4 058:534.104 JLINK_IsHalted()
T55E4 058:534.124 - 0.018ms returns TRUE
T55E4 058:534.144 JLINK_Reset()
T55E4 058:534.164   JLINK_GetResetTypeDesc
T55E4 058:534.184   - 0.016ms
T55E4 058:534.200   Reset type: NORMAL (https://wiki.segger.com/J-Link_Reset_Strategies)
T55E4 058:656.596   Reset confused the core.
T55E4 058:657.472   Disabled core power domain detected.
T55E4 058:659.340   
  ***** Warning: 
T55E4 058:659.416   CPU not halted after Reset, halting using Halt request
T55E4 058:677.152 - 143.012ms
T55E4 058:677.236 JLINK_SetEndian(ARM_ENDIAN_LITTLE)
T55E4 058:677.248 - 0.016ms returns 0
T55E4 058:780.544 JLINK_ReadRegs_64(NumRegs = 49, Indexes: 
T55E4 058:780.600   0, 
T55E4 058:780.620   1, 
T55E4 058:780.648   2, 
T55E4 058:780.664   3, 
T55E4 058:780.692   4, 
T55E4 058:780.712   5, 
T55E4 058:780.728   6, 
T55E4 058:780.756   7, 
T55E4 058:780.776   8, 
T55E4 058:780.800   9, 
T55E4 058:780.876   10, 
T55E4 058:780.896   11, 
T55E4 058:780.936   12, 
T55E4 058:780.952   13, 
T55E4 058:780.980   14, 
T55E4 058:781.016   15, 
T55E4 058:781.064   16, 
T55E4 058:781.096   17, 
T55E4 058:781.128   18, 
T55E4 058:781.160   19, 
T55E4 058:781.192   20, 
T55E4 058:781.216   21, 
T55E4 058:781.236   22, 
T55E4 058:781.260   23, 
T55E4 058:781.288   24, 
T55E4 058:781.304   25, 
T55E4 058:781.332   26, 
T55E4 058:781.352   27, 
T55E4 058:781.376   28, 
T55E4 058:781.408   29, 
T55E4 058:781.440   30, 
T55E4 058:781.472   31, 
T55E4 058:781.512   32, 
T55E4 058:781.544   33, 
T55E4 058:781.588   34, 
T55E4 058:781.620   35, 
T55E4 058:781.652   36, 
T55E4 058:781.704   37, 
T55E4 058:781.740   38, 
T55E4 058:781.780   39, 
T55E4 058:781.812   40, 
T55E4 058:781.848   41, 
T55E4 058:781.876   42, 
T55E4 058:781.900   43, 
T55E4 058:781.932   44, 
T55E4 058:781.972   45, 
T55E4 058:781.996   46, 
T55E4 058:782.024   47, 
T55E4 058:782.040   48)
T55E4 058:782.088   
 -- R0=0xFEDFFFFF, R1=0x00, R2=0x00, R3=0x00, R4=0x9F75F0, R5=0x204, R6=0x3FFFFFFF, R7=0x03, R8=0x01, R9=0x01, R10=0x1006000C, R11=0x00, R12=0x2000, R13=0x00, R14=0x00, R15=0x00, R16=0x00, R17=0x00, R18=0x00, R19=0x04, R20=0x00, R21=0x00, R22=0x00, R23=0x00, R24=0x00, R25=0x00, R26=0x00, R27=0x00, R28=0x00, R29=0x00, R30=0x11EC, R31=0x00, SP=0x2FFC0, PC=0x12028, ELR_EL1=0x00, ELR_EL2=0x00, ELR_EL3=0x00, SP_EL0=0x00, SP_EL1=0x00, SP_EL2=0x00, SP_EL3=0x2FFC0, CPSR=0x800003CD, SPSR_abt=0xFEDFDFFF, SPSR_EL1=0xFEFFFFFF, SPSR_EL2=0xEEFFFFFE, SPSR_EL3=0x1CD, SPSR_fiq=0xFEDFFBFF, SPSR_irq=0xE6DFFFFF, SPSR_und=0xFEDFFFFF

T55E4 058:782.132 - 1.587ms returns 0
T55E4 058:783.512 JLINK_ReadMem(0x00012028, 0x4 Bytes, ...)
T55E4 058:783.640   CPU_ReadMem(64 bytes @ 0x00012000)
T55E4 058:785.920    -- Updating C cache (64 bytes @ 0x00012000)
T55E4 058:786.028    -- Read from C cache (4 bytes @ 0x00012028)
T55E4 058:786.056   Data:  64 00 00 B4
T55E4 058:786.072 - 2.561ms returns 0
T5420 058:890.888 JLINK_GetNumBPUnits(Type = 0xFFFFFF00)
T5420 058:890.964 - 0.074ms returns 0x06
T5420 058:890.984 JLINK_GetNumWPUnits()
T5420 058:891.008 - 0.020ms returns 4
T5420 058:891.028 JLINK_GetNumWPUnits()
T5420 058:891.048 - 0.021ms returns 4
T5420 058:891.700 JLINK_GetNumBPUnits(Type = 0xFFFFFF00)
T5420 058:891.788 - 0.089ms returns 0x06
T5420 058:891.820 JLINK_GetNumWPUnits()
T5420 058:891.848 - 0.024ms returns 4
T5420 058:891.872 JLINK_GetNumWPUnits()
T5420 058:891.896 - 0.028ms returns 4
T5420 058:892.296 JLINK_GetNumBPUnits(Type = 0xFFFFFF00)
T5420 058:892.332 - 0.037ms returns 0x06
T5420 058:892.352 JLINK_GetNumWPUnits()
T5420 058:892.364 - 0.015ms returns 4
T5420 058:892.384 JLINK_GetNumWPUnits()
T5420 058:892.396 - 0.015ms returns 4
T5420 058:892.664 JLINK_GetNumBPUnits(Type = 0xFFFFFF00)
T5420 058:892.728 - 0.064ms returns 0x06
T5420 058:892.748 JLINK_GetNumWPUnits()
T5420 058:892.776 - 0.020ms returns 4
T5420 058:892.792 JLINK_GetNumWPUnits()
T5420 058:892.808 - 0.015ms returns 4
T5420 058:893.036 JLINK_GetNumBPUnits(Type = 0xFFFFFF00)
T5420 058:893.088 - 0.052ms returns 0x06
T5420 058:893.112 JLINK_GetNumWPUnits()
T5420 058:893.128 - 0.015ms returns 4
T5420 058:893.144 JLINK_GetNumWPUnits()
T5420 058:893.160 - 0.014ms returns 4
T5420 058:893.480 JLINK_GetNumBPUnits(Type = 0xFFFFFF00)
T5420 058:893.556 - 0.071ms returns 0x06
T5420 058:893.576 JLINK_GetNumWPUnits()
T5420 058:893.600 - 0.023ms returns 4
T5420 058:893.624 JLINK_GetNumWPUnits()
T5420 058:893.664 - 0.038ms returns 4
T5420 058:894.056 JLINK_GetNumBPUnits(Type = 0xFFFFFF00)
T5420 058:894.100 - 0.040ms returns 0x06
T5420 058:894.112 JLINK_GetNumWPUnits()
T5420 058:894.132 - 0.015ms returns 4
T5420 058:894.144 JLINK_GetNumWPUnits()
T5420 058:894.164 - 0.016ms returns 4
T5420 058:894.440 JLINK_GetNumBPUnits(Type = 0xFFFFFF00)
T5420 058:894.484 - 0.039ms returns 0x06
T5420 058:894.496 JLINK_GetNumWPUnits()
T5420 058:894.516 - 0.016ms returns 4
T5420 058:894.528 JLINK_GetNumWPUnits()
T5420 058:894.548 - 0.016ms returns 4
T55E4 059:125.472 JLINK_ReadMem(0x00012028, 0x4 Bytes, ...)
T55E4 059:125.544    -- Read from C cache (4 bytes @ 0x00012028)
T55E4 059:125.560   Data:  64 00 00 B4
T55E4 059:125.592 - 0.125ms returns 0
T55E4 066:186.196 JLINK_STRACE_Read(..., NumItems = 0x10000)
T55E4 066:186.280   Initializing trace type buffer with configured Coresight trace components (* indicates set/detected address):
T55E4 066:186.296    *TF:   0x10C40000
T55E4 066:186.316    *TMC:  0x10C20000
T55E4 066:186.336    *ETB:  0x10C30000
T55E4 066:186.348     MTB:  0x00000000
T55E4 066:186.368     TPIU: 0x00000000
T55E4 066:186.388     ETM:  0x00000000
T55E4 066:186.400     STM:  0x00000000
T55E4 066:186.420     PTM:  0x00000000
T55E4 066:186.432   
  ***** Warning: 
T55E4 066:186.456   Required trace components for buffer trace not found!
Details see https://wiki.segger.com/Arm_trace_technical_specification#Required_trace_components
T55E4 066:186.924   Looking for J-Link GUI Server exe at: C:\Users\a5134593\.eclipse\com.renesas.platform_301333723\DebugComp\RZ\ARM\Segger_v8.10.1\JLinkGUIServer.exe
T55E4 066:187.092   Looking for J-Link GUI Server exe at: C:\Program Files (x86)\SEGGER\JLink\\JLinkGUIServer.exe
T55E4 066:493.004   Failed to connect to J-Link GUI Server.
T55E4 066:493.068 - 306.874ms NumItemsRead = 0xFFFFFFFF
T55E4 066:493.100 JLINK_IsHalted()
T55E4 066:493.608 - 0.501ms returns TRUE
T55E4 066:493.644 JLINK_STRACE_Read(..., NumItems = 0x10000)
T55E4 066:493.672 - 0.026ms NumItemsRead = 0x00
T55E4 066:493.704 JLINK_GoEx(MaxEmulInsts = 0, Flags = 0x01)
T55E4 066:498.956   Memory map 'after startup completion point' is active
T55E4 066:499.008 - 5.307ms
T55E4 066:607.016 JLINK_IsHalted()
T55E4 066:607.640 - 0.628ms returns FALSE
T55E4 066:607.688 JLINK_IsHalted()
T55E4 066:608.184 - 0.504ms returns FALSE
T55E4 066:716.264 JLINK_IsHalted()
T55E4 066:716.788 - 0.526ms returns FALSE
T55E4 066:716.824 JLINK_IsHalted()
T55E4 066:717.336 - 0.513ms returns FALSE
T55E4 066:824.972 JLINK_IsHalted()
T55E4 066:833.428 - 8.453ms returns TRUE
T55E4 066:833.484 JLINK_ReadRegs_64(NumRegs = 1, Indexes: 
T55E4 066:833.512   33)
T55E4 066:833.536    -- PC=0x402073C0
T55E4 066:833.560 - 0.080ms returns 0
T55E4 066:833.588 JLINK_ReadRegs_64(NumRegs = 1, Indexes: 
T55E4 066:833.608   41)
T55E4 066:833.644    -- CPSR=0x6000000D
T55E4 066:833.672 - 0.088ms returns 0
T55E4 066:833.688 JLINK_ReadRegs_64(NumRegs = 1, Indexes: 
T55E4 066:833.728   33)
T55E4 066:833.752    -- PC=0x402073C0
T55E4 066:833.780 - 0.089ms returns 0
T55E4 066:833.804 JLINK_ReadRegs_64(NumRegs = 1, Indexes: 
T55E4 066:833.824   41)
T55E4 066:833.848    -- CPSR=0x6000000D
T55E4 066:833.876 - 0.071ms returns 0
T55E4 066:833.896 JLINK_IsHalted()
T55E4 066:833.928 - 0.033ms returns TRUE
T55E4 066:833.944 JLINK_ReadRegs_64(NumRegs = 1, Indexes: 
T55E4 066:833.964   41)
T55E4 066:833.992    -- CPSR=0x6000000D
T55E4 066:834.016 - 0.066ms returns 0
T55E4 066:834.036 JLINK_ReadRegs_64(NumRegs = 1, Indexes: 
T55E4 066:834.048   33)
T55E4 066:834.072    -- PC=0x402073C0
T55E4 066:834.100 - 0.065ms returns 0
T55E4 066:834.120 JLINK_ReadRegs_64(NumRegs = 1, Indexes: 
T55E4 066:834.136   41)
T55E4 066:834.156    -- CPSR=0x6000000D
T55E4 066:834.184 - 0.067ms returns 0
T55E4 066:834.856 JLINK_IsHalted()
T55E4 066:834.892 - 0.039ms returns TRUE
T55E4 066:834.912 JLINK_ReadRegs_64(NumRegs = 1, Indexes: 
T55E4 066:834.924   33)
T55E4 066:834.952    -- PC=0x402073C0
T55E4 066:834.976 - 0.064ms returns 0
T55E4 066:834.996 JLINK_ReadRegs_64(NumRegs = 1, Indexes: 
T55E4 066:835.008   41)
T55E4 066:835.032    -- CPSR=0x6000000D
T55E4 066:835.052 - 0.061ms returns 0
T55E4 066:835.072 JLINK_ReadRegs_64(NumRegs = 1, Indexes: 
T55E4 066:835.084   33)
T55E4 066:835.112    -- PC=0x402073C0
T55E4 066:835.136 - 0.062ms returns 0
T55E4 066:835.148 JLINK_ReadRegs_64(NumRegs = 1, Indexes: 
T55E4 066:835.168   41)
T55E4 066:835.188    -- CPSR=0x6000000D
T55E4 066:835.212 - 0.061ms returns 0
T55E4 066:835.232 JLINK_IsHalted()
T55E4 066:835.252 - 0.021ms returns TRUE
T55E4 066:835.272 JLINK_ReadRegs_64(NumRegs = 1, Indexes: 
T55E4 066:835.284   41)
T55E4 066:835.308    -- CPSR=0x6000000D
T55E4 066:835.336 - 0.062ms returns 0
T55E4 066:835.352 JLINK_ReadRegs_64(NumRegs = 1, Indexes: 
T55E4 066:835.368   33)
T55E4 066:835.392    -- PC=0x402073C0
T55E4 066:835.412 - 0.062ms returns 0
T55E4 066:835.432 JLINK_ReadRegs_64(NumRegs = 1, Indexes: 
T55E4 066:835.444   41)
T55E4 066:835.468    -- CPSR=0x6000000D
T55E4 066:835.496 - 0.062ms returns 0
T55E4 066:836.300 JLINK_ReadRegs_64(NumRegs = 49, Indexes: 
T55E4 066:836.344   0, 
T55E4 066:836.384   1, 
T55E4 066:836.408   2, 
T55E4 066:836.436   3, 
T55E4 066:836.456   4, 
T55E4 066:836.480   5, 
T55E4 066:836.500   6, 
T55E4 066:836.524   7, 
T55E4 066:836.544   8, 
T55E4 066:836.568   9, 
T55E4 066:836.596   10, 
T55E4 066:836.616   11, 
T55E4 066:836.640   12, 
T55E4 066:836.660   13, 
T55E4 066:836.684   14, 
T55E4 066:836.704   15, 
T55E4 066:836.728   16, 
T55E4 066:836.756   17, 
T55E4 066:836.776   18, 
T55E4 066:836.800   19, 
T55E4 066:836.824   20, 
T55E4 066:836.852   21, 
T55E4 066:836.872   22, 
T55E4 066:836.896   23, 
T55E4 066:836.916   24, 
T55E4 066:836.940   25, 
T55E4 066:836.968   26, 
T55E4 066:836.984   27, 
T55E4 066:837.012   28, 
T55E4 066:837.036   29, 
T55E4 066:837.056   30, 
T55E4 066:837.080   31, 
T55E4 066:837.100   32, 
T55E4 066:837.128   33, 
T55E4 066:837.152   34, 
T55E4 066:837.172   35, 
T55E4 066:837.196   36, 
T55E4 066:837.216   37, 
T55E4 066:837.240   38, 
T55E4 066:837.268   39, 
T55E4 066:837.288   40, 
T55E4 066:837.312   41, 
T55E4 066:837.332   42, 
T55E4 066:837.356   43, 
T55E4 066:837.376   44, 
T55E4 066:837.400   45, 
T55E4 066:837.428   46, 
T55E4 066:837.448   47, 
T55E4 066:837.472   48)
T55E4 066:837.512   
 -- R0=0x401815, R1=0x01, R2=0x00, R3=0xFFFFFFFFFFFFFFFF, R4=0x06, R5=0x200, R6=0x200000, R7=0xFFFFFFC0, R8=0x01, R9=0xFFFFFFFFF0000000, R10=0x04, R11=0x02, R12=0xB8, R13=0x80000014, R14=0x1006007C, R15=0x04, R16=0x10000000, R17=0x40, R18=0x1B618, R19=0x12064, R20=0x1A030, R21=0x00, R22=0x00, R23=0x00, R24=0x00, R25=0x00, R26=0x00, R27=0x00, R28=0x00, R29=0x00, R30=0x40202CD0, R31=0x00, SP=0x404F5B40, PC=0x402073C0, ELR_EL1=0x00, ELR_EL2=0x00, ELR_EL3=0x40200000, SP_EL0=0x1B680, SP_EL1=0x00, SP_EL2=0x00, SP_EL3=0x404F5B40, CPSR=0x6000000D, SPSR_abt=0xFEDFDFFF, SPSR_EL1=0xFEFFFFFF, SPSR_EL2=0xEEFFFFFE, SPSR_EL3=0x3CD, SPSR_fiq=0xFEDFFBFF, SPSR_irq=0xE6DFFFFF, SPSR_und=0xFEDFFFFF

T55E4 066:837.548 - 1.245ms returns 0
T55E4 066:838.824 JLINK_ReadMem(0x402073C0, 0x4 Bytes, ...)
T55E4 066:838.912   CPU_ReadMem(64 bytes @ 0x402073C0)
T55E4 066:841.128    -- Updating DA cache (64 bytes @ 0x402073C0)
T55E4 066:841.192    -- Read from DA cache (4 bytes @ 0x402073C0)
T55E4 066:841.216   Data:  FD 7B BF A9
T55E4 066:841.240 - 2.415ms returns 0
T55E4 066:842.668 JLINK_ClrBPEx(BPHandle = 0x00000002)
T55E4 066:842.744 - 0.072ms returns 0x00
T55E4 066:854.968 JLINK_ReadMem(0x402073C0, 0x4 Bytes, ...)
T55E4 066:855.060    -- Read from DA cache (4 bytes @ 0x402073C0)
T55E4 066:855.092   Data:  FD 7B BF A9
T55E4 066:855.124 - 0.157ms returns 0
T55E4 069:370.808 JLINK_STRACE_Read(..., NumItems = 0x10000)
T55E4 069:370.896 - 0.079ms NumItemsRead = 0x00
T55E4 069:370.912 JLINK_IsHalted()
T55E4 069:371.464 - 0.550ms returns TRUE
T55E4 069:371.520 JLINK_STRACE_Read(..., NumItems = 0x10000)
T55E4 069:371.544 - 0.022ms NumItemsRead = 0x00
T55E4 069:371.568 JLINK_GoEx(MaxEmulInsts = 0, Flags = 0x01)
T55E4 069:376.064 - 4.502ms
T55E4 069:481.400 JLINK_IsHalted()
T55E4 069:481.888 - 0.486ms returns FALSE
T55E4 069:481.936 JLINK_IsHalted()
T55E4 069:482.320 - 0.385ms returns FALSE
T55E4 069:590.896 JLINK_IsHalted()
T55E4 069:591.464 - 0.566ms returns FALSE
T55E4 069:591.536 JLINK_IsHalted()
T55E4 069:592.016 - 0.471ms returns FALSE
T55E4 069:700.176 JLINK_IsHalted()
T55E4 069:700.688 - 0.515ms returns FALSE
T55E4 069:700.752 JLINK_IsHalted()
T55E4 069:701.256 - 0.500ms returns FALSE
T55E4 069:809.904 JLINK_IsHalted()
T55E4 069:810.424 - 0.517ms returns FALSE
T55E4 069:810.472 JLINK_IsHalted()
T55E4 069:810.856 - 0.382ms returns FALSE
T55E4 069:919.160 JLINK_IsHalted()
T55E4 069:919.584 - 0.422ms returns FALSE
T55E4 069:919.624 JLINK_IsHalted()
T55E4 069:919.984 - 0.366ms returns FALSE
T55E4 070:028.528 JLINK_IsHalted()
T55E4 070:029.016 - 0.491ms returns FALSE
T55E4 070:029.072 JLINK_IsHalted()
T55E4 070:029.440 - 0.362ms returns FALSE
T55E4 070:137.584 JLINK_IsHalted()
T55E4 070:138.000 - 0.417ms returns FALSE
T55E4 070:138.024 JLINK_IsHalted()
T55E4 070:138.312 - 0.287ms returns FALSE
T55E4 070:246.776 JLINK_IsHalted()
T55E4 070:247.280 - 0.500ms returns FALSE
T55E4 070:247.312 JLINK_IsHalted()
T55E4 070:247.896 - 0.579ms returns FALSE
T55E4 070:356.272 JLINK_IsHalted()
T55E4 070:356.688 - 0.425ms returns FALSE
T55E4 070:356.752 JLINK_IsHalted()
T55E4 070:357.160 - 0.411ms returns FALSE
T5420 070:375.312 JLINK_IsHalted()
T5420 070:375.776 - 0.464ms returns FALSE
T5420 070:375.824 JLINK_IsHalted()
T5420 070:376.256 - 0.421ms returns FALSE
T55E4 070:466.160 JLINK_IsHalted()
T55E4 070:466.648 - 0.494ms returns FALSE
T55E4 070:466.696 JLINK_IsHalted()
T55E4 070:467.048 - 0.349ms returns FALSE
T55E4 070:575.288 JLINK_IsHalted()
T55E4 070:575.744 - 0.451ms returns FALSE
T55E4 070:575.800 JLINK_IsHalted()
T55E4 070:576.272 - 0.467ms returns FALSE
T55E4 070:685.136 JLINK_IsHalted()
T55E4 070:685.616 - 0.483ms returns FALSE
T55E4 070:685.648 JLINK_IsHalted()
T55E4 070:686.248 - 0.591ms returns FALSE
T55E4 070:793.752 JLINK_IsHalted()
T55E4 070:794.376 - 0.624ms returns FALSE
T55E4 070:794.464 JLINK_IsHalted()
T55E4 070:794.928 - 0.466ms returns FALSE
T55E4 070:903.736 JLINK_IsHalted()
T55E4 070:904.264 - 0.524ms returns FALSE
T55E4 070:904.304 JLINK_IsHalted()
T55E4 070:904.784 - 0.484ms returns FALSE
T55E4 071:012.960 JLINK_IsHalted()
T55E4 071:013.312 - 0.352ms returns FALSE
T55E4 071:013.328 JLINK_IsHalted()
T55E4 071:013.616 - 0.286ms returns FALSE
T55E4 071:121.736 JLINK_IsHalted()
T55E4 071:122.256 - 0.515ms returns FALSE
T55E4 071:122.288 JLINK_IsHalted()
T55E4 071:122.688 - 0.392ms returns FALSE
T55E4 071:231.792 JLINK_IsHalted()
T55E4 071:232.256 - 0.469ms returns FALSE
T55E4 071:232.304 JLINK_IsHalted()
T55E4 071:232.672 - 0.372ms returns FALSE
T55E4 071:340.624 JLINK_IsHalted()
T55E4 071:341.128 - 0.505ms returns FALSE
T55E4 071:341.168 JLINK_IsHalted()
T55E4 071:341.552 - 0.386ms returns FALSE
T5420 071:377.320 JLINK_IsHalted()
T5420 071:377.824 - 0.501ms returns FALSE
T5420 071:377.872 JLINK_IsHalted()
T5420 071:378.232 - 0.365ms returns FALSE
T55E4 071:449.792 JLINK_IsHalted()
T55E4 071:450.384 - 0.596ms returns FALSE
T55E4 071:450.472 JLINK_IsHalted()
T55E4 071:450.880 - 0.411ms returns FALSE
T55E4 071:559.928 JLINK_IsHalted()
T55E4 071:560.400 - 0.470ms returns FALSE
T55E4 071:560.440 JLINK_IsHalted()
T55E4 071:560.896 - 0.448ms returns FALSE
T55E4 071:669.248 JLINK_IsHalted()
T55E4 071:669.736 - 0.489ms returns FALSE
T55E4 071:669.792 JLINK_IsHalted()
T55E4 071:670.160 - 0.366ms returns FALSE
T55E4 071:778.096 JLINK_IsHalted()
T55E4 071:778.616 - 0.516ms returns FALSE
T55E4 071:778.680 JLINK_IsHalted()
T55E4 071:779.328 - 0.650ms returns FALSE
T55E4 071:887.656 JLINK_IsHalted()
T55E4 071:888.272 - 0.612ms returns FALSE
T55E4 071:888.352 JLINK_IsHalted()
T55E4 071:888.800 - 0.452ms returns FALSE
T55E4 071:996.624 JLINK_IsHalted()
T55E4 071:997.136 - 0.516ms returns FALSE
T55E4 071:997.192 JLINK_IsHalted()
T55E4 071:997.680 - 0.490ms returns FALSE
T55E4 072:106.904 JLINK_IsHalted()
T55E4 072:107.400 - 0.495ms returns FALSE
T55E4 072:107.440 JLINK_IsHalted()
T55E4 072:107.824 - 0.375ms returns FALSE
T55E4 072:216.072 JLINK_IsHalted()
T55E4 072:216.560 - 0.490ms returns FALSE
T55E4 072:216.600 JLINK_IsHalted()
T55E4 072:217.120 - 0.518ms returns FALSE
T55E4 072:325.360 JLINK_IsHalted()
T55E4 072:325.848 - 0.490ms returns FALSE
T55E4 072:325.912 JLINK_IsHalted()
T55E4 072:326.272 - 0.358ms returns FALSE
T5420 072:379.248 JLINK_IsHalted()
T5420 072:379.784 - 0.537ms returns FALSE
T5420 072:379.824 JLINK_IsHalted()
T5420 072:380.240 - 0.424ms returns FALSE
T55E4 072:434.576 JLINK_IsHalted()
T55E4 072:435.216 - 0.642ms returns FALSE
T55E4 072:435.312 JLINK_IsHalted()
T55E4 072:435.856 - 0.543ms returns FALSE
T55E4 072:543.888 JLINK_IsHalted()
T55E4 072:544.496 - 0.612ms returns FALSE
T55E4 072:544.584 JLINK_IsHalted()
T55E4 072:545.064 - 0.477ms returns FALSE
T55E4 072:652.944 JLINK_IsHalted()
T55E4 072:653.688 - 0.741ms returns FALSE
T55E4 072:653.776 JLINK_IsHalted()
T55E4 072:654.360 - 0.583ms returns FALSE
T5ADC 073:221.392 JLINK_Halt()
T5ADC 073:230.296 - 8.910ms returns 0x00
T5ADC 073:230.352 JLINK_ReadRegs_64(NumRegs = 1, Indexes: 
T5ADC 073:230.376   41)
T5ADC 073:230.400    -- CPSR=0x6000000C
T5ADC 073:230.424 - 0.068ms returns 0
T5ADC 073:237.536 JLINK_Close()
T5ADC 073:253.216 - 15.681ms
T5ADC 073:253.288   
T5ADC 073:253.320   Closed
